#
# There is insufficient memory for the Java Runtime Environment to continue.
# Native memory allocation (mmap) failed to map 515899392 bytes. Error detail: G1 virtual space
# Possible reasons:
#   The system is out of physical RAM or swap space
#   This process is running with CompressedOops enabled, and the Java Heap may be blocking the growth of the native heap
# Possible solutions:
#   Reduce memory load on the system
#   Increase physical memory or swap space
#   Check if swap backing store is full
#   Decrease Java heap size (-Xmx/-Xms)
#   Decrease number of Java threads
#   Decrease Java thread stack sizes (-Xss)
#   Set larger code cache with -XX:ReservedCodeCacheSize=
#   JVM is running with Unscaled Compressed Oops mode in which the Java heap is
#     placed in the first 4GB address space. The Java Heap base address is the
#     maximum limit for the native heap growth. Please use -XX:HeapBaseMinAddress
#     to set the Java Heap base and to place the Java Heap above 4GB virtual address.
# This output file may be truncated or incomplete.
#
#  Out of Memory Error (os_windows.cpp:3618), pid=20396, tid=18840
#
# JRE version: OpenJDK Runtime Environment Temurin-17.0.19+10 (17.0.19+10) (build 17.0.19+10)
# Java VM: OpenJDK 64-Bit Server VM Temurin-17.0.19+10 (17.0.19+10, mixed mode, sharing, tiered, compressed oops, compressed class ptrs, g1 gc, windows-amd64)
# No core dump will be written. Minidumps are not enabled by default on client versions of Windows
#

---------------  S U M M A R Y ------------

Command Line: --add-opens=java.base/java.lang=ALL-UNNAMED --add-opens=java.base/java.lang.invoke=ALL-UNNAMED --add-opens=java.base/java.util=ALL-UNNAMED --add-opens=java.prefs/java.util.prefs=ALL-UNNAMED --add-exports=jdk.compiler/com.sun.tools.javac.api=ALL-UNNAMED --add-exports=jdk.compiler/com.sun.tools.javac.util=ALL-UNNAMED --add-opens=java.base/java.util=ALL-UNNAMED --add-opens=java.prefs/java.util.prefs=ALL-UNNAMED --add-opens=java.base/java.nio.charset=ALL-UNNAMED --add-opens=java.base/java.net=ALL-UNNAMED --add-opens=java.base/java.util.concurrent.atomic=ALL-UNNAMED --add-opens=java.xml/javax.xml.namespace=ALL-UNNAMED -Xmx2048m -Dfile.encoding=UTF-8 -Djava.io.tmpdir=C:/Temp -Duser.country=US -Duser.language=en -Duser.variant -javaagent:C:\Users\JoyRaptor\.gradle\wrapper\dists\gradle-8.13-bin\5xuhj0ry160q40clulazy9h7d\gradle-8.13\lib\agents\gradle-instrumentation-agent-8.13.jar org.gradle.launcher.daemon.bootstrap.GradleDaemon 8.13

Host: 13th Gen Intel(R) Core(TM) i7-1360P, 16 cores, 15G,  Windows 11 , 64 bit Build 22621 (10.0.22621.3958)
Time: Fri Jun 19 00:23:16 2026 Eastern Daylight Time elapsed time: 26.155949 seconds (0d 0h 0m 26s)

---------------  T H R E A D  ---------------

Current thread (0x0000022b2cb0adf0):  VMThread "VM Thread" [stack: 0x000000868ef00000,0x000000868f000000] [id=18840]

Stack: [0x000000868ef00000,0x000000868f000000]
Native frames: (J=compiled Java code, j=interpreted, Vv=VM code, C=native code)
V  [jvm.dll+0x684b29]
V  [jvm.dll+0x83a2d5]
V  [jvm.dll+0x83bd4e]
V  [jvm.dll+0x83c3d3]
V  [jvm.dll+0x24905f]
V  [jvm.dll+0x6818e9]
V  [jvm.dll+0x6766ea]
V  [jvm.dll+0x3093b7]
V  [jvm.dll+0x3109a6]
V  [jvm.dll+0x360f1e]
V  [jvm.dll+0x36115d]
V  [jvm.dll+0x2e043c]
V  [jvm.dll+0x2de812]
V  [jvm.dll+0x2ddfac]
V  [jvm.dll+0x320c6b]
V  [jvm.dll+0x840bed]
V  [jvm.dll+0x841923]
V  [jvm.dll+0x841e4f]
V  [jvm.dll+0x842235]
V  [jvm.dll+0x8422fe]
V  [jvm.dll+0x7eaf1c]
V  [jvm.dll+0x6839f7]
C  [ucrtbase.dll+0x29333]
C  [KERNEL32.DLL+0x1257d]
C  [ntdll.dll+0x5af08]

VM_Operation (0x000000869e2fb890): G1CollectForAllocation, mode: safepoint, requested by thread 0x0000022b794af8f0


---------------  P R O C E S S  ---------------

Threads class SMR info:
_java_thread_list=0x0000022b797465d0, length=245, elements={
0x0000022b0db236b0, 0x0000022b2cb56830, 0x0000022b2cb5bc40, 0x0000022b2cb6e0f0,
0x0000022b2cb70dd0, 0x0000022b2cb716a0, 0x0000022b2cb71f70, 0x0000022b2cb72c20,
0x0000022b2cb7cf50, 0x0000022b2cb85c40, 0x0000022b2cc27f60, 0x0000022b2caf8970,
0x0000022b2cc7d2e0, 0x0000022b2cc7f960, 0x0000022b2cdd5aa0, 0x0000022b73107b50,
0x0000022b7403a020, 0x0000022b7403a500, 0x0000022b73440f70, 0x0000022b739cdbd0,
0x0000022b738a8f90, 0x0000022b738a8570, 0x0000022b738a94a0, 0x0000022b738a8a80,
0x0000022b738aa3d0, 0x0000022b738a99b0, 0x0000022b738ab300, 0x0000022b738a8060,
0x0000022b738a9ec0, 0x0000022b738aa8e0, 0x0000022b738aadf0, 0x0000022b769084a0,
0x0000022b76907a80, 0x0000022b769098e0, 0x0000022b7690c160, 0x0000022b769089b0,
0x0000022b7690bc50, 0x0000022b7690ad20, 0x0000022b7690cb80, 0x0000022b76909df0,
0x0000022b7690c670, 0x0000022b76907060, 0x0000022b76907570, 0x0000022b76907f90,
0x0000022b7690a300, 0x0000022b76908ec0, 0x0000022b7690d090, 0x0000022b7690b230,
0x0000022b769093d0, 0x0000022b7690b740, 0x0000022b7690e4d0, 0x0000022b7690d5a0,
0x0000022b7690dab0, 0x0000022b7690dfc0, 0x0000022b7690e9e0, 0x0000022b77e30910,
0x0000022b77e2c740, 0x0000022b77e2e090, 0x0000022b77e30400, 0x0000022b77e2bd20,
0x0000022b77e30e20, 0x0000022b77e2b300, 0x0000022b77e2db80, 0x0000022b7574fed0,
0x0000022b796e1480, 0x0000022b77e2a8e0, 0x0000022b77e2e5a0, 0x0000022b77e2efc0,
0x0000022b76496180, 0x0000022b76496690, 0x0000022b757503e0, 0x0000022b768ec6a0,
0x0000022b7574ea90, 0x0000022b7574efa0, 0x0000022b7574f4b0, 0x0000022b7574f9c0,
0x0000022b78dc0d70, 0x0000022b78dc0860, 0x0000022b78dc1790, 0x0000022b78dc1280,
0x0000022b79f86090, 0x0000022b751b9410, 0x0000022b796e1990, 0x0000022b79f86ab0,
0x0000022b7a2863d0, 0x0000022b78a89bf0, 0x0000022b77e29ec0, 0x0000022b78a8b030,
0x0000022b77e2adf0, 0x0000022b78a8b540, 0x0000022b77e31330, 0x0000022b78a8a100,
0x0000022b77e2eab0, 0x0000022b78a8a610, 0x0000022b77e2c230, 0x0000022b7a2868e0,
0x0000022b2cbf5e10, 0x0000022b768ec190, 0x0000022b7a2859b0, 0x0000022b77e2cc50,
0x0000022b76fc0090, 0x0000022b77e2b810, 0x0000022b76fc05a0, 0x0000022b7333bc80,
0x0000022b7a285ec0, 0x0000022b7333ad50, 0x0000022b7a284f90, 0x0000022b78dc1ca0,
0x0000022b7a2854a0, 0x0000022b771716e0, 0x0000022b79778490, 0x0000022b77171bf0,
0x0000022b76495760, 0x0000022b755fe5f0, 0x0000022b76fc0fc0, 0x0000022b76fbfb80,
0x0000022b76fbf670, 0x0000022b76fc0ab0, 0x0000022b74f66df0, 0x0000022b751b89f0,
0x0000022b751b9920, 0x0000022b751b8f00, 0x0000022b74f65ec0, 0x0000022b74f67810,
0x0000022b74f654a0, 0x0000022b74f67d20, 0x0000022b74f68230, 0x0000022b74f68740,
0x0000022b78dc0350, 0x0000022b763b32a0, 0x0000022b763b1e60, 0x0000022b763b0f30,
0x0000022b763b3cc0, 0x0000022b763b2370, 0x0000022b763b1440, 0x0000022b763b46e0,
0x0000022b763b41d0, 0x0000022b79f86fc0, 0x0000022b79f874d0, 0x0000022b79f879e0,
0x0000022b79f865a0, 0x0000022b722dc850, 0x0000022b722d95b0, 0x0000022b722da9f0,
0x0000022b722dcd60, 0x0000022b722d9ac0, 0x0000022b722daf00, 0x0000022b722da4e0,
0x0000022b722dbe30, 0x0000022b722db410, 0x0000022b722d9fd0, 0x0000022b722db920,
0x0000022b7a059850, 0x0000022b7a058920, 0x0000022b7a059d60, 0x0000022b7a057f00,
0x0000022b7a05b1a0, 0x0000022b7a05a780, 0x0000022b797789a0, 0x0000022b79778eb0,
0x0000022b79777a70, 0x0000022b79777f80, 0x0000022b79777560, 0x0000022b79775700,
0x0000022b79775c10, 0x0000022b79776120, 0x0000022b79776630, 0x0000022b79776b40,
0x0000022b79777050, 0x0000022b756707a0, 0x0000022b780509f0, 0x0000022b7804ffd0,
0x0000022b780504e0, 0x0000022b78b895c0, 0x0000022b78b88180, 0x0000022b78b890b0,
0x0000022b78b86d40, 0x0000022b78b88690, 0x0000022b78b88ba0, 0x0000022b78b85e10,
0x0000022b78b86320, 0x0000022b7566f870, 0x0000022b796e0f70, 0x0000022b796e23b0,
0x0000022b796e1ea0, 0x0000022b796e0a60, 0x0000022b78b60cb0, 0x0000022b78b5d500,
0x0000022b78b5fd80, 0x0000022b78b60290, 0x0000022b78b5e940, 0x0000022b78b5ee50,
0x0000022b78b5f360, 0x0000022b78b5f870, 0x0000022b78b5da10, 0x0000022b78b607a0,
0x0000022b78b5df20, 0x0000022b78b5e430, 0x0000022b794afe00, 0x0000022b794b0820,
0x0000022b74f659b0, 0x0000022b74f663d0, 0x0000022b74f668e0, 0x0000022b74f67300,
0x0000022b74f64f90, 0x0000022b78a8ab20, 0x0000022b77c2aac0, 0x0000022b77c2afd0,
0x0000022b77c2a5b0, 0x0000022b77c2b4e0, 0x0000022b7a058e30, 0x0000022b7a05ac90,
0x0000022b7a05a270, 0x0000022b7a059340, 0x0000022b7a05b6b0, 0x0000022b7a058410,
0x0000022b756711c0, 0x0000022b75672b10, 0x0000022b794adfa0, 0x0000022b794b0d30,
0x0000022b794ae4b0, 0x0000022b794b1750, 0x0000022b794b0310, 0x0000022b794ae9c0,
0x0000022b794b1240, 0x0000022b794af8f0, 0x0000022b763b2d90, 0x0000022b2cbf5900,
0x0000022b2cbf6320, 0x0000022b76d97c50, 0x0000022b76d96d20, 0x0000022b76d97230,
0x0000022b76d97740, 0x0000022b76d944a0, 0x0000022b76d949b0, 0x0000022b751b84e0,
0x0000022b722dc340, 0x0000022b75d0c7f0, 0x0000022b77e31840, 0x0000022b77e2a3d0,
0x0000022b77e2d160, 0x0000022b77e2d670, 0x0000022b77e2f4d0, 0x0000022b78ad97c0,
0x0000022b75d0aea0
}

Java Threads: ( => current thread )
  0x0000022b0db236b0 JavaThread "main" [_thread_blocked, id=33120, stack(0x000000868e900000,0x000000868ea00000)]
  0x0000022b2cb56830 JavaThread "Reference Handler" daemon [_thread_blocked, id=53596, stack(0x000000868f000000,0x000000868f100000)]
  0x0000022b2cb5bc40 JavaThread "Finalizer" daemon [_thread_blocked, id=55356, stack(0x000000868f100000,0x000000868f200000)]
  0x0000022b2cb6e0f0 JavaThread "Signal Dispatcher" daemon [_thread_blocked, id=48988, stack(0x000000868f200000,0x000000868f300000)]
  0x0000022b2cb70dd0 JavaThread "Attach Listener" daemon [_thread_blocked, id=44168, stack(0x000000868f300000,0x000000868f400000)]
  0x0000022b2cb716a0 JavaThread "Service Thread" daemon [_thread_blocked, id=7724, stack(0x000000868f400000,0x000000868f500000)]
  0x0000022b2cb71f70 JavaThread "Monitor Deflation Thread" daemon [_thread_blocked, id=27068, stack(0x000000868f500000,0x000000868f600000)]
  0x0000022b2cb72c20 JavaThread "C2 CompilerThread0" daemon [_thread_in_native, id=16216, stack(0x000000868f600000,0x000000868f700000)]
  0x0000022b2cb7cf50 JavaThread "C1 CompilerThread0" daemon [_thread_blocked, id=38492, stack(0x000000868f700000,0x000000868f800000)]
  0x0000022b2cb85c40 JavaThread "Sweeper thread" daemon [_thread_blocked, id=43624, stack(0x000000868f800000,0x000000868f900000)]
  0x0000022b2cc27f60 JavaThread "C1 CompilerThread1" daemon [_thread_blocked, id=46440, stack(0x000000868f900000,0x000000868fa00000)]
  0x0000022b2caf8970 JavaThread "Common-Cleaner" daemon [_thread_blocked, id=14484, stack(0x000000868fa00000,0x000000868fb00000)]
  0x0000022b2cc7d2e0 JavaThread "C1 CompilerThread2" daemon [_thread_blocked, id=54296, stack(0x000000868fb00000,0x000000868fc00000)]
  0x0000022b2cc7f960 JavaThread "C1 CompilerThread3" daemon [_thread_blocked, id=12168, stack(0x000000868fc00000,0x000000868fd00000)]
  0x0000022b2cdd5aa0 JavaThread "Notification Thread" daemon [_thread_blocked, id=26648, stack(0x000000868fe00000,0x000000868ff00000)]
  0x0000022b73107b50 JavaThread "Daemon health stats" [_thread_blocked, id=50312, stack(0x0000008690900000,0x0000008690a00000)]
  0x0000022b7403a020 JavaThread "Incoming local TCP Connector on port 4954" [_thread_in_native, id=52900, stack(0x0000008690a00000,0x0000008690b00000)]
  0x0000022b7403a500 JavaThread "Daemon periodic checks" [_thread_blocked, id=47360, stack(0x0000008690b00000,0x0000008690c00000)]
  0x0000022b73440f70 JavaThread "Daemon" [_thread_blocked, id=7900, stack(0x0000008690100000,0x0000008690200000)]
  0x0000022b739cdbd0 JavaThread "Handler for socket connection from /127.0.0.1:4954 to /127.0.0.1:4955" [_thread_in_native, id=45432, stack(0x0000008690c00000,0x0000008690d00000)]
  0x0000022b738a8f90 JavaThread "Cancel handler" [_thread_blocked, id=44044, stack(0x0000008690d00000,0x0000008690e00000)]
  0x0000022b738a8570 JavaThread "Daemon worker" [_thread_blocked, id=37936, stack(0x0000008690e00000,0x0000008690f00000)]
  0x0000022b738a94a0 JavaThread "Asynchronous log dispatcher for DefaultDaemonConnection: socket connection from /127.0.0.1:4954 to /127.0.0.1:4955" [_thread_blocked, id=15108, stack(0x0000008690f00000,0x0000008691000000)]
  0x0000022b738a8a80 JavaThread "Stdin handler" [_thread_blocked, id=33032, stack(0x0000008691000000,0x0000008691100000)]
  0x0000022b738aa3d0 JavaThread "Daemon client event forwarder" [_thread_blocked, id=30128, stack(0x0000008691100000,0x0000008691200000)]
  0x0000022b738a99b0 JavaThread "Cache worker for journal cache (C:\Users\JoyRaptor\.gradle\caches\journal-1)" [_thread_blocked, id=44988, stack(0x0000008691200000,0x0000008691300000)]
  0x0000022b738ab300 JavaThread "File lock request listener" [_thread_in_native, id=45844, stack(0x0000008691300000,0x0000008691400000)]
  0x0000022b738a8060 JavaThread "Cache worker for file hash cache (C:\Users\JoyRaptor\.gradle\caches\8.13\fileHashes)" [_thread_blocked, id=25680, stack(0x0000008691400000,0x0000008691500000)]
  0x0000022b738a9ec0 JavaThread "Cache worker for file hash cache (C:\+Projects\Screenrecorder\FadCam\.gradle\8.13\fileHashes)" [_thread_blocked, id=47804, stack(0x0000008690000000,0x0000008690100000)]
  0x0000022b738aa8e0 JavaThread "Cache worker for checksums cache (C:\+Projects\Screenrecorder\FadCam\.gradle\8.13\checksums)" [_thread_blocked, id=30044, stack(0x0000008691500000,0x0000008691600000)]
  0x0000022b738aadf0 JavaThread "Cache worker for Build Output Cleanup Cache (C:\+Projects\Screenrecorder\FadCam\.gradle\buildOutputCleanup)" [_thread_blocked, id=10892, stack(0x0000008691d00000,0x0000008691e00000)]
  0x0000022b769084a0 JavaThread "Cache worker for file content cache (C:\Users\JoyRaptor\.gradle\caches\8.13\fileContent)" [_thread_blocked, id=43956, stack(0x0000008691f00000,0x0000008692000000)]
  0x0000022b76907a80 JavaThread "File watcher server" daemon [_thread_blocked, id=52596, stack(0x0000008692000000,0x0000008692100000)]
  0x0000022b769098e0 JavaThread "File watcher consumer" daemon [_thread_blocked, id=46992, stack(0x0000008692100000,0x0000008692200000)]
  0x0000022b7690c160 JavaThread "Build operations" [_thread_blocked, id=53928, stack(0x0000008692200000,0x0000008692300000)]
  0x0000022b769089b0 JavaThread "Build operations Thread 2" [_thread_blocked, id=6156, stack(0x0000008692300000,0x0000008692400000)]
  0x0000022b7690bc50 JavaThread "Build operations Thread 3" [_thread_blocked, id=8532, stack(0x0000008692400000,0x0000008692500000)]
  0x0000022b7690ad20 JavaThread "Build operations Thread 4" [_thread_blocked, id=19464, stack(0x0000008692500000,0x0000008692600000)]
  0x0000022b7690cb80 JavaThread "Build operations Thread 5" [_thread_blocked, id=5024, stack(0x0000008692600000,0x0000008692700000)]
  0x0000022b76909df0 JavaThread "Memory manager" [_thread_blocked, id=24252, stack(0x0000008692700000,0x0000008692800000)]
  0x0000022b7690c670 JavaThread "Cache worker for Build Output Cleanup Cache (C:\+Projects\Screenrecorder\media3-patched\.gradle\buildOutputCleanup)" [_thread_blocked, id=30796, stack(0x0000008692800000,0x0000008692900000)]
  0x0000022b76907060 JavaThread "build event listener" [_thread_blocked, id=32824, stack(0x0000008692a00000,0x0000008692b00000)]
  0x0000022b76907570 JavaThread "Build operations Thread 6" [_thread_blocked, id=17204, stack(0x0000008692900000,0x0000008692a00000)]
  0x0000022b76907f90 JavaThread "Build operations Thread 7" [_thread_blocked, id=51668, stack(0x0000008692b00000,0x0000008692c00000)]
  0x0000022b7690a300 JavaThread "Build operations Thread 8" [_thread_blocked, id=44024, stack(0x0000008692c00000,0x0000008692d00000)]
  0x0000022b76908ec0 JavaThread "Build operations Thread 9" [_thread_blocked, id=8692, stack(0x0000008692d00000,0x0000008692e00000)]
  0x0000022b7690d090 JavaThread "included builds" [_thread_blocked, id=56172, stack(0x0000008692e00000,0x0000008692f00000)]
  0x0000022b7690b230 JavaThread "included builds Thread 2" [_thread_blocked, id=8104, stack(0x0000008692f00000,0x0000008693000000)]
  0x0000022b769093d0 JavaThread "Execution worker" [_thread_blocked, id=17512, stack(0x0000008693000000,0x0000008693100000)]
  0x0000022b7690b740 JavaThread "Execution worker Thread 2" [_thread_blocked, id=55716, stack(0x0000008693100000,0x0000008693200000)]
  0x0000022b7690e4d0 JavaThread "Execution worker Thread 3" [_thread_blocked, id=22608, stack(0x0000008693200000,0x0000008693300000)]
  0x0000022b7690d5a0 JavaThread "Execution worker Thread 4" [_thread_blocked, id=39684, stack(0x0000008693300000,0x0000008693400000)]
  0x0000022b7690dab0 JavaThread "Execution worker Thread 5" [_thread_blocked, id=51384, stack(0x0000008693400000,0x0000008693500000)]
  0x0000022b7690dfc0 JavaThread "Execution worker Thread 6" [_thread_blocked, id=24996, stack(0x0000008693500000,0x0000008693600000)]
  0x0000022b7690e9e0 JavaThread "Execution worker Thread 7" [_thread_blocked, id=49304, stack(0x0000008693600000,0x0000008693700000)]
  0x0000022b77e30910 JavaThread "Execution worker Thread 8" [_thread_blocked, id=41648, stack(0x0000008693700000,0x0000008693800000)]
  0x0000022b77e2c740 JavaThread "Execution worker Thread 9" [_thread_blocked, id=34672, stack(0x0000008693800000,0x0000008693900000)]
  0x0000022b77e2e090 JavaThread "Execution worker Thread 10" [_thread_blocked, id=45612, stack(0x0000008693900000,0x0000008693a00000)]
  0x0000022b77e30400 JavaThread "Execution worker Thread 11" [_thread_blocked, id=33804, stack(0x0000008693a00000,0x0000008693b00000)]
  0x0000022b77e2bd20 JavaThread "Execution worker Thread 12" [_thread_blocked, id=51720, stack(0x0000008693b00000,0x0000008693c00000)]
  0x0000022b77e30e20 JavaThread "Execution worker Thread 13" [_thread_blocked, id=45456, stack(0x0000008693c00000,0x0000008693d00000)]
  0x0000022b77e2b300 JavaThread "Execution worker Thread 14" [_thread_blocked, id=2076, stack(0x0000008693d00000,0x0000008693e00000)]
  0x0000022b77e2db80 JavaThread "Execution worker Thread 15" [_thread_blocked, id=28140, stack(0x0000008693e00000,0x0000008693f00000)]
  0x0000022b7574fed0 JavaThread "Cache worker for execution history cache (C:\+Projects\Screenrecorder\media3-patched\.gradle\8.13\executionHistory)" [_thread_blocked, id=17252, stack(0x0000008693f00000,0x0000008694000000)]
  0x0000022b796e1480 JavaThread "Cache worker for execution history cache (C:\+Projects\Screenrecorder\FadCam\.gradle\8.13\executionHistory)" [_thread_blocked, id=39332, stack(0x0000008694000000,0x0000008694100000)]
  0x0000022b77e2a8e0 JavaThread "Unconstrained build operations" [_thread_blocked, id=26500, stack(0x0000008694100000,0x0000008694200000)]
  0x0000022b77e2e5a0 JavaThread "Unconstrained build operations Thread 2" [_thread_blocked, id=11780, stack(0x0000008694200000,0x0000008694300000)]
  0x0000022b77e2efc0 JavaThread "Unconstrained build operations Thread 3" [_thread_blocked, id=48936, stack(0x0000008694300000,0x0000008694400000)]
  0x0000022b76496180 JavaThread "Unconstrained build operations Thread 4" [_thread_blocked, id=33412, stack(0x0000008694400000,0x0000008694500000)]
  0x0000022b76496690 JavaThread "Unconstrained build operations Thread 5" [_thread_blocked, id=53812, stack(0x0000008694500000,0x0000008694600000)]
  0x0000022b757503e0 JavaThread "Unconstrained build operations Thread 6" [_thread_blocked, id=52544, stack(0x0000008694600000,0x0000008694700000)]
  0x0000022b768ec6a0 JavaThread "Unconstrained build operations Thread 7" [_thread_blocked, id=55328, stack(0x0000008694700000,0x0000008694800000)]
  0x0000022b7574ea90 JavaThread "Unconstrained build operations Thread 8" [_thread_blocked, id=42680, stack(0x0000008694800000,0x0000008694900000)]
  0x0000022b7574efa0 JavaThread "Unconstrained build operations Thread 9" [_thread_blocked, id=2056, stack(0x0000008694900000,0x0000008694a00000)]
  0x0000022b7574f4b0 JavaThread "Unconstrained build operations Thread 10" [_thread_blocked, id=29056, stack(0x0000008694a00000,0x0000008694b00000)]
  0x0000022b7574f9c0 JavaThread "Unconstrained build operations Thread 11" [_thread_blocked, id=24360, stack(0x0000008694b00000,0x0000008694c00000)]
  0x0000022b78dc0d70 JavaThread "Unconstrained build operations Thread 12" [_thread_blocked, id=56308, stack(0x0000008694c00000,0x0000008694d00000)]
  0x0000022b78dc0860 JavaThread "Unconstrained build operations Thread 13" [_thread_blocked, id=55752, stack(0x0000008694d00000,0x0000008694e00000)]
  0x0000022b78dc1790 JavaThread "Unconstrained build operations Thread 14" [_thread_blocked, id=27364, stack(0x0000008694e00000,0x0000008694f00000)]
  0x0000022b78dc1280 JavaThread "Unconstrained build operations Thread 15" [_thread_blocked, id=35708, stack(0x0000008694f00000,0x0000008695000000)]
  0x0000022b79f86090 JavaThread "Unconstrained build operations Thread 17" [_thread_blocked, id=32068, stack(0x0000008695000000,0x0000008695100000)]
  0x0000022b751b9410 JavaThread "Unconstrained build operations Thread 19" [_thread_blocked, id=28280, stack(0x0000008695100000,0x0000008695200000)]
  0x0000022b796e1990 JavaThread "Unconstrained build operations Thread 18" [_thread_blocked, id=39784, stack(0x0000008695200000,0x0000008695300000)]
  0x0000022b79f86ab0 JavaThread "Unconstrained build operations Thread 16" [_thread_blocked, id=53040, stack(0x0000008695300000,0x0000008695400000)]
  0x0000022b7a2863d0 JavaThread "Unconstrained build operations Thread 20" [_thread_blocked, id=46792, stack(0x0000008695400000,0x0000008695500000)]
  0x0000022b78a89bf0 JavaThread "Unconstrained build operations Thread 21" [_thread_blocked, id=54952, stack(0x0000008695500000,0x0000008695600000)]
  0x0000022b77e29ec0 JavaThread "Unconstrained build operations Thread 22" [_thread_blocked, id=22228, stack(0x0000008695600000,0x0000008695700000)]
  0x0000022b78a8b030 JavaThread "Unconstrained build operations Thread 23" [_thread_blocked, id=41172, stack(0x0000008695700000,0x0000008695800000)]
  0x0000022b77e2adf0 JavaThread "Unconstrained build operations Thread 24" [_thread_blocked, id=48472, stack(0x0000008695800000,0x0000008695900000)]
  0x0000022b78a8b540 JavaThread "Unconstrained build operations Thread 25" [_thread_blocked, id=12508, stack(0x0000008695900000,0x0000008695a00000)]
  0x0000022b77e31330 JavaThread "Unconstrained build operations Thread 26" [_thread_blocked, id=38384, stack(0x0000008695a00000,0x0000008695b00000)]
  0x0000022b78a8a100 JavaThread "Unconstrained build operations Thread 27" [_thread_blocked, id=48824, stack(0x0000008695b00000,0x0000008695c00000)]
  0x0000022b77e2eab0 JavaThread "Unconstrained build operations Thread 28" [_thread_blocked, id=50092, stack(0x0000008695c00000,0x0000008695d00000)]
  0x0000022b78a8a610 JavaThread "Unconstrained build operations Thread 29" [_thread_blocked, id=42044, stack(0x0000008695d00000,0x0000008695e00000)]
  0x0000022b77e2c230 JavaThread "Unconstrained build operations Thread 30" [_thread_blocked, id=31356, stack(0x0000008695e00000,0x0000008695f00000)]
  0x0000022b7a2868e0 JavaThread "Unconstrained build operations Thread 31" [_thread_blocked, id=20972, stack(0x0000008695f00000,0x0000008696000000)]
  0x0000022b2cbf5e10 JavaThread "Unconstrained build operations Thread 32" [_thread_blocked, id=26936, stack(0x0000008696000000,0x0000008696100000)]
  0x0000022b768ec190 JavaThread "Unconstrained build operations Thread 33" [_thread_blocked, id=38980, stack(0x0000008696100000,0x0000008696200000)]
  0x0000022b7a2859b0 JavaThread "Unconstrained build operations Thread 34" [_thread_blocked, id=41308, stack(0x0000008696200000,0x0000008696300000)]
  0x0000022b77e2cc50 JavaThread "Unconstrained build operations Thread 35" [_thread_blocked, id=47580, stack(0x0000008696300000,0x0000008696400000)]
  0x0000022b76fc0090 JavaThread "Unconstrained build operations Thread 36" [_thread_blocked, id=35680, stack(0x0000008696400000,0x0000008696500000)]
  0x0000022b77e2b810 JavaThread "Unconstrained build operations Thread 37" [_thread_blocked, id=27380, stack(0x0000008696500000,0x0000008696600000)]
  0x0000022b76fc05a0 JavaThread "Unconstrained build operations Thread 38" [_thread_blocked, id=37440, stack(0x0000008696600000,0x0000008696700000)]
  0x0000022b7333bc80 JavaThread "Unconstrained build operations Thread 39" [_thread_blocked, id=36428, stack(0x0000008696700000,0x0000008696800000)]
  0x0000022b7a285ec0 JavaThread "Unconstrained build operations Thread 40" [_thread_blocked, id=10288, stack(0x0000008696800000,0x0000008696900000)]
  0x0000022b7333ad50 JavaThread "Unconstrained build operations Thread 41" [_thread_blocked, id=53260, stack(0x0000008696900000,0x0000008696a00000)]
  0x0000022b7a284f90 JavaThread "Unconstrained build operations Thread 42" [_thread_blocked, id=36216, stack(0x0000008696a00000,0x0000008696b00000)]
  0x0000022b78dc1ca0 JavaThread "Unconstrained build operations Thread 43" [_thread_blocked, id=12108, stack(0x0000008696b00000,0x0000008696c00000)]
  0x0000022b7a2854a0 JavaThread "Unconstrained build operations Thread 44" [_thread_blocked, id=50128, stack(0x0000008696c00000,0x0000008696d00000)]
  0x0000022b771716e0 JavaThread "Unconstrained build operations Thread 45" [_thread_blocked, id=36420, stack(0x0000008696d00000,0x0000008696e00000)]
  0x0000022b79778490 JavaThread "Unconstrained build operations Thread 46" [_thread_blocked, id=50272, stack(0x0000008696e00000,0x0000008696f00000)]
  0x0000022b77171bf0 JavaThread "Unconstrained build operations Thread 47" [_thread_blocked, id=17724, stack(0x0000008696f00000,0x0000008697000000)]
  0x0000022b76495760 JavaThread "Unconstrained build operations Thread 48" [_thread_blocked, id=42596, stack(0x0000008697000000,0x0000008697100000)]
  0x0000022b755fe5f0 JavaThread "Unconstrained build operations Thread 49" [_thread_blocked, id=26832, stack(0x0000008697100000,0x0000008697200000)]
  0x0000022b76fc0fc0 JavaThread "Unconstrained build operations Thread 50" [_thread_blocked, id=26860, stack(0x0000008697200000,0x0000008697300000)]
  0x0000022b76fbfb80 JavaThread "Unconstrained build operations Thread 51" [_thread_blocked, id=53088, stack(0x0000008697300000,0x0000008697400000)]
  0x0000022b76fbf670 JavaThread "Unconstrained build operations Thread 52" [_thread_blocked, id=13092, stack(0x0000008697400000,0x0000008697500000)]
  0x0000022b76fc0ab0 JavaThread "Unconstrained build operations Thread 53" [_thread_blocked, id=14304, stack(0x0000008697500000,0x0000008697600000)]
  0x0000022b74f66df0 JavaThread "Unconstrained build operations Thread 54" [_thread_blocked, id=48152, stack(0x0000008697600000,0x0000008697700000)]
  0x0000022b751b89f0 JavaThread "Unconstrained build operations Thread 55" [_thread_blocked, id=40276, stack(0x0000008697700000,0x0000008697800000)]
  0x0000022b751b9920 JavaThread "Unconstrained build operations Thread 56" [_thread_blocked, id=51864, stack(0x0000008697800000,0x0000008697900000)]
  0x0000022b751b8f00 JavaThread "Unconstrained build operations Thread 57" [_thread_blocked, id=41860, stack(0x0000008697900000,0x0000008697a00000)]
  0x0000022b74f65ec0 JavaThread "Unconstrained build operations Thread 58" [_thread_blocked, id=54340, stack(0x0000008697a00000,0x0000008697b00000)]
  0x0000022b74f67810 JavaThread "Unconstrained build operations Thread 59" [_thread_blocked, id=50816, stack(0x0000008697b00000,0x0000008697c00000)]
  0x0000022b74f654a0 JavaThread "Unconstrained build operations Thread 60" [_thread_blocked, id=54236, stack(0x0000008697c00000,0x0000008697d00000)]
  0x0000022b74f67d20 JavaThread "Unconstrained build operations Thread 61" [_thread_blocked, id=53964, stack(0x0000008697d00000,0x0000008697e00000)]
  0x0000022b74f68230 JavaThread "Unconstrained build operations Thread 62" [_thread_blocked, id=46252, stack(0x0000008697e00000,0x0000008697f00000)]
  0x0000022b74f68740 JavaThread "Unconstrained build operations Thread 63" [_thread_blocked, id=35204, stack(0x0000008697f00000,0x0000008698000000)]
  0x0000022b78dc0350 JavaThread "Unconstrained build operations Thread 64" [_thread_blocked, id=30392, stack(0x0000008698000000,0x0000008698100000)]
  0x0000022b763b32a0 JavaThread "Unconstrained build operations Thread 65" [_thread_blocked, id=46788, stack(0x0000008698100000,0x0000008698200000)]
  0x0000022b763b1e60 JavaThread "Unconstrained build operations Thread 66" [_thread_blocked, id=56096, stack(0x0000008698200000,0x0000008698300000)]
  0x0000022b763b0f30 JavaThread "Unconstrained build operations Thread 67" [_thread_blocked, id=24536, stack(0x0000008698300000,0x0000008698400000)]
  0x0000022b763b3cc0 JavaThread "Unconstrained build operations Thread 68" [_thread_blocked, id=41672, stack(0x0000008698400000,0x0000008698500000)]
  0x0000022b763b2370 JavaThread "Unconstrained build operations Thread 69" [_thread_blocked, id=28328, stack(0x0000008698500000,0x0000008698600000)]
  0x0000022b763b1440 JavaThread "Unconstrained build operations Thread 70" [_thread_blocked, id=51012, stack(0x0000008698600000,0x0000008698700000)]
  0x0000022b763b46e0 JavaThread "Unconstrained build operations Thread 71" [_thread_blocked, id=44784, stack(0x0000008698700000,0x0000008698800000)]
  0x0000022b763b41d0 JavaThread "Unconstrained build operations Thread 72" [_thread_blocked, id=51160, stack(0x0000008698800000,0x0000008698900000)]
  0x0000022b79f86fc0 JavaThread "Unconstrained build operations Thread 73" [_thread_blocked, id=13588, stack(0x0000008698900000,0x0000008698a00000)]
  0x0000022b79f874d0 JavaThread "Unconstrained build operations Thread 74" [_thread_blocked, id=50032, stack(0x0000008698a00000,0x0000008698b00000)]
  0x0000022b79f879e0 JavaThread "Unconstrained build operations Thread 75" [_thread_blocked, id=48288, stack(0x0000008698b00000,0x0000008698c00000)]
  0x0000022b79f865a0 JavaThread "Unconstrained build operations Thread 76" [_thread_blocked, id=34476, stack(0x0000008698c00000,0x0000008698d00000)]
  0x0000022b722dc850 JavaThread "Unconstrained build operations Thread 77" [_thread_blocked, id=33972, stack(0x0000008698d00000,0x0000008698e00000)]
  0x0000022b722d95b0 JavaThread "Unconstrained build operations Thread 78" [_thread_blocked, id=17540, stack(0x0000008698e00000,0x0000008698f00000)]
  0x0000022b722da9f0 JavaThread "Unconstrained build operations Thread 79" [_thread_blocked, id=21216, stack(0x0000008698f00000,0x0000008699000000)]
  0x0000022b722dcd60 JavaThread "Unconstrained build operations Thread 80" [_thread_blocked, id=25492, stack(0x0000008699000000,0x0000008699100000)]
  0x0000022b722d9ac0 JavaThread "Unconstrained build operations Thread 81" [_thread_blocked, id=21440, stack(0x0000008699100000,0x0000008699200000)]
  0x0000022b722daf00 JavaThread "Unconstrained build operations Thread 82" [_thread_blocked, id=35212, stack(0x0000008699200000,0x0000008699300000)]
  0x0000022b722da4e0 JavaThread "Unconstrained build operations Thread 83" [_thread_blocked, id=11328, stack(0x0000008699300000,0x0000008699400000)]
  0x0000022b722dbe30 JavaThread "Unconstrained build operations Thread 84" [_thread_blocked, id=31228, stack(0x0000008699400000,0x0000008699500000)]
  0x0000022b722db410 JavaThread "Unconstrained build operations Thread 85" [_thread_blocked, id=7024, stack(0x0000008699500000,0x0000008699600000)]
  0x0000022b722d9fd0 JavaThread "Unconstrained build operations Thread 86" [_thread_blocked, id=56212, stack(0x0000008699600000,0x0000008699700000)]
  0x0000022b722db920 JavaThread "Unconstrained build operations Thread 87" [_thread_blocked, id=30948, stack(0x0000008699700000,0x0000008699800000)]
  0x0000022b7a059850 JavaThread "Unconstrained build operations Thread 88" [_thread_blocked, id=13712, stack(0x0000008699800000,0x0000008699900000)]
  0x0000022b7a058920 JavaThread "Unconstrained build operations Thread 89" [_thread_blocked, id=44508, stack(0x0000008699900000,0x0000008699a00000)]
  0x0000022b7a059d60 JavaThread "Unconstrained build operations Thread 90" [_thread_blocked, id=49124, stack(0x0000008699a00000,0x0000008699b00000)]
  0x0000022b7a057f00 JavaThread "Unconstrained build operations Thread 91" [_thread_blocked, id=9060, stack(0x0000008699b00000,0x0000008699c00000)]
  0x0000022b7a05b1a0 JavaThread "Unconstrained build operations Thread 92" [_thread_blocked, id=49512, stack(0x0000008699c00000,0x0000008699d00000)]
  0x0000022b7a05a780 JavaThread "Unconstrained build operations Thread 93" [_thread_blocked, id=18048, stack(0x0000008699d00000,0x0000008699e00000)]
  0x0000022b797789a0 JavaThread "Unconstrained build operations Thread 94" [_thread_blocked, id=27252, stack(0x0000008699e00000,0x0000008699f00000)]
  0x0000022b79778eb0 JavaThread "Unconstrained build operations Thread 95" [_thread_blocked, id=33908, stack(0x0000008699f00000,0x000000869a000000)]
  0x0000022b79777a70 JavaThread "Unconstrained build operations Thread 96" [_thread_blocked, id=36104, stack(0x000000869a000000,0x000000869a100000)]
  0x0000022b79777f80 JavaThread "Unconstrained build operations Thread 97" [_thread_blocked, id=43908, stack(0x000000869a100000,0x000000869a200000)]
  0x0000022b79777560 JavaThread "Unconstrained build operations Thread 98" [_thread_blocked, id=22632, stack(0x000000869a200000,0x000000869a300000)]
  0x0000022b79775700 JavaThread "Unconstrained build operations Thread 99" [_thread_blocked, id=31040, stack(0x000000869a300000,0x000000869a400000)]
  0x0000022b79775c10 JavaThread "Unconstrained build operations Thread 100" [_thread_blocked, id=51272, stack(0x000000869a400000,0x000000869a500000)]
  0x0000022b79776120 JavaThread "Unconstrained build operations Thread 101" [_thread_blocked, id=38512, stack(0x000000869a500000,0x000000869a600000)]
  0x0000022b79776630 JavaThread "Unconstrained build operations Thread 102" [_thread_blocked, id=23328, stack(0x000000869a600000,0x000000869a700000)]
  0x0000022b79776b40 JavaThread "Unconstrained build operations Thread 103" [_thread_blocked, id=33812, stack(0x000000869a700000,0x000000869a800000)]
  0x0000022b79777050 JavaThread "Unconstrained build operations Thread 104" [_thread_blocked, id=25664, stack(0x000000869a800000,0x000000869a900000)]
  0x0000022b756707a0 JavaThread "Unconstrained build operations Thread 105" [_thread_blocked, id=32896, stack(0x000000869a900000,0x000000869aa00000)]
  0x0000022b780509f0 JavaThread "Unconstrained build operations Thread 106" [_thread_blocked, id=33428, stack(0x000000869aa00000,0x000000869ab00000)]
  0x0000022b7804ffd0 JavaThread "Unconstrained build operations Thread 107" [_thread_blocked, id=42436, stack(0x000000869ab00000,0x000000869ac00000)]
  0x0000022b780504e0 JavaThread "Unconstrained build operations Thread 108" [_thread_blocked, id=36376, stack(0x000000869ac00000,0x000000869ad00000)]
  0x0000022b78b895c0 JavaThread "Unconstrained build operations Thread 109" [_thread_blocked, id=37180, stack(0x000000869ad00000,0x000000869ae00000)]
  0x0000022b78b88180 JavaThread "Unconstrained build operations Thread 110" [_thread_blocked, id=48312, stack(0x000000869ae00000,0x000000869af00000)]
  0x0000022b78b890b0 JavaThread "Unconstrained build operations Thread 111" [_thread_blocked, id=36264, stack(0x000000869af00000,0x000000869b000000)]
  0x0000022b78b86d40 JavaThread "Unconstrained build operations Thread 112" [_thread_blocked, id=33324, stack(0x000000869b000000,0x000000869b100000)]
  0x0000022b78b88690 JavaThread "Unconstrained build operations Thread 113" [_thread_blocked, id=41936, stack(0x000000869b100000,0x000000869b200000)]
  0x0000022b78b88ba0 JavaThread "Unconstrained build operations Thread 114" [_thread_blocked, id=27056, stack(0x000000869b200000,0x000000869b300000)]
  0x0000022b78b85e10 JavaThread "Unconstrained build operations Thread 115" [_thread_blocked, id=56132, stack(0x000000869b300000,0x000000869b400000)]
  0x0000022b78b86320 JavaThread "Unconstrained build operations Thread 116" [_thread_blocked, id=8244, stack(0x000000869b400000,0x000000869b500000)]
  0x0000022b7566f870 JavaThread "Unconstrained build operations Thread 117" [_thread_blocked, id=41580, stack(0x000000869b500000,0x000000869b600000)]
  0x0000022b796e0f70 JavaThread "Unconstrained build operations Thread 118" [_thread_blocked, id=44932, stack(0x000000869b600000,0x000000869b700000)]
  0x0000022b796e23b0 JavaThread "Unconstrained build operations Thread 119" [_thread_blocked, id=43212, stack(0x000000869b700000,0x000000869b800000)]
  0x0000022b796e1ea0 JavaThread "Unconstrained build operations Thread 120" [_thread_blocked, id=44712, stack(0x000000869b800000,0x000000869b900000)]
  0x0000022b796e0a60 JavaThread "Unconstrained build operations Thread 121" [_thread_blocked, id=28820, stack(0x000000869b900000,0x000000869ba00000)]
  0x0000022b78b60cb0 JavaThread "Unconstrained build operations Thread 122" [_thread_blocked, id=51824, stack(0x000000869ba00000,0x000000869bb00000)]
  0x0000022b78b5d500 JavaThread "Unconstrained build operations Thread 123" [_thread_blocked, id=55700, stack(0x000000869bb00000,0x000000869bc00000)]
  0x0000022b78b5fd80 JavaThread "Unconstrained build operations Thread 124" [_thread_blocked, id=48792, stack(0x000000869bc00000,0x000000869bd00000)]
  0x0000022b78b60290 JavaThread "Unconstrained build operations Thread 125" [_thread_blocked, id=15628, stack(0x000000869bd00000,0x000000869be00000)]
  0x0000022b78b5e940 JavaThread "Unconstrained build operations Thread 126" [_thread_blocked, id=19584, stack(0x000000869be00000,0x000000869bf00000)]
  0x0000022b78b5ee50 JavaThread "Unconstrained build operations Thread 127" [_thread_blocked, id=19228, stack(0x000000869bf00000,0x000000869c000000)]
  0x0000022b78b5f360 JavaThread "Unconstrained build operations Thread 128" [_thread_blocked, id=55376, stack(0x000000869c000000,0x000000869c100000)]
  0x0000022b78b5f870 JavaThread "Unconstrained build operations Thread 129" [_thread_blocked, id=31616, stack(0x000000869c100000,0x000000869c200000)]
  0x0000022b78b5da10 JavaThread "Unconstrained build operations Thread 130" [_thread_blocked, id=25300, stack(0x000000869c200000,0x000000869c300000)]
  0x0000022b78b607a0 JavaThread "Unconstrained build operations Thread 131" [_thread_blocked, id=31984, stack(0x000000869c300000,0x000000869c400000)]
  0x0000022b78b5df20 JavaThread "Unconstrained build operations Thread 132" [_thread_blocked, id=53644, stack(0x000000869c400000,0x000000869c500000)]
  0x0000022b78b5e430 JavaThread "Unconstrained build operations Thread 133" [_thread_blocked, id=18968, stack(0x000000869c500000,0x000000869c600000)]
  0x0000022b794afe00 JavaThread "Unconstrained build operations Thread 134" [_thread_blocked, id=49688, stack(0x000000869c600000,0x000000869c700000)]
  0x0000022b794b0820 JavaThread "Unconstrained build operations Thread 135" [_thread_blocked, id=34040, stack(0x000000869c700000,0x000000869c800000)]
  0x0000022b74f659b0 JavaThread "Unconstrained build operations Thread 136" [_thread_blocked, id=46960, stack(0x000000869c800000,0x000000869c900000)]
  0x0000022b74f663d0 JavaThread "Unconstrained build operations Thread 137" [_thread_blocked, id=50292, stack(0x000000869c900000,0x000000869ca00000)]
  0x0000022b74f668e0 JavaThread "Unconstrained build operations Thread 138" [_thread_blocked, id=7848, stack(0x000000869ca00000,0x000000869cb00000)]
  0x0000022b74f67300 JavaThread "Unconstrained build operations Thread 139" [_thread_blocked, id=55904, stack(0x000000869cb00000,0x000000869cc00000)]
  0x0000022b74f64f90 JavaThread "Unconstrained build operations Thread 140" [_thread_blocked, id=39680, stack(0x000000869cc00000,0x000000869cd00000)]
  0x0000022b78a8ab20 JavaThread "Unconstrained build operations Thread 141" [_thread_blocked, id=35688, stack(0x000000869cd00000,0x000000869ce00000)]
  0x0000022b77c2aac0 JavaThread "Unconstrained build operations Thread 142" [_thread_blocked, id=53152, stack(0x000000869ce00000,0x000000869cf00000)]
  0x0000022b77c2afd0 JavaThread "Unconstrained build operations Thread 143" [_thread_blocked, id=3036, stack(0x000000869cf00000,0x000000869d000000)]
  0x0000022b77c2a5b0 JavaThread "Unconstrained build operations Thread 144" [_thread_blocked, id=43880, stack(0x000000869d000000,0x000000869d100000)]
  0x0000022b77c2b4e0 JavaThread "Unconstrained build operations Thread 145" [_thread_blocked, id=2160, stack(0x000000869d100000,0x000000869d200000)]
  0x0000022b7a058e30 JavaThread "Unconstrained build operations Thread 146" [_thread_blocked, id=38036, stack(0x000000869d200000,0x000000869d300000)]
  0x0000022b7a05ac90 JavaThread "Unconstrained build operations Thread 147" [_thread_blocked, id=55664, stack(0x000000869d300000,0x000000869d400000)]
  0x0000022b7a05a270 JavaThread "Unconstrained build operations Thread 148" [_thread_blocked, id=34696, stack(0x000000869d400000,0x000000869d500000)]
  0x0000022b7a059340 JavaThread "Unconstrained build operations Thread 149" [_thread_blocked, id=18140, stack(0x000000869d500000,0x000000869d600000)]
  0x0000022b7a05b6b0 JavaThread "Unconstrained build operations Thread 150" [_thread_blocked, id=49884, stack(0x000000869d600000,0x000000869d700000)]
  0x0000022b7a058410 JavaThread "Unconstrained build operations Thread 151" [_thread_blocked, id=51568, stack(0x000000869d700000,0x000000869d800000)]
  0x0000022b756711c0 JavaThread "WorkerExecutor Queue" [_thread_blocked, id=37320, stack(0x000000869d800000,0x000000869d900000)]
  0x0000022b75672b10 JavaThread "WorkerExecutor Queue Thread 2" [_thread_blocked, id=44300, stack(0x000000869d900000,0x000000869da00000)]
  0x0000022b794adfa0 JavaThread "WorkerExecutor Queue Thread 3" [_thread_blocked, id=29968, stack(0x000000869da00000,0x000000869db00000)]
  0x0000022b794b0d30 JavaThread "WorkerExecutor Queue Thread 4" [_thread_blocked, id=44384, stack(0x000000869db00000,0x000000869dc00000)]
  0x0000022b794ae4b0 JavaThread "WorkerExecutor Queue Thread 5" [_thread_blocked, id=31064, stack(0x000000869dc00000,0x000000869dd00000)]
  0x0000022b794b1750 JavaThread "WorkerExecutor Queue Thread 6" [_thread_blocked, id=52828, stack(0x000000869dd00000,0x000000869de00000)]
  0x0000022b794b0310 JavaThread "WorkerExecutor Queue Thread 7" [_thread_blocked, id=23988, stack(0x000000869de00000,0x000000869df00000)]
  0x0000022b794ae9c0 JavaThread "WorkerExecutor Queue Thread 8" [_thread_blocked, id=29980, stack(0x000000869df00000,0x000000869e000000)]
  0x0000022b794b1240 JavaThread "WorkerExecutor Queue Thread 10" [_thread_blocked, id=32256, stack(0x000000869e100000,0x000000869e200000)]
  0x0000022b794af8f0 JavaThread "WorkerExecutor Queue Thread 11" [_thread_blocked, id=43988, stack(0x000000869e200000,0x000000869e300000)]
  0x0000022b763b2d90 JavaThread "Unconstrained build operations Thread 152" [_thread_blocked, id=17064, stack(0x000000869e300000,0x000000869e400000)]
  0x0000022b2cbf5900 JavaThread "Unconstrained build operations Thread 153" [_thread_blocked, id=35088, stack(0x000000869e400000,0x000000869e500000)]
  0x0000022b2cbf6320 JavaThread "Unconstrained build operations Thread 154" [_thread_blocked, id=51988, stack(0x000000869e500000,0x000000869e600000)]
  0x0000022b76d97c50 JavaThread "Unconstrained build operations Thread 155" [_thread_blocked, id=36664, stack(0x000000869e800000,0x000000869e900000)]
  0x0000022b76d96d20 JavaThread "Unconstrained build operations Thread 156" [_thread_blocked, id=55872, stack(0x000000869e900000,0x000000869ea00000)]
  0x0000022b76d97230 JavaThread "Unconstrained build operations Thread 157" [_thread_blocked, id=25936, stack(0x000000869ea00000,0x000000869eb00000)]
  0x0000022b76d97740 JavaThread "Unconstrained build operations Thread 158" [_thread_blocked, id=55708, stack(0x000000869eb00000,0x000000869ec00000)]
  0x0000022b76d944a0 JavaThread "Unconstrained build operations Thread 159" [_thread_blocked, id=23704, stack(0x000000869ec00000,0x000000869ed00000)]
  0x0000022b76d949b0 JavaThread "Unconstrained build operations Thread 160" [_thread_blocked, id=50708, stack(0x000000869ed00000,0x000000869ee00000)]
  0x0000022b751b84e0 JavaThread "Exec process" [_thread_blocked, id=16212, stack(0x000000869ee00000,0x000000869ef00000)]
  0x0000022b722dc340 JavaThread "Exec process Thread 2" [_thread_blocked, id=55936, stack(0x000000869ef00000,0x000000869f000000)]
  0x0000022b75d0c7f0 JavaThread "Exec process Thread 3" [_thread_blocked, id=48300, stack(0x000000869f000000,0x000000869f100000)]
  0x0000022b77e31840 JavaThread "WorkerExecutor Queue Thread 12" [_thread_blocked, id=4768, stack(0x000000869f100000,0x000000869f200000)]
  0x0000022b77e2a3d0 JavaThread "WorkerExecutor Queue Thread 13" [_thread_blocked, id=28196, stack(0x000000869f200000,0x000000869f300000)]
  0x0000022b77e2d160 JavaThread "WorkerExecutor Queue Thread 14" [_thread_blocked, id=54920, stack(0x000000869f300000,0x000000869f400000)]
  0x0000022b77e2d670 JavaThread "WorkerExecutor Queue Thread 15" [_thread_blocked, id=55860, stack(0x000000869f400000,0x000000869f500000)]
  0x0000022b77e2f4d0 JavaThread "WorkerExecutor Queue Thread 16" [_thread_blocked, id=31348, stack(0x000000869f500000,0x000000869f600000)]
  0x0000022b78ad97c0 JavaThread "C2 CompilerThread1" daemon [_thread_in_native, id=17812, stack(0x000000868fd00000,0x000000868fe00000)]
  0x0000022b75d0aea0 JavaThread "WorkerExecutor Queue Thread 17" [_thread_blocked, id=51072, stack(0x000000869f600000,0x000000869f700000)]

Other Threads:
=>0x0000022b2cb0adf0 VMThread "VM Thread" [stack: 0x000000868ef00000,0x000000868f000000] [id=18840]
  0x0000022b0db24180 WatcherThread [stack: 0x000000868ff00000,0x0000008690000000] [id=19428]
  0x0000022b0db7e8c0 GCTaskThread "GC Thread#0" [stack: 0x000000868ea00000,0x000000868eb00000] [id=27676]
  0x0000022b7226e7c0 GCTaskThread "GC Thread#1" [stack: 0x0000008690200000,0x0000008690300000] [id=56300]
  0x0000022b2ce0bb50 GCTaskThread "GC Thread#2" [stack: 0x0000008690300000,0x0000008690400000] [id=50400]
  0x0000022b725435b0 GCTaskThread "GC Thread#3" [stack: 0x0000008690400000,0x0000008690500000] [id=53948]
  0x0000022b2cecc3d0 GCTaskThread "GC Thread#4" [stack: 0x0000008690500000,0x0000008690600000] [id=19040]
  0x0000022b7278d360 GCTaskThread "GC Thread#5" [stack: 0x0000008690600000,0x0000008690700000] [id=7012]
  0x0000022b73a67a70 GCTaskThread "GC Thread#6" [stack: 0x0000008690700000,0x0000008690800000] [id=50808]
  0x0000022b72bcde30 GCTaskThread "GC Thread#7" [stack: 0x0000008690800000,0x0000008690900000] [id=43604]
  0x0000022b74477e40 GCTaskThread "GC Thread#8" [stack: 0x0000008691600000,0x0000008691700000] [id=55720]
  0x0000022b74478940 GCTaskThread "GC Thread#9" [stack: 0x0000008691700000,0x0000008691800000] [id=34284]
  0x0000022b74477600 GCTaskThread "GC Thread#10" [stack: 0x0000008691800000,0x0000008691900000] [id=5012]
  0x0000022b744778c0 GCTaskThread "GC Thread#11" [stack: 0x0000008691900000,0x0000008691a00000] [id=23088]
  0x0000022b74477080 GCTaskThread "GC Thread#12" [stack: 0x0000008691a00000,0x0000008691b00000] [id=14744]
  0x0000022b0db8f5c0 ConcurrentGCThread "G1 Main Marker" [stack: 0x000000868eb00000,0x000000868ec00000] [id=36372]
  0x0000022b0db8fd90 ConcurrentGCThread "G1 Conc#0" [stack: 0x000000868ec00000,0x000000868ed00000] [id=52308]
  0x0000022b74477340 ConcurrentGCThread "G1 Conc#1" [stack: 0x0000008691b00000,0x0000008691c00000] [id=47768]
  0x0000022b74478100 ConcurrentGCThread "G1 Conc#2" [stack: 0x0000008691c00000,0x0000008691d00000] [id=34524]
  0x0000022b2c9c6850 ConcurrentGCThread "G1 Refine#0" [stack: 0x000000868ed00000,0x000000868ee00000] [id=51440]
  0x0000022b78b116d0 ConcurrentGCThread "G1 Refine#1" [stack: 0x0000008691e00000,0x0000008691f00000] [id=23388]
  0x0000022b7366dee0 ConcurrentGCThread "G1 Refine#2" [stack: 0x000000869f700000,0x000000869f800000] [id=29400]
  0x0000022b78f2a520 ConcurrentGCThread "G1 Refine#3" [stack: 0x000000869f800000,0x000000869f900000] [id=11844]
  0x0000022b771b6fc0 ConcurrentGCThread "G1 Refine#4" [stack: 0x000000869f900000,0x000000869fa00000] [id=29624]
  0x0000022b763b8160 ConcurrentGCThread "G1 Refine#5" [stack: 0x000000869fa00000,0x000000869fb00000] [id=44136]
  0x0000022b72661180 ConcurrentGCThread "G1 Refine#6" [stack: 0x000000869fb00000,0x000000869fc00000] [id=13860]
  0x0000022b79c79130 ConcurrentGCThread "G1 Refine#7" [stack: 0x000000869fc00000,0x000000869fd00000] [id=33712]
  0x0000022b72660750 ConcurrentGCThread "G1 Refine#8" [stack: 0x000000869fd00000,0x000000869fe00000] [id=47796]
  0x0000022b75ada660 ConcurrentGCThread "G1 Refine#9" [stack: 0x000000869fe00000,0x000000869ff00000] [id=26944]
  0x0000022b75c34a60 ConcurrentGCThread "G1 Refine#10" [stack: 0x000000869ff00000,0x00000086a0000000] [id=47564]
  0x0000022b72660460 ConcurrentGCThread "G1 Refine#11" [stack: 0x00000086a0000000,0x00000086a0100000] [id=43420]
  0x0000022b2c9c8040 ConcurrentGCThread "G1 Service" [stack: 0x000000868ee00000,0x000000868ef00000] [id=38432]

Threads with active compile tasks:
C2 CompilerThread0  26215 19542 %     4       com.android.tools.r8.internal.r32::a @ 14 (2024 bytes)
C1 CompilerThread2  26216 21529 %     3       com.android.tools.r8.dex.l0::a @ 2551 (4072 bytes)
C2 CompilerThread1  26216 21329       4       com.android.tools.r8.internal.ji1::remove (1708 bytes)

VM state: at safepoint (normal execution)

VM Mutex/Monitor currently owned by a thread:  ([mutex/lock_event])
[0x0000022b0db208a0] Threads_lock - owner thread: 0x0000022b2cb0adf0
[0x0000022b0db20390] Heap_lock - owner thread: 0x0000022b794af8f0

Heap address: 0x0000000080000000, size: 2048 MB, Compressed Oops mode: 32-bit

CDS archive(s) mapped at: [0x0000022b2d000000-0x0000022b2dbb0000-0x0000022b2dbb0000), size 12255232, SharedBaseAddress: 0x0000022b2d000000, ArchiveRelocationMode: 1.
Compressed class space mapped at: 0x0000022b2e000000-0x0000022b6e000000, reserved size: 1073741824
Narrow klass base: 0x0000022b2d000000, Narrow klass shift: 0, Narrow klass range: 0x100000000

GC Precious Log:
 CPUs: 16 total, 16 available
 Memory: 15943M
 Large Page Support: Disabled
 NUMA Support: Disabled
 Compressed Oops: Enabled (32-bit)
 Heap Region Size: 1M
 Heap Min Capacity: 8M
 Heap Initial Capacity: 250M
 Heap Max Capacity: 2G
 Pre-touch: Disabled
 Parallel Workers: 13
 Concurrent Workers: 3
 Concurrent Refinement Workers: 13
 Periodic GC: Disabled

Heap:
 garbage-first heap   total 565248K, used 296392K [0x0000000080000000, 0x0000000100000000)
  region size 1024K, 26 young (26624K), 26 survivors (26624K)
 Metaspace       used 101049K, committed 102144K, reserved 1179648K
  class space    used 15177K, committed 15744K, reserved 1048576K

Heap Regions: E=young(eden), S=young(survivor), O=old, HS=humongous(starts), HC=humongous(continues), CS=collection set, F=free, OA=open archive, CA=closed archive, TAMS=top-at-mark-start (previous, next)
|   0|0x0000000080000000, 0x0000000080100000, 0x0000000080100000|100%|HS|  |TAMS 0x0000000080100000, 0x0000000080000000| Complete 
|   1|0x0000000080100000, 0x0000000080200000, 0x0000000080200000|100%|HC|  |TAMS 0x0000000080200000, 0x0000000080100000| Complete 
|   2|0x0000000080200000, 0x0000000080300000, 0x0000000080300000|100%|HC|  |TAMS 0x0000000080300000, 0x0000000080200000| Complete 
|   3|0x0000000080300000, 0x0000000080400000, 0x0000000080400000|100%| O|  |TAMS 0x0000000080400000, 0x0000000080300000| Untracked 
|   4|0x0000000080400000, 0x0000000080500000, 0x0000000080500000|100%| O|  |TAMS 0x0000000080500000, 0x0000000080400000| Untracked 
|   5|0x0000000080500000, 0x0000000080600000, 0x0000000080600000|100%| O|  |TAMS 0x0000000080600000, 0x0000000080500000| Untracked 
|   6|0x0000000080600000, 0x0000000080700000, 0x0000000080700000|100%|HS|  |TAMS 0x0000000080700000, 0x0000000080600000| Complete 
|   7|0x0000000080700000, 0x0000000080800000, 0x0000000080800000|100%| O|  |TAMS 0x0000000080800000, 0x0000000080700000| Untracked 
|   8|0x0000000080800000, 0x0000000080900000, 0x0000000080900000|100%| O|  |TAMS 0x0000000080900000, 0x0000000080800000| Untracked 
|   9|0x0000000080900000, 0x0000000080a00000, 0x0000000080a00000|100%| O|  |TAMS 0x0000000080a00000, 0x0000000080900000| Untracked 
|  10|0x0000000080a00000, 0x0000000080b00000, 0x0000000080b00000|100%| O|  |TAMS 0x0000000080b00000, 0x0000000080a00000| Untracked 
|  11|0x0000000080b00000, 0x0000000080c00000, 0x0000000080c00000|100%| O|  |TAMS 0x0000000080c00000, 0x0000000080b00000| Untracked 
|  12|0x0000000080c00000, 0x0000000080d00000, 0x0000000080d00000|100%|HS|  |TAMS 0x0000000080d00000, 0x0000000080c00000| Complete 
|  13|0x0000000080d00000, 0x0000000080e00000, 0x0000000080e00000|100%|HS|  |TAMS 0x0000000080e00000, 0x0000000080d00000| Complete 
|  14|0x0000000080e00000, 0x0000000080f00000, 0x0000000080f00000|100%| O|  |TAMS 0x0000000080f00000, 0x0000000080e00000| Untracked 
|  15|0x0000000080f00000, 0x0000000081000000, 0x0000000081000000|100%| O|  |TAMS 0x0000000081000000, 0x0000000080f00000| Untracked 
|  16|0x0000000081000000, 0x0000000081100000, 0x0000000081100000|100%| O|  |TAMS 0x0000000081100000, 0x0000000081000000| Untracked 
|  17|0x0000000081100000, 0x0000000081200000, 0x0000000081200000|100%| O|  |TAMS 0x0000000081200000, 0x0000000081100000| Untracked 
|  18|0x0000000081200000, 0x0000000081300000, 0x0000000081300000|100%| O|  |TAMS 0x0000000081300000, 0x0000000081200000| Untracked 
|  19|0x0000000081300000, 0x0000000081400000, 0x0000000081400000|100%| O|  |TAMS 0x0000000081400000, 0x0000000081300000| Untracked 
|  20|0x0000000081400000, 0x0000000081500000, 0x0000000081500000|100%| O|  |TAMS 0x0000000081500000, 0x0000000081400000| Untracked 
|  21|0x0000000081500000, 0x0000000081600000, 0x0000000081600000|100%| O|  |TAMS 0x0000000081600000, 0x0000000081500000| Untracked 
|  22|0x0000000081600000, 0x0000000081700000, 0x0000000081700000|100%| O|  |TAMS 0x0000000081700000, 0x0000000081600000| Untracked 
|  23|0x0000000081700000, 0x0000000081800000, 0x0000000081800000|100%| O|  |TAMS 0x0000000081800000, 0x0000000081700000| Untracked 
|  24|0x0000000081800000, 0x0000000081900000, 0x0000000081900000|100%| O|  |TAMS 0x0000000081900000, 0x0000000081800000| Untracked 
|  25|0x0000000081900000, 0x0000000081a00000, 0x0000000081a00000|100%| O|  |TAMS 0x0000000081a00000, 0x0000000081900000| Untracked 
|  26|0x0000000081a00000, 0x0000000081b00000, 0x0000000081b00000|100%|HS|  |TAMS 0x0000000081b00000, 0x0000000081a00000| Complete 
|  27|0x0000000081b00000, 0x0000000081c00000, 0x0000000081c00000|100%|HS|  |TAMS 0x0000000081c00000, 0x0000000081b00000| Complete 
|  28|0x0000000081c00000, 0x0000000081d00000, 0x0000000081d00000|100%|HS|  |TAMS 0x0000000081d00000, 0x0000000081c00000| Complete 
|  29|0x0000000081d00000, 0x0000000081e00000, 0x0000000081e00000|100%|HS|  |TAMS 0x0000000081e00000, 0x0000000081d00000| Complete 
|  30|0x0000000081e00000, 0x0000000081f00000, 0x0000000081f00000|100%|HC|  |TAMS 0x0000000081f00000, 0x0000000081e00000| Complete 
|  31|0x0000000081f00000, 0x0000000082000000, 0x0000000082000000|100%| O|  |TAMS 0x0000000082000000, 0x0000000081f00000| Untracked 
|  32|0x0000000082000000, 0x0000000082100000, 0x0000000082100000|100%| O|  |TAMS 0x0000000082100000, 0x0000000082000000| Untracked 
|  33|0x0000000082100000, 0x0000000082200000, 0x0000000082200000|100%| O|  |TAMS 0x0000000082200000, 0x0000000082100000| Untracked 
|  34|0x0000000082200000, 0x0000000082300000, 0x0000000082300000|100%|HS|  |TAMS 0x0000000082300000, 0x0000000082200000| Complete 
|  35|0x0000000082300000, 0x0000000082400000, 0x0000000082400000|100%|HC|  |TAMS 0x0000000082400000, 0x0000000082300000| Complete 
|  36|0x0000000082400000, 0x0000000082500000, 0x0000000082500000|100%|HC|  |TAMS 0x0000000082500000, 0x0000000082400000| Complete 
|  37|0x0000000082500000, 0x0000000082600000, 0x0000000082600000|100%| O|  |TAMS 0x0000000082600000, 0x0000000082500000| Untracked 
|  38|0x0000000082600000, 0x0000000082700000, 0x0000000082700000|100%| O|  |TAMS 0x0000000082700000, 0x0000000082600000| Untracked 
|  39|0x0000000082700000, 0x0000000082800000, 0x0000000082800000|100%| O|  |TAMS 0x0000000082800000, 0x0000000082700000| Untracked 
|  40|0x0000000082800000, 0x0000000082900000, 0x0000000082900000|100%| O|  |TAMS 0x0000000082900000, 0x0000000082800000| Untracked 
|  41|0x0000000082900000, 0x0000000082a00000, 0x0000000082a00000|100%|HS|  |TAMS 0x0000000082a00000, 0x0000000082900000| Complete 
|  42|0x0000000082a00000, 0x0000000082b00000, 0x0000000082b00000|100%|HC|  |TAMS 0x0000000082b00000, 0x0000000082a00000| Complete 
|  43|0x0000000082b00000, 0x0000000082c00000, 0x0000000082c00000|100%| O|  |TAMS 0x0000000082c00000, 0x0000000082b00000| Untracked 
|  44|0x0000000082c00000, 0x0000000082d00000, 0x0000000082d00000|100%| O|  |TAMS 0x0000000082d00000, 0x0000000082c00000| Untracked 
|  45|0x0000000082d00000, 0x0000000082e00000, 0x0000000082e00000|100%| O|  |TAMS 0x0000000082e00000, 0x0000000082d00000| Untracked 
|  46|0x0000000082e00000, 0x0000000082f00000, 0x0000000082f00000|100%| O|  |TAMS 0x0000000082f00000, 0x0000000082e00000| Untracked 
|  47|0x0000000082f00000, 0x0000000083000000, 0x0000000083000000|100%|HS|  |TAMS 0x0000000083000000, 0x0000000082f00000| Complete 
|  48|0x0000000083000000, 0x0000000083100000, 0x0000000083100000|100%|HS|  |TAMS 0x0000000083100000, 0x0000000083000000| Complete 
|  49|0x0000000083100000, 0x0000000083200000, 0x0000000083200000|100%| O|  |TAMS 0x0000000083200000, 0x0000000083100000| Untracked 
|  50|0x0000000083200000, 0x0000000083300000, 0x0000000083300000|100%| O|  |TAMS 0x0000000083300000, 0x0000000083200000| Untracked 
|  51|0x0000000083300000, 0x0000000083400000, 0x0000000083400000|100%| O|  |TAMS 0x0000000083400000, 0x0000000083300000| Untracked 
|  52|0x0000000083400000, 0x0000000083500000, 0x0000000083500000|100%| O|  |TAMS 0x0000000083500000, 0x0000000083400000| Untracked 
|  53|0x0000000083500000, 0x0000000083600000, 0x0000000083600000|100%| O|  |TAMS 0x0000000083600000, 0x0000000083500000| Untracked 
|  54|0x0000000083600000, 0x0000000083700000, 0x0000000083700000|100%| O|  |TAMS 0x0000000083700000, 0x0000000083600000| Untracked 
|  55|0x0000000083700000, 0x0000000083800000, 0x0000000083800000|100%| O|  |TAMS 0x0000000083800000, 0x0000000083700000| Untracked 
|  56|0x0000000083800000, 0x0000000083900000, 0x0000000083900000|100%| O|  |TAMS 0x0000000083900000, 0x0000000083800000| Untracked 
|  57|0x0000000083900000, 0x0000000083a00000, 0x0000000083a00000|100%| O|  |TAMS 0x0000000083a00000, 0x0000000083900000| Untracked 
|  58|0x0000000083a00000, 0x0000000083b00000, 0x0000000083b00000|100%| O|  |TAMS 0x0000000083b00000, 0x0000000083a00000| Untracked 
|  59|0x0000000083b00000, 0x0000000083c00000, 0x0000000083c00000|100%| O|  |TAMS 0x0000000083c00000, 0x0000000083b00000| Untracked 
|  60|0x0000000083c00000, 0x0000000083d00000, 0x0000000083d00000|100%| O|  |TAMS 0x0000000083d00000, 0x0000000083c00000| Untracked 
|  61|0x0000000083d00000, 0x0000000083e00000, 0x0000000083e00000|100%| O|  |TAMS 0x0000000083e00000, 0x0000000083d00000| Untracked 
|  62|0x0000000083e00000, 0x0000000083f00000, 0x0000000083f00000|100%| O|  |TAMS 0x0000000083f00000, 0x0000000083e00000| Untracked 
|  63|0x0000000083f00000, 0x0000000084000000, 0x0000000084000000|100%| O|  |TAMS 0x0000000084000000, 0x0000000083f00000| Untracked 
|  64|0x0000000084000000, 0x0000000084100000, 0x0000000084100000|100%| O|  |TAMS 0x0000000084100000, 0x0000000084000000| Untracked 
|  65|0x0000000084100000, 0x0000000084200000, 0x0000000084200000|100%| O|  |TAMS 0x0000000084200000, 0x0000000084100000| Untracked 
|  66|0x0000000084200000, 0x0000000084300000, 0x0000000084300000|100%| O|  |TAMS 0x0000000084300000, 0x0000000084200000| Untracked 
|  67|0x0000000084300000, 0x0000000084400000, 0x0000000084400000|100%| O|  |TAMS 0x0000000084400000, 0x0000000084300000| Untracked 
|  68|0x0000000084400000, 0x0000000084500000, 0x0000000084500000|100%| O|  |TAMS 0x0000000084500000, 0x0000000084400000| Untracked 
|  69|0x0000000084500000, 0x0000000084600000, 0x0000000084600000|100%| O|  |TAMS 0x0000000084600000, 0x0000000084500000| Untracked 
|  70|0x0000000084600000, 0x0000000084700000, 0x0000000084700000|100%| O|  |TAMS 0x0000000084700000, 0x0000000084600000| Untracked 
|  71|0x0000000084700000, 0x0000000084800000, 0x0000000084800000|100%| O|  |TAMS 0x0000000084800000, 0x0000000084700000| Untracked 
|  72|0x0000000084800000, 0x0000000084900000, 0x0000000084900000|100%| O|  |TAMS 0x0000000084900000, 0x0000000084800000| Untracked 
|  73|0x0000000084900000, 0x0000000084a00000, 0x0000000084a00000|100%| O|  |TAMS 0x0000000084a00000, 0x0000000084900000| Untracked 
|  74|0x0000000084a00000, 0x0000000084b00000, 0x0000000084b00000|100%| O|  |TAMS 0x0000000084b00000, 0x0000000084a00000| Untracked 
|  75|0x0000000084b00000, 0x0000000084c00000, 0x0000000084c00000|100%| O|  |TAMS 0x0000000084c00000, 0x0000000084b00000| Untracked 
|  76|0x0000000084c00000, 0x0000000084d00000, 0x0000000084d00000|100%| O|  |TAMS 0x0000000084d00000, 0x0000000084c00000| Untracked 
|  77|0x0000000084d00000, 0x0000000084e00000, 0x0000000084e00000|100%| O|  |TAMS 0x0000000084d00000, 0x0000000084d00000| Untracked 
|  78|0x0000000084e00000, 0x0000000084f00000, 0x0000000084f00000|100%| O|  |TAMS 0x0000000084f00000, 0x0000000084e00000| Untracked 
|  79|0x0000000084f00000, 0x0000000085000000, 0x0000000085000000|100%| O|  |TAMS 0x0000000085000000, 0x0000000084f00000| Untracked 
|  80|0x0000000085000000, 0x0000000085100000, 0x0000000085100000|100%| O|  |TAMS 0x0000000085100000, 0x0000000085000000| Untracked 
|  81|0x0000000085100000, 0x0000000085200000, 0x0000000085200000|100%| O|  |TAMS 0x0000000085200000, 0x0000000085100000| Untracked 
|  82|0x0000000085200000, 0x0000000085300000, 0x0000000085300000|100%| O|  |TAMS 0x0000000085300000, 0x0000000085200000| Untracked 
|  83|0x0000000085300000, 0x0000000085400000, 0x0000000085400000|100%| O|  |TAMS 0x0000000085400000, 0x0000000085300000| Untracked 
|  84|0x0000000085400000, 0x0000000085500000, 0x0000000085500000|100%| O|  |TAMS 0x0000000085500000, 0x0000000085400000| Untracked 
|  85|0x0000000085500000, 0x0000000085600000, 0x0000000085600000|100%| O|  |TAMS 0x0000000085600000, 0x0000000085500000| Untracked 
|  86|0x0000000085600000, 0x0000000085700000, 0x0000000085700000|100%| O|  |TAMS 0x0000000085700000, 0x0000000085600000| Untracked 
|  87|0x0000000085700000, 0x0000000085800000, 0x0000000085800000|100%| O|  |TAMS 0x0000000085800000, 0x0000000085700000| Untracked 
|  88|0x0000000085800000, 0x0000000085900000, 0x0000000085900000|100%| O|  |TAMS 0x0000000085900000, 0x0000000085800000| Untracked 
|  89|0x0000000085900000, 0x0000000085a00000, 0x0000000085a00000|100%| O|  |TAMS 0x0000000085a00000, 0x0000000085900000| Untracked 
|  90|0x0000000085a00000, 0x0000000085b00000, 0x0000000085b00000|100%| O|  |TAMS 0x0000000085b00000, 0x0000000085a00000| Untracked 
|  91|0x0000000085b00000, 0x0000000085c00000, 0x0000000085c00000|100%| O|  |TAMS 0x0000000085c00000, 0x0000000085b00000| Untracked 
|  92|0x0000000085c00000, 0x0000000085d00000, 0x0000000085d00000|100%| O|  |TAMS 0x0000000085d00000, 0x0000000085c00000| Untracked 
|  93|0x0000000085d00000, 0x0000000085e00000, 0x0000000085e00000|100%| O|  |TAMS 0x0000000085e00000, 0x0000000085d00000| Untracked 
|  94|0x0000000085e00000, 0x0000000085f00000, 0x0000000085f00000|100%| O|  |TAMS 0x0000000085f00000, 0x0000000085e00000| Untracked 
|  95|0x0000000085f00000, 0x0000000086000000, 0x0000000086000000|100%| O|  |TAMS 0x0000000086000000, 0x0000000085f00000| Untracked 
|  96|0x0000000086000000, 0x0000000086100000, 0x0000000086100000|100%| O|  |TAMS 0x0000000086100000, 0x0000000086000000| Untracked 
|  97|0x0000000086100000, 0x0000000086200000, 0x0000000086200000|100%| O|  |TAMS 0x0000000086200000, 0x0000000086100000| Untracked 
|  98|0x0000000086200000, 0x0000000086300000, 0x0000000086300000|100%| O|  |TAMS 0x0000000086300000, 0x0000000086200000| Untracked 
|  99|0x0000000086300000, 0x0000000086400000, 0x0000000086400000|100%| O|  |TAMS 0x0000000086400000, 0x0000000086300000| Untracked 
| 100|0x0000000086400000, 0x0000000086500000, 0x0000000086500000|100%| O|  |TAMS 0x0000000086500000, 0x0000000086400000| Untracked 
| 101|0x0000000086500000, 0x0000000086600000, 0x0000000086600000|100%| O|  |TAMS 0x0000000086600000, 0x0000000086500000| Untracked 
| 102|0x0000000086600000, 0x0000000086700000, 0x0000000086700000|100%| O|  |TAMS 0x0000000086700000, 0x0000000086600000| Untracked 
| 103|0x0000000086700000, 0x0000000086800000, 0x0000000086800000|100%| O|  |TAMS 0x0000000086800000, 0x0000000086700000| Untracked 
| 104|0x0000000086800000, 0x0000000086900000, 0x0000000086900000|100%| O|  |TAMS 0x0000000086900000, 0x0000000086800000| Untracked 
| 105|0x0000000086900000, 0x0000000086a00000, 0x0000000086a00000|100%| O|  |TAMS 0x0000000086a00000, 0x0000000086900000| Untracked 
| 106|0x0000000086a00000, 0x0000000086b00000, 0x0000000086b00000|100%| O|  |TAMS 0x0000000086b00000, 0x0000000086a00000| Untracked 
| 107|0x0000000086b00000, 0x0000000086c00000, 0x0000000086c00000|100%| O|  |TAMS 0x0000000086c00000, 0x0000000086b00000| Untracked 
| 108|0x0000000086c00000, 0x0000000086d00000, 0x0000000086d00000|100%| O|  |TAMS 0x0000000086d00000, 0x0000000086c00000| Untracked 
| 109|0x0000000086d00000, 0x0000000086e00000, 0x0000000086e00000|100%| O|  |TAMS 0x0000000086e00000, 0x0000000086d00000| Untracked 
| 110|0x0000000086e00000, 0x0000000086f00000, 0x0000000086f00000|100%| O|  |TAMS 0x0000000086e00000, 0x0000000086e00000| Untracked 
| 111|0x0000000086f00000, 0x0000000087000000, 0x0000000087000000|100%| O|  |TAMS 0x0000000086f00000, 0x0000000086f00000| Untracked 
| 112|0x0000000087000000, 0x0000000087100000, 0x0000000087100000|100%| O|  |TAMS 0x0000000087000000, 0x0000000087000000| Untracked 
| 113|0x0000000087100000, 0x0000000087200000, 0x0000000087200000|100%| O|  |TAMS 0x0000000087100000, 0x0000000087100000| Untracked 
| 114|0x0000000087200000, 0x0000000087300000, 0x0000000087300000|100%| O|  |TAMS 0x0000000087200000, 0x0000000087200000| Untracked 
| 115|0x0000000087300000, 0x0000000087400000, 0x0000000087400000|100%| O|  |TAMS 0x0000000087300000, 0x0000000087300000| Untracked 
| 116|0x0000000087400000, 0x00000000874a4200, 0x0000000087500000| 64%| O|  |TAMS 0x0000000087400000, 0x0000000087400000| Untracked 
| 117|0x0000000087500000, 0x0000000087500000, 0x0000000087600000|  0%| F|  |TAMS 0x0000000087500000, 0x0000000087500000| Untracked 
| 118|0x0000000087600000, 0x0000000087700000, 0x0000000087700000|100%| O|  |TAMS 0x0000000087600000, 0x0000000087600000| Untracked 
| 119|0x0000000087700000, 0x0000000087700000, 0x0000000087800000|  0%| F|  |TAMS 0x0000000087700000, 0x0000000087700000| Untracked 
| 120|0x0000000087800000, 0x0000000087900000, 0x0000000087900000|100%| O|  |TAMS 0x0000000087800000, 0x0000000087800000| Untracked 
| 121|0x0000000087900000, 0x0000000087a00000, 0x0000000087a00000|100%| O|  |TAMS 0x0000000087900000, 0x0000000087900000| Untracked 
| 122|0x0000000087a00000, 0x0000000087a00000, 0x0000000087b00000|  0%| F|  |TAMS 0x0000000087a00000, 0x0000000087a00000| Untracked 
| 123|0x0000000087b00000, 0x0000000087c00000, 0x0000000087c00000|100%| O|  |TAMS 0x0000000087c00000, 0x0000000087b00000| Untracked 
| 124|0x0000000087c00000, 0x0000000087c00000, 0x0000000087d00000|  0%| F|  |TAMS 0x0000000087c00000, 0x0000000087c00000| Untracked 
| 125|0x0000000087d00000, 0x0000000087d00000, 0x0000000087e00000|  0%| F|  |TAMS 0x0000000087d00000, 0x0000000087d00000| Untracked 
| 126|0x0000000087e00000, 0x0000000087f00000, 0x0000000087f00000|100%| O|  |TAMS 0x0000000087f00000, 0x0000000087e00000| Untracked 
| 127|0x0000000087f00000, 0x0000000088000000, 0x0000000088000000|100%| O|  |TAMS 0x0000000088000000, 0x0000000087f00000| Untracked 
| 128|0x0000000088000000, 0x0000000088100000, 0x0000000088100000|100%| O|  |TAMS 0x0000000088100000, 0x0000000088000000| Untracked 
| 129|0x0000000088100000, 0x0000000088200000, 0x0000000088200000|100%| O|  |TAMS 0x0000000088200000, 0x0000000088100000| Untracked 
| 130|0x0000000088200000, 0x0000000088300000, 0x0000000088300000|100%| O|  |TAMS 0x0000000088300000, 0x0000000088200000| Untracked 
| 131|0x0000000088300000, 0x0000000088400000, 0x0000000088400000|100%| O|  |TAMS 0x0000000088400000, 0x0000000088300000| Untracked 
| 132|0x0000000088400000, 0x0000000088400000, 0x0000000088500000|  0%| F|  |TAMS 0x0000000088400000, 0x0000000088400000| Untracked 
| 133|0x0000000088500000, 0x0000000088600000, 0x0000000088600000|100%| O|  |TAMS 0x0000000088600000, 0x0000000088500000| Untracked 
| 134|0x0000000088600000, 0x0000000088600000, 0x0000000088700000|  0%| F|  |TAMS 0x0000000088600000, 0x0000000088600000| Untracked 
| 135|0x0000000088700000, 0x0000000088800000, 0x0000000088800000|100%| O|  |TAMS 0x0000000088800000, 0x0000000088700000| Untracked 
| 136|0x0000000088800000, 0x0000000088900000, 0x0000000088900000|100%| O|  |TAMS 0x0000000088900000, 0x0000000088800000| Untracked 
| 137|0x0000000088900000, 0x0000000088a00000, 0x0000000088a00000|100%| O|  |TAMS 0x0000000088a00000, 0x0000000088900000| Untracked 
| 138|0x0000000088a00000, 0x0000000088b00000, 0x0000000088b00000|100%| O|  |TAMS 0x0000000088b00000, 0x0000000088a00000| Untracked 
| 139|0x0000000088b00000, 0x0000000088c00000, 0x0000000088c00000|100%| O|  |TAMS 0x0000000088c00000, 0x0000000088b00000| Untracked 
| 140|0x0000000088c00000, 0x0000000088c00000, 0x0000000088d00000|  0%| F|  |TAMS 0x0000000088c00000, 0x0000000088c00000| Untracked 
| 141|0x0000000088d00000, 0x0000000088e00000, 0x0000000088e00000|100%| O|  |TAMS 0x0000000088e00000, 0x0000000088d00000| Untracked 
| 142|0x0000000088e00000, 0x0000000088f00000, 0x0000000088f00000|100%| O|  |TAMS 0x0000000088f00000, 0x0000000088e00000| Untracked 
| 143|0x0000000088f00000, 0x0000000089000000, 0x0000000089000000|100%| O|  |TAMS 0x0000000089000000, 0x0000000088f00000| Untracked 
| 144|0x0000000089000000, 0x0000000089100000, 0x0000000089100000|100%| O|  |TAMS 0x0000000089100000, 0x0000000089000000| Untracked 
| 145|0x0000000089100000, 0x0000000089200000, 0x0000000089200000|100%| O|  |TAMS 0x0000000089200000, 0x0000000089100000| Untracked 
| 146|0x0000000089200000, 0x0000000089300000, 0x0000000089300000|100%| O|  |TAMS 0x0000000089300000, 0x0000000089200000| Untracked 
| 147|0x0000000089300000, 0x0000000089400000, 0x0000000089400000|100%| O|  |TAMS 0x0000000089400000, 0x0000000089300000| Untracked 
| 148|0x0000000089400000, 0x0000000089400000, 0x0000000089500000|  0%| F|  |TAMS 0x0000000089400000, 0x0000000089400000| Untracked 
| 149|0x0000000089500000, 0x0000000089600000, 0x0000000089600000|100%| O|  |TAMS 0x0000000089600000, 0x0000000089500000| Untracked 
| 150|0x0000000089600000, 0x0000000089700000, 0x0000000089700000|100%| O|  |TAMS 0x0000000089700000, 0x0000000089600000| Untracked 
| 151|0x0000000089700000, 0x0000000089800000, 0x0000000089800000|100%| O|  |TAMS 0x0000000089800000, 0x0000000089700000| Untracked 
| 152|0x0000000089800000, 0x0000000089900000, 0x0000000089900000|100%| O|  |TAMS 0x0000000089900000, 0x0000000089800000| Untracked 
| 153|0x0000000089900000, 0x0000000089900000, 0x0000000089a00000|  0%| F|  |TAMS 0x0000000089900000, 0x0000000089900000| Untracked 
| 154|0x0000000089a00000, 0x0000000089b00000, 0x0000000089b00000|100%| O|  |TAMS 0x0000000089b00000, 0x0000000089a00000| Untracked 
| 155|0x0000000089b00000, 0x0000000089b00000, 0x0000000089c00000|  0%| F|  |TAMS 0x0000000089b00000, 0x0000000089b00000| Untracked 
| 156|0x0000000089c00000, 0x0000000089c00000, 0x0000000089d00000|  0%| F|  |TAMS 0x0000000089c00000, 0x0000000089c00000| Untracked 
| 157|0x0000000089d00000, 0x0000000089d00000, 0x0000000089e00000|  0%| F|  |TAMS 0x0000000089d00000, 0x0000000089d00000| Untracked 
| 158|0x0000000089e00000, 0x0000000089e00000, 0x0000000089f00000|  0%| F|  |TAMS 0x0000000089e00000, 0x0000000089e00000| Untracked 
| 159|0x0000000089f00000, 0x000000008a000000, 0x000000008a000000|100%| O|  |TAMS 0x000000008a000000, 0x0000000089f00000| Untracked 
| 160|0x000000008a000000, 0x000000008a100000, 0x000000008a100000|100%| O|  |TAMS 0x000000008a100000, 0x000000008a000000| Untracked 
| 161|0x000000008a100000, 0x000000008a200000, 0x000000008a200000|100%| O|  |TAMS 0x000000008a200000, 0x000000008a100000| Untracked 
| 162|0x000000008a200000, 0x000000008a300000, 0x000000008a300000|100%| O|  |TAMS 0x000000008a300000, 0x000000008a200000| Untracked 
| 163|0x000000008a300000, 0x000000008a400000, 0x000000008a400000|100%| O|  |TAMS 0x000000008a400000, 0x000000008a300000| Untracked 
| 164|0x000000008a400000, 0x000000008a500000, 0x000000008a500000|100%| O|  |TAMS 0x000000008a500000, 0x000000008a400000| Untracked 
| 165|0x000000008a500000, 0x000000008a600000, 0x000000008a600000|100%| O|  |TAMS 0x000000008a600000, 0x000000008a500000| Untracked 
| 166|0x000000008a600000, 0x000000008a700000, 0x000000008a700000|100%| O|  |TAMS 0x000000008a700000, 0x000000008a600000| Untracked 
| 167|0x000000008a700000, 0x000000008a800000, 0x000000008a800000|100%| O|  |TAMS 0x000000008a800000, 0x000000008a700000| Untracked 
| 168|0x000000008a800000, 0x000000008a900000, 0x000000008a900000|100%| O|  |TAMS 0x000000008a900000, 0x000000008a800000| Untracked 
| 169|0x000000008a900000, 0x000000008aa00000, 0x000000008aa00000|100%| O|  |TAMS 0x000000008aa00000, 0x000000008a900000| Untracked 
| 170|0x000000008aa00000, 0x000000008ab00000, 0x000000008ab00000|100%| O|  |TAMS 0x000000008aa00000, 0x000000008aa00000| Untracked 
| 171|0x000000008ab00000, 0x000000008ab00000, 0x000000008ac00000|  0%| F|  |TAMS 0x000000008ab00000, 0x000000008ab00000| Untracked 
| 172|0x000000008ac00000, 0x000000008ad00000, 0x000000008ad00000|100%| O|  |TAMS 0x000000008ad00000, 0x000000008ac00000| Untracked 
| 173|0x000000008ad00000, 0x000000008ae00000, 0x000000008ae00000|100%| O|  |TAMS 0x000000008ae00000, 0x000000008ad00000| Untracked 
| 174|0x000000008ae00000, 0x000000008ae00000, 0x000000008af00000|  0%| F|  |TAMS 0x000000008ae00000, 0x000000008ae00000| Untracked 
| 175|0x000000008af00000, 0x000000008b000000, 0x000000008b000000|100%| O|  |TAMS 0x000000008b000000, 0x000000008af00000| Untracked 
| 176|0x000000008b000000, 0x000000008b100000, 0x000000008b100000|100%| O|  |TAMS 0x000000008b100000, 0x000000008b000000| Untracked 
| 177|0x000000008b100000, 0x000000008b200000, 0x000000008b200000|100%| O|  |TAMS 0x000000008b200000, 0x000000008b100000| Untracked 
| 178|0x000000008b200000, 0x000000008b200000, 0x000000008b300000|  0%| F|  |TAMS 0x000000008b200000, 0x000000008b200000| Untracked 
| 179|0x000000008b300000, 0x000000008b400000, 0x000000008b400000|100%| O|  |TAMS 0x000000008b400000, 0x000000008b300000| Untracked 
| 180|0x000000008b400000, 0x000000008b400000, 0x000000008b500000|  0%| F|  |TAMS 0x000000008b400000, 0x000000008b400000| Untracked 
| 181|0x000000008b500000, 0x000000008b500000, 0x000000008b600000|  0%| F|  |TAMS 0x000000008b500000, 0x000000008b500000| Untracked 
| 182|0x000000008b600000, 0x000000008b700000, 0x000000008b700000|100%| O|  |TAMS 0x000000008b700000, 0x000000008b600000| Untracked 
| 183|0x000000008b700000, 0x000000008b800000, 0x000000008b800000|100%| O|  |TAMS 0x000000008b800000, 0x000000008b700000| Untracked 
| 184|0x000000008b800000, 0x000000008b900000, 0x000000008b900000|100%| O|  |TAMS 0x000000008b900000, 0x000000008b800000| Untracked 
| 185|0x000000008b900000, 0x000000008ba00000, 0x000000008ba00000|100%| O|  |TAMS 0x000000008ba00000, 0x000000008b900000| Untracked 
| 186|0x000000008ba00000, 0x000000008bb00000, 0x000000008bb00000|100%| O|  |TAMS 0x000000008bb00000, 0x000000008ba00000| Untracked 
| 187|0x000000008bb00000, 0x000000008bc00000, 0x000000008bc00000|100%| O|  |TAMS 0x000000008bc00000, 0x000000008bb00000| Untracked 
| 188|0x000000008bc00000, 0x000000008bd00000, 0x000000008bd00000|100%| O|  |TAMS 0x000000008bd00000, 0x000000008bc00000| Untracked 
| 189|0x000000008bd00000, 0x000000008be00000, 0x000000008be00000|100%| O|  |TAMS 0x000000008be00000, 0x000000008bd00000| Untracked 
| 190|0x000000008be00000, 0x000000008bf00000, 0x000000008bf00000|100%| O|  |TAMS 0x000000008bf00000, 0x000000008be00000| Untracked 
| 191|0x000000008bf00000, 0x000000008c000000, 0x000000008c000000|100%| O|  |TAMS 0x000000008c000000, 0x000000008bf00000| Untracked 
| 192|0x000000008c000000, 0x000000008c100000, 0x000000008c100000|100%| O|  |TAMS 0x000000008c100000, 0x000000008c000000| Untracked 
| 193|0x000000008c100000, 0x000000008c100000, 0x000000008c200000|  0%| F|  |TAMS 0x000000008c100000, 0x000000008c100000| Untracked 
| 194|0x000000008c200000, 0x000000008c200000, 0x000000008c300000|  0%| F|  |TAMS 0x000000008c200000, 0x000000008c200000| Untracked 
| 195|0x000000008c300000, 0x000000008c400000, 0x000000008c400000|100%| O|  |TAMS 0x000000008c400000, 0x000000008c300000| Untracked 
| 196|0x000000008c400000, 0x000000008c500000, 0x000000008c500000|100%| O|  |TAMS 0x000000008c500000, 0x000000008c400000| Untracked 
| 197|0x000000008c500000, 0x000000008c600000, 0x000000008c600000|100%| O|  |TAMS 0x000000008c600000, 0x000000008c500000| Untracked 
| 198|0x000000008c600000, 0x000000008c700000, 0x000000008c700000|100%| O|  |TAMS 0x000000008c700000, 0x000000008c600000| Untracked 
| 199|0x000000008c700000, 0x000000008c800000, 0x000000008c800000|100%| O|  |TAMS 0x000000008c800000, 0x000000008c700000| Untracked 
| 200|0x000000008c800000, 0x000000008c900000, 0x000000008c900000|100%| O|  |TAMS 0x000000008c900000, 0x000000008c800000| Untracked 
| 201|0x000000008c900000, 0x000000008ca00000, 0x000000008ca00000|100%| O|  |TAMS 0x000000008ca00000, 0x000000008c900000| Untracked 
| 202|0x000000008ca00000, 0x000000008cb00000, 0x000000008cb00000|100%| O|  |TAMS 0x000000008cb00000, 0x000000008ca00000| Untracked 
| 203|0x000000008cb00000, 0x000000008cc00000, 0x000000008cc00000|100%| O|  |TAMS 0x000000008cc00000, 0x000000008cb00000| Untracked 
| 204|0x000000008cc00000, 0x000000008cd00000, 0x000000008cd00000|100%| O|  |TAMS 0x000000008cd00000, 0x000000008cc00000| Untracked 
| 205|0x000000008cd00000, 0x000000008ce00000, 0x000000008ce00000|100%| O|  |TAMS 0x000000008ce00000, 0x000000008cd00000| Untracked 
| 206|0x000000008ce00000, 0x000000008cf00000, 0x000000008cf00000|100%| O|  |TAMS 0x000000008cf00000, 0x000000008ce00000| Untracked 
| 207|0x000000008cf00000, 0x000000008d000000, 0x000000008d000000|100%| O|  |TAMS 0x000000008d000000, 0x000000008cf00000| Untracked 
| 208|0x000000008d000000, 0x000000008d100000, 0x000000008d100000|100%| O|  |TAMS 0x000000008d100000, 0x000000008d000000| Untracked 
| 209|0x000000008d100000, 0x000000008d200000, 0x000000008d200000|100%| O|  |TAMS 0x000000008d200000, 0x000000008d100000| Untracked 
| 210|0x000000008d200000, 0x000000008d300000, 0x000000008d300000|100%| O|  |TAMS 0x000000008d300000, 0x000000008d200000| Untracked 
| 211|0x000000008d300000, 0x000000008d400000, 0x000000008d400000|100%| O|  |TAMS 0x000000008d400000, 0x000000008d300000| Untracked 
| 212|0x000000008d400000, 0x000000008d500000, 0x000000008d500000|100%| O|  |TAMS 0x000000008d500000, 0x000000008d400000| Untracked 
| 213|0x000000008d500000, 0x000000008d600000, 0x000000008d600000|100%| O|  |TAMS 0x000000008d600000, 0x000000008d500000| Untracked 
| 214|0x000000008d600000, 0x000000008d700000, 0x000000008d700000|100%| O|  |TAMS 0x000000008d700000, 0x000000008d600000| Untracked 
| 215|0x000000008d700000, 0x000000008d800000, 0x000000008d800000|100%| O|  |TAMS 0x000000008d800000, 0x000000008d700000| Untracked 
| 216|0x000000008d800000, 0x000000008d900000, 0x000000008d900000|100%| O|  |TAMS 0x000000008d900000, 0x000000008d800000| Untracked 
| 217|0x000000008d900000, 0x000000008da00000, 0x000000008da00000|100%| O|  |TAMS 0x000000008da00000, 0x000000008d900000| Untracked 
| 218|0x000000008da00000, 0x000000008db00000, 0x000000008db00000|100%| O|  |TAMS 0x000000008db00000, 0x000000008da00000| Untracked 
| 219|0x000000008db00000, 0x000000008dc00000, 0x000000008dc00000|100%| O|  |TAMS 0x000000008dc00000, 0x000000008db00000| Untracked 
| 220|0x000000008dc00000, 0x000000008dd00000, 0x000000008dd00000|100%| O|  |TAMS 0x000000008dd00000, 0x000000008dc00000| Untracked 
| 221|0x000000008dd00000, 0x000000008de00000, 0x000000008de00000|100%| O|  |TAMS 0x000000008de00000, 0x000000008dd00000| Untracked 
| 222|0x000000008de00000, 0x000000008df00000, 0x000000008df00000|100%| O|  |TAMS 0x000000008df00000, 0x000000008de00000| Untracked 
| 223|0x000000008df00000, 0x000000008df00000, 0x000000008e000000|  0%| F|  |TAMS 0x000000008df00000, 0x000000008df00000| Untracked 
| 224|0x000000008e000000, 0x000000008e100000, 0x000000008e100000|100%| O|  |TAMS 0x000000008e100000, 0x000000008e000000| Untracked 
| 225|0x000000008e100000, 0x000000008e200000, 0x000000008e200000|100%| O|  |TAMS 0x000000008e200000, 0x000000008e100000| Untracked 
| 226|0x000000008e200000, 0x000000008e200000, 0x000000008e300000|  0%| F|  |TAMS 0x000000008e200000, 0x000000008e200000| Untracked 
| 227|0x000000008e300000, 0x000000008e300000, 0x000000008e400000|  0%| F|  |TAMS 0x000000008e300000, 0x000000008e300000| Untracked 
| 228|0x000000008e400000, 0x000000008e500000, 0x000000008e500000|100%| O|  |TAMS 0x000000008e500000, 0x000000008e400000| Untracked 
| 229|0x000000008e500000, 0x000000008e600000, 0x000000008e600000|100%| O|  |TAMS 0x000000008e600000, 0x000000008e500000| Untracked 
| 230|0x000000008e600000, 0x000000008e700000, 0x000000008e700000|100%| O|  |TAMS 0x000000008e6fb200, 0x000000008e600000| Untracked 
| 231|0x000000008e700000, 0x000000008e800000, 0x000000008e800000|100%| O|  |TAMS 0x000000008e700000, 0x000000008e700000| Untracked 
| 232|0x000000008e800000, 0x000000008e900000, 0x000000008e900000|100%| O|  |TAMS 0x000000008e800000, 0x000000008e800000| Untracked 
| 233|0x000000008e900000, 0x000000008ea00000, 0x000000008ea00000|100%| O|  |TAMS 0x000000008e900000, 0x000000008e900000| Untracked 
| 234|0x000000008ea00000, 0x000000008eb00000, 0x000000008eb00000|100%| O|  |TAMS 0x000000008ea00000, 0x000000008ea00000| Untracked 
| 235|0x000000008eb00000, 0x000000008ec00000, 0x000000008ec00000|100%| O|  |TAMS 0x000000008eb00000, 0x000000008eb00000| Untracked 
| 236|0x000000008ec00000, 0x000000008ed00000, 0x000000008ed00000|100%| O|  |TAMS 0x000000008ec00000, 0x000000008ec00000| Untracked 
| 237|0x000000008ed00000, 0x000000008ee00000, 0x000000008ee00000|100%| O|  |TAMS 0x000000008ed00000, 0x000000008ed00000| Untracked 
| 238|0x000000008ee00000, 0x000000008ef00000, 0x000000008ef00000|100%| O|  |TAMS 0x000000008ee00000, 0x000000008ee00000| Untracked 
| 239|0x000000008ef00000, 0x000000008f000000, 0x000000008f000000|100%| O|  |TAMS 0x000000008ef00000, 0x000000008ef00000| Untracked 
| 240|0x000000008f000000, 0x000000008f100000, 0x000000008f100000|100%| O|  |TAMS 0x000000008f000000, 0x000000008f000000| Untracked 
| 241|0x000000008f100000, 0x000000008f200000, 0x000000008f200000|100%| O|  |TAMS 0x000000008f100000, 0x000000008f100000| Untracked 
| 242|0x000000008f200000, 0x000000008f300000, 0x000000008f300000|100%| O|  |TAMS 0x000000008f200000, 0x000000008f200000| Untracked 
| 243|0x000000008f300000, 0x000000008f400000, 0x000000008f400000|100%| O|  |TAMS 0x000000008f300000, 0x000000008f300000| Untracked 
| 244|0x000000008f400000, 0x000000008f500000, 0x000000008f500000|100%| O|  |TAMS 0x000000008f400000, 0x000000008f400000| Untracked 
| 245|0x000000008f500000, 0x000000008f600000, 0x000000008f600000|100%| O|  |TAMS 0x000000008f500000, 0x000000008f500000| Untracked 
| 246|0x000000008f600000, 0x000000008f700000, 0x000000008f700000|100%| O|  |TAMS 0x000000008f600000, 0x000000008f600000| Untracked 
| 247|0x000000008f700000, 0x000000008f800000, 0x000000008f800000|100%| O|  |TAMS 0x000000008f700000, 0x000000008f700000| Untracked 
| 248|0x000000008f800000, 0x000000008f900000, 0x000000008f900000|100%| O|  |TAMS 0x000000008f800000, 0x000000008f800000| Untracked 
| 249|0x000000008f900000, 0x000000008fa00000, 0x000000008fa00000|100%| O|  |TAMS 0x000000008f900000, 0x000000008f900000| Untracked 
| 250|0x000000008fa00000, 0x000000008fb00000, 0x000000008fb00000|100%| O|  |TAMS 0x000000008fa00000, 0x000000008fa00000| Untracked 
| 251|0x000000008fb00000, 0x000000008fc00000, 0x000000008fc00000|100%| O|  |TAMS 0x000000008fb00000, 0x000000008fb00000| Untracked 
| 252|0x000000008fc00000, 0x000000008fd00000, 0x000000008fd00000|100%| O|  |TAMS 0x000000008fc00000, 0x000000008fc00000| Untracked 
| 253|0x000000008fd00000, 0x000000008fe00000, 0x000000008fe00000|100%| O|  |TAMS 0x000000008fd00000, 0x000000008fd00000| Untracked 
| 254|0x000000008fe00000, 0x000000008ff00000, 0x000000008ff00000|100%| O|  |TAMS 0x000000008fe00000, 0x000000008fe00000| Untracked 
| 255|0x000000008ff00000, 0x0000000090000000, 0x0000000090000000|100%| O|  |TAMS 0x000000008ff00000, 0x000000008ff00000| Untracked 
| 256|0x0000000090000000, 0x0000000090100000, 0x0000000090100000|100%| O|  |TAMS 0x0000000090000000, 0x0000000090000000| Untracked 
| 257|0x0000000090100000, 0x0000000090200000, 0x0000000090200000|100%| O|  |TAMS 0x0000000090100000, 0x0000000090100000| Untracked 
| 258|0x0000000090200000, 0x0000000090300000, 0x0000000090300000|100%| O|  |TAMS 0x0000000090200000, 0x0000000090200000| Untracked 
| 259|0x0000000090300000, 0x0000000090400000, 0x0000000090400000|100%| O|  |TAMS 0x0000000090300000, 0x0000000090300000| Untracked 
| 260|0x0000000090400000, 0x0000000090500000, 0x0000000090500000|100%| O|  |TAMS 0x0000000090400000, 0x0000000090400000| Untracked 
| 261|0x0000000090500000, 0x0000000090600000, 0x0000000090600000|100%| O|  |TAMS 0x0000000090500000, 0x0000000090500000| Untracked 
| 262|0x0000000090600000, 0x0000000090700000, 0x0000000090700000|100%| O|  |TAMS 0x0000000090600000, 0x0000000090600000| Untracked 
| 263|0x0000000090700000, 0x0000000090800000, 0x0000000090800000|100%| O|  |TAMS 0x0000000090700000, 0x0000000090700000| Untracked 
| 264|0x0000000090800000, 0x0000000090900000, 0x0000000090900000|100%| O|  |TAMS 0x0000000090800000, 0x0000000090800000| Untracked 
| 265|0x0000000090900000, 0x0000000090a00000, 0x0000000090a00000|100%| O|  |TAMS 0x0000000090900000, 0x0000000090900000| Untracked 
| 266|0x0000000090a00000, 0x0000000090b00000, 0x0000000090b00000|100%| O|  |TAMS 0x0000000090a00000, 0x0000000090a00000| Untracked 
| 267|0x0000000090b00000, 0x0000000090c00000, 0x0000000090c00000|100%| O|  |TAMS 0x0000000090b00000, 0x0000000090b00000| Untracked 
| 268|0x0000000090c00000, 0x0000000090d00000, 0x0000000090d00000|100%| O|  |TAMS 0x0000000090c00000, 0x0000000090c00000| Untracked 
| 269|0x0000000090d00000, 0x0000000090e00000, 0x0000000090e00000|100%| O|  |TAMS 0x0000000090d00000, 0x0000000090d00000| Untracked 
| 270|0x0000000090e00000, 0x0000000090f00000, 0x0000000090f00000|100%| O|  |TAMS 0x0000000090e00000, 0x0000000090e00000| Untracked 
| 271|0x0000000090f00000, 0x0000000091000000, 0x0000000091000000|100%| O|  |TAMS 0x0000000090f00000, 0x0000000090f00000| Untracked 
| 272|0x0000000091000000, 0x0000000091100000, 0x0000000091100000|100%| O|  |TAMS 0x0000000091000000, 0x0000000091000000| Untracked 
| 273|0x0000000091100000, 0x0000000091200000, 0x0000000091200000|100%| O|  |TAMS 0x0000000091100000, 0x0000000091100000| Untracked 
| 274|0x0000000091200000, 0x0000000091300000, 0x0000000091300000|100%| O|  |TAMS 0x0000000091200000, 0x0000000091200000| Untracked 
| 275|0x0000000091300000, 0x0000000091400000, 0x0000000091400000|100%| O|  |TAMS 0x0000000091300000, 0x0000000091300000| Untracked 
| 276|0x0000000091400000, 0x0000000091500000, 0x0000000091500000|100%| O|  |TAMS 0x0000000091400000, 0x0000000091400000| Untracked 
| 277|0x0000000091500000, 0x0000000091600000, 0x0000000091600000|100%| O|  |TAMS 0x0000000091500000, 0x0000000091500000| Untracked 
| 278|0x0000000091600000, 0x0000000091700000, 0x0000000091700000|100%| O|  |TAMS 0x0000000091600000, 0x0000000091600000| Untracked 
| 279|0x0000000091700000, 0x0000000091800000, 0x0000000091800000|100%| O|  |TAMS 0x0000000091700000, 0x0000000091700000| Untracked 
| 280|0x0000000091800000, 0x0000000091900000, 0x0000000091900000|100%| O|  |TAMS 0x0000000091800000, 0x0000000091800000| Untracked 
| 281|0x0000000091900000, 0x0000000091a00000, 0x0000000091a00000|100%| O|  |TAMS 0x0000000091900000, 0x0000000091900000| Untracked 
| 282|0x0000000091a00000, 0x0000000091b00000, 0x0000000091b00000|100%| O|  |TAMS 0x0000000091a00000, 0x0000000091a00000| Untracked 
| 283|0x0000000091b00000, 0x0000000091c00000, 0x0000000091c00000|100%| O|  |TAMS 0x0000000091b00000, 0x0000000091b00000| Untracked 
| 284|0x0000000091c00000, 0x0000000091d00000, 0x0000000091d00000|100%| O|  |TAMS 0x0000000091c00000, 0x0000000091c00000| Untracked 
| 285|0x0000000091d00000, 0x0000000091e00000, 0x0000000091e00000|100%| O|  |TAMS 0x0000000091d00000, 0x0000000091d00000| Untracked 
| 286|0x0000000091e00000, 0x0000000091f00000, 0x0000000091f00000|100%| O|  |TAMS 0x0000000091e00000, 0x0000000091e00000| Untracked 
| 287|0x0000000091f00000, 0x0000000092000000, 0x0000000092000000|100%| O|  |TAMS 0x0000000091f00000, 0x0000000091f00000| Untracked 
| 288|0x0000000092000000, 0x0000000092000000, 0x0000000092100000|  0%| F|  |TAMS 0x0000000092000000, 0x0000000092000000| Untracked 
| 289|0x0000000092100000, 0x0000000092100000, 0x0000000092200000|  0%| F|  |TAMS 0x0000000092100000, 0x0000000092100000| Untracked 
| 290|0x0000000092200000, 0x0000000092200000, 0x0000000092300000|  0%| F|  |TAMS 0x0000000092200000, 0x0000000092200000| Untracked 
| 291|0x0000000092300000, 0x0000000092300000, 0x0000000092400000|  0%| F|  |TAMS 0x0000000092300000, 0x0000000092300000| Untracked 
| 292|0x0000000092400000, 0x0000000092400000, 0x0000000092500000|  0%| F|  |TAMS 0x0000000092400000, 0x0000000092400000| Untracked 
| 293|0x0000000092500000, 0x0000000092500000, 0x0000000092600000|  0%| F|  |TAMS 0x0000000092500000, 0x0000000092500000| Untracked 
| 294|0x0000000092600000, 0x0000000092600000, 0x0000000092700000|  0%| F|  |TAMS 0x0000000092600000, 0x0000000092600000| Untracked 
| 295|0x0000000092700000, 0x0000000092700000, 0x0000000092800000|  0%| F|  |TAMS 0x0000000092700000, 0x0000000092700000| Untracked 
| 296|0x0000000092800000, 0x0000000092800000, 0x0000000092900000|  0%| F|  |TAMS 0x0000000092800000, 0x0000000092800000| Untracked 
| 297|0x0000000092900000, 0x0000000092900000, 0x0000000092a00000|  0%| F|  |TAMS 0x0000000092900000, 0x0000000092900000| Untracked 
| 298|0x0000000092a00000, 0x0000000092a00000, 0x0000000092b00000|  0%| F|  |TAMS 0x0000000092a00000, 0x0000000092a00000| Untracked 
| 299|0x0000000092b00000, 0x0000000092b00000, 0x0000000092c00000|  0%| F|  |TAMS 0x0000000092b00000, 0x0000000092b00000| Untracked 
| 300|0x0000000092c00000, 0x0000000092c00000, 0x0000000092d00000|  0%| F|  |TAMS 0x0000000092c00000, 0x0000000092c00000| Untracked 
| 301|0x0000000092d00000, 0x0000000092d00000, 0x0000000092e00000|  0%| F|  |TAMS 0x0000000092d00000, 0x0000000092d00000| Untracked 
| 302|0x0000000092e00000, 0x0000000092e00000, 0x0000000092f00000|  0%| F|  |TAMS 0x0000000092e00000, 0x0000000092e00000| Untracked 
| 303|0x0000000092f00000, 0x0000000092f00000, 0x0000000093000000|  0%| F|  |TAMS 0x0000000092f00000, 0x0000000092f00000| Untracked 
| 304|0x0000000093000000, 0x0000000093000000, 0x0000000093100000|  0%| F|  |TAMS 0x0000000093000000, 0x0000000093000000| Untracked 
| 305|0x0000000093100000, 0x0000000093100000, 0x0000000093200000|  0%| F|  |TAMS 0x0000000093100000, 0x0000000093100000| Untracked 
| 306|0x0000000093200000, 0x0000000093200000, 0x0000000093300000|  0%| F|  |TAMS 0x0000000093200000, 0x0000000093200000| Untracked 
| 307|0x0000000093300000, 0x0000000093300000, 0x0000000093400000|  0%| F|  |TAMS 0x0000000093300000, 0x0000000093300000| Untracked 
| 308|0x0000000093400000, 0x0000000093400000, 0x0000000093500000|  0%| F|  |TAMS 0x0000000093400000, 0x0000000093400000| Untracked 
| 309|0x0000000093500000, 0x0000000093500000, 0x0000000093600000|  0%| F|  |TAMS 0x0000000093500000, 0x0000000093500000| Untracked 
| 310|0x0000000093600000, 0x0000000093600000, 0x0000000093700000|  0%| F|  |TAMS 0x0000000093600000, 0x0000000093600000| Untracked 
| 311|0x0000000093700000, 0x0000000093700000, 0x0000000093800000|  0%| F|  |TAMS 0x0000000093700000, 0x0000000093700000| Untracked 
| 312|0x0000000093800000, 0x0000000093800000, 0x0000000093900000|  0%| F|  |TAMS 0x0000000093800000, 0x0000000093800000| Untracked 
| 313|0x0000000093900000, 0x0000000093900000, 0x0000000093a00000|  0%| F|  |TAMS 0x0000000093900000, 0x0000000093900000| Untracked 
| 314|0x0000000093a00000, 0x0000000093a00000, 0x0000000093b00000|  0%| F|  |TAMS 0x0000000093a00000, 0x0000000093a00000| Untracked 
| 315|0x0000000093b00000, 0x0000000093b00000, 0x0000000093c00000|  0%| F|  |TAMS 0x0000000093b00000, 0x0000000093b00000| Untracked 
| 316|0x0000000093c00000, 0x0000000093c00000, 0x0000000093d00000|  0%| F|  |TAMS 0x0000000093c00000, 0x0000000093c00000| Untracked 
| 317|0x0000000093d00000, 0x0000000093d00000, 0x0000000093e00000|  0%| F|  |TAMS 0x0000000093d00000, 0x0000000093d00000| Untracked 
| 318|0x0000000093e00000, 0x0000000093e00000, 0x0000000093f00000|  0%| F|  |TAMS 0x0000000093e00000, 0x0000000093e00000| Untracked 
| 319|0x0000000093f00000, 0x0000000093f00000, 0x0000000094000000|  0%| F|  |TAMS 0x0000000093f00000, 0x0000000093f00000| Untracked 
| 320|0x0000000094000000, 0x0000000094000000, 0x0000000094100000|  0%| F|  |TAMS 0x0000000094000000, 0x0000000094000000| Untracked 
| 321|0x0000000094100000, 0x0000000094100000, 0x0000000094200000|  0%| F|  |TAMS 0x0000000094100000, 0x0000000094100000| Untracked 
| 322|0x0000000094200000, 0x0000000094200000, 0x0000000094300000|  0%| F|  |TAMS 0x0000000094200000, 0x0000000094200000| Untracked 
| 323|0x0000000094300000, 0x00000000943cdfd8, 0x0000000094400000| 80%| S|CS|TAMS 0x0000000094300000, 0x0000000094300000| Complete 
| 324|0x0000000094400000, 0x0000000094500000, 0x0000000094500000|100%| S|CS|TAMS 0x0000000094400000, 0x0000000094400000| Complete 
| 325|0x0000000094500000, 0x0000000094600000, 0x0000000094600000|100%| S|CS|TAMS 0x0000000094500000, 0x0000000094500000| Complete 
| 326|0x0000000094600000, 0x0000000094700000, 0x0000000094700000|100%| S|CS|TAMS 0x0000000094600000, 0x0000000094600000| Complete 
| 327|0x0000000094700000, 0x0000000094800000, 0x0000000094800000|100%| S|CS|TAMS 0x0000000094700000, 0x0000000094700000| Complete 
| 328|0x0000000094800000, 0x0000000094900000, 0x0000000094900000|100%| S|CS|TAMS 0x0000000094800000, 0x0000000094800000| Complete 
| 329|0x0000000094900000, 0x0000000094a00000, 0x0000000094a00000|100%| S|CS|TAMS 0x0000000094900000, 0x0000000094900000| Complete 
| 330|0x0000000094a00000, 0x0000000094b00000, 0x0000000094b00000|100%| S|CS|TAMS 0x0000000094a00000, 0x0000000094a00000| Complete 
| 331|0x0000000094b00000, 0x0000000094c00000, 0x0000000094c00000|100%| S|CS|TAMS 0x0000000094b00000, 0x0000000094b00000| Complete 
| 332|0x0000000094c00000, 0x0000000094d00000, 0x0000000094d00000|100%| S|CS|TAMS 0x0000000094c00000, 0x0000000094c00000| Complete 
| 333|0x0000000094d00000, 0x0000000094e00000, 0x0000000094e00000|100%| S|CS|TAMS 0x0000000094d00000, 0x0000000094d00000| Complete 
| 334|0x0000000094e00000, 0x0000000094e00000, 0x0000000094f00000|  0%| F|  |TAMS 0x0000000094e00000, 0x0000000094e00000| Untracked 
| 335|0x0000000094f00000, 0x0000000094f00000, 0x0000000095000000|  0%| F|  |TAMS 0x0000000094f00000, 0x0000000094f00000| Untracked 
| 336|0x0000000095000000, 0x0000000095000000, 0x0000000095100000|  0%| F|  |TAMS 0x0000000095000000, 0x0000000095000000| Untracked 
| 337|0x0000000095100000, 0x0000000095100000, 0x0000000095200000|  0%| F|  |TAMS 0x0000000095100000, 0x0000000095100000| Untracked 
| 338|0x0000000095200000, 0x0000000095200000, 0x0000000095300000|  0%| F|  |TAMS 0x0000000095200000, 0x0000000095200000| Untracked 
| 339|0x0000000095300000, 0x0000000095300000, 0x0000000095400000|  0%| F|  |TAMS 0x0000000095300000, 0x0000000095300000| Untracked 
| 340|0x0000000095400000, 0x0000000095400000, 0x0000000095500000|  0%| F|  |TAMS 0x0000000095400000, 0x0000000095400000| Untracked 
| 341|0x0000000095500000, 0x0000000095500000, 0x0000000095600000|  0%| F|  |TAMS 0x0000000095500000, 0x0000000095500000| Untracked 
| 342|0x0000000095600000, 0x0000000095600000, 0x0000000095700000|  0%| F|  |TAMS 0x0000000095600000, 0x0000000095600000| Untracked 
| 343|0x0000000095700000, 0x0000000095700000, 0x0000000095800000|  0%| F|  |TAMS 0x0000000095700000, 0x0000000095700000| Untracked 
| 344|0x0000000095800000, 0x0000000095800000, 0x0000000095900000|  0%| F|  |TAMS 0x0000000095800000, 0x0000000095800000| Untracked 
| 345|0x0000000095900000, 0x0000000095900000, 0x0000000095a00000|  0%| F|  |TAMS 0x0000000095900000, 0x0000000095900000| Untracked 
| 346|0x0000000095a00000, 0x0000000095b00000, 0x0000000095b00000|100%| S|CS|TAMS 0x0000000095a00000, 0x0000000095a00000| Complete 
| 347|0x0000000095b00000, 0x0000000095c00000, 0x0000000095c00000|100%| S|CS|TAMS 0x0000000095b00000, 0x0000000095b00000| Complete 
| 348|0x0000000095c00000, 0x0000000095d00000, 0x0000000095d00000|100%| S|CS|TAMS 0x0000000095c00000, 0x0000000095c00000| Complete 
| 349|0x0000000095d00000, 0x0000000095e00000, 0x0000000095e00000|100%| S|CS|TAMS 0x0000000095d00000, 0x0000000095d00000| Complete 
| 350|0x0000000095e00000, 0x0000000095f00000, 0x0000000095f00000|100%| S|CS|TAMS 0x0000000095e00000, 0x0000000095e00000| Complete 
| 351|0x0000000095f00000, 0x0000000096000000, 0x0000000096000000|100%| S|CS|TAMS 0x0000000095f00000, 0x0000000095f00000| Complete 
| 352|0x0000000096000000, 0x0000000096100000, 0x0000000096100000|100%| S|CS|TAMS 0x0000000096000000, 0x0000000096000000| Complete 
| 353|0x0000000096100000, 0x0000000096200000, 0x0000000096200000|100%| S|CS|TAMS 0x0000000096100000, 0x0000000096100000| Complete 
| 354|0x0000000096200000, 0x0000000096300000, 0x0000000096300000|100%| S|CS|TAMS 0x0000000096200000, 0x0000000096200000| Complete 
| 355|0x0000000096300000, 0x0000000096400000, 0x0000000096400000|100%| S|CS|TAMS 0x0000000096300000, 0x0000000096300000| Complete 
| 356|0x0000000096400000, 0x0000000096500000, 0x0000000096500000|100%| S|CS|TAMS 0x0000000096400000, 0x0000000096400000| Complete 
| 357|0x0000000096500000, 0x0000000096600000, 0x0000000096600000|100%| S|CS|TAMS 0x0000000096500000, 0x0000000096500000| Complete 
| 358|0x0000000096600000, 0x0000000096600000, 0x0000000096700000|  0%| F|  |TAMS 0x0000000096600000, 0x0000000096600000| Untracked 
| 359|0x0000000096700000, 0x0000000096700000, 0x0000000096800000|  0%| F|  |TAMS 0x0000000096700000, 0x0000000096700000| Untracked 
| 360|0x0000000096800000, 0x0000000096900000, 0x0000000096900000|100%| S|CS|TAMS 0x0000000096800000, 0x0000000096800000| Complete 
| 361|0x0000000096900000, 0x0000000096a00000, 0x0000000096a00000|100%| S|CS|TAMS 0x0000000096900000, 0x0000000096900000| Complete 
| 362|0x0000000096a00000, 0x0000000096b00000, 0x0000000096b00000|100%| S|CS|TAMS 0x0000000096a00000, 0x0000000096a00000| Complete 
| 363|0x0000000096b00000, 0x0000000096b00000, 0x0000000096c00000|  0%| F|  |TAMS 0x0000000096b00000, 0x0000000096b00000| Untracked 
| 364|0x0000000096c00000, 0x0000000096c00000, 0x0000000096d00000|  0%| F|  |TAMS 0x0000000096c00000, 0x0000000096c00000| Untracked 
| 365|0x0000000096d00000, 0x0000000096d00000, 0x0000000096e00000|  0%| F|  |TAMS 0x0000000096d00000, 0x0000000096d00000| Untracked 
| 366|0x0000000096e00000, 0x0000000096e00000, 0x0000000096f00000|  0%| F|  |TAMS 0x0000000096e00000, 0x0000000096e00000| Untracked 
| 367|0x0000000096f00000, 0x0000000096f00000, 0x0000000097000000|  0%| F|  |TAMS 0x0000000096f00000, 0x0000000096f00000| Untracked 
| 368|0x0000000097000000, 0x0000000097000000, 0x0000000097100000|  0%| F|  |TAMS 0x0000000097000000, 0x0000000097000000| Untracked 
| 369|0x0000000097100000, 0x0000000097100000, 0x0000000097200000|  0%| F|  |TAMS 0x0000000097100000, 0x0000000097100000| Untracked 
| 370|0x0000000097200000, 0x0000000097200000, 0x0000000097300000|  0%| F|  |TAMS 0x0000000097200000, 0x0000000097200000| Untracked 
| 371|0x0000000097300000, 0x0000000097300000, 0x0000000097400000|  0%| F|  |TAMS 0x0000000097300000, 0x0000000097300000| Untracked 
| 372|0x0000000097400000, 0x0000000097400000, 0x0000000097500000|  0%| F|  |TAMS 0x0000000097400000, 0x0000000097400000| Untracked 
| 373|0x0000000097500000, 0x0000000097500000, 0x0000000097600000|  0%| F|  |TAMS 0x0000000097500000, 0x0000000097500000| Untracked 
| 374|0x0000000097600000, 0x0000000097600000, 0x0000000097700000|  0%| F|  |TAMS 0x0000000097600000, 0x0000000097600000| Untracked 
| 375|0x0000000097700000, 0x0000000097700000, 0x0000000097800000|  0%| F|  |TAMS 0x0000000097700000, 0x0000000097700000| Untracked 
| 376|0x0000000097800000, 0x0000000097800000, 0x0000000097900000|  0%| F|  |TAMS 0x0000000097800000, 0x0000000097800000| Untracked 
| 377|0x0000000097900000, 0x0000000097900000, 0x0000000097a00000|  0%| F|  |TAMS 0x0000000097900000, 0x0000000097900000| Untracked 
| 378|0x0000000097a00000, 0x0000000097a00000, 0x0000000097b00000|  0%| F|  |TAMS 0x0000000097a00000, 0x0000000097a00000| Untracked 
| 379|0x0000000097b00000, 0x0000000097b00000, 0x0000000097c00000|  0%| F|  |TAMS 0x0000000097b00000, 0x0000000097b00000| Untracked 
| 380|0x0000000097c00000, 0x0000000097c00000, 0x0000000097d00000|  0%| F|  |TAMS 0x0000000097c00000, 0x0000000097c00000| Untracked 
| 381|0x0000000097d00000, 0x0000000097d00000, 0x0000000097e00000|  0%| F|  |TAMS 0x0000000097d00000, 0x0000000097d00000| Untracked 
| 382|0x0000000097e00000, 0x0000000097e00000, 0x0000000097f00000|  0%| F|  |TAMS 0x0000000097e00000, 0x0000000097e00000| Untracked 
| 383|0x0000000097f00000, 0x0000000097f00000, 0x0000000098000000|  0%| F|  |TAMS 0x0000000097f00000, 0x0000000097f00000| Untracked 
| 384|0x0000000098000000, 0x0000000098000000, 0x0000000098100000|  0%| F|  |TAMS 0x0000000098000000, 0x0000000098000000| Untracked 
| 385|0x0000000098100000, 0x0000000098100000, 0x0000000098200000|  0%| F|  |TAMS 0x0000000098100000, 0x0000000098100000| Untracked 
| 386|0x0000000098200000, 0x0000000098200000, 0x0000000098300000|  0%| F|  |TAMS 0x0000000098200000, 0x0000000098200000| Untracked 
| 387|0x0000000098300000, 0x0000000098300000, 0x0000000098400000|  0%| F|  |TAMS 0x0000000098300000, 0x0000000098300000| Untracked 
| 388|0x0000000098400000, 0x0000000098400000, 0x0000000098500000|  0%| F|  |TAMS 0x0000000098400000, 0x0000000098400000| Untracked 
| 389|0x0000000098500000, 0x0000000098500000, 0x0000000098600000|  0%| F|  |TAMS 0x0000000098500000, 0x0000000098500000| Untracked 
| 390|0x0000000098600000, 0x0000000098600000, 0x0000000098700000|  0%| F|  |TAMS 0x0000000098600000, 0x0000000098600000| Untracked 
| 391|0x0000000098700000, 0x0000000098700000, 0x0000000098800000|  0%| F|  |TAMS 0x0000000098700000, 0x0000000098700000| Untracked 
| 392|0x0000000098800000, 0x0000000098800000, 0x0000000098900000|  0%| F|  |TAMS 0x0000000098800000, 0x0000000098800000| Untracked 
| 393|0x0000000098900000, 0x0000000098900000, 0x0000000098a00000|  0%| F|  |TAMS 0x0000000098900000, 0x0000000098900000| Untracked 
| 394|0x0000000098a00000, 0x0000000098a00000, 0x0000000098b00000|  0%| F|  |TAMS 0x0000000098a00000, 0x0000000098a00000| Untracked 
| 395|0x0000000098b00000, 0x0000000098b00000, 0x0000000098c00000|  0%| F|  |TAMS 0x0000000098b00000, 0x0000000098b00000| Untracked 
| 396|0x0000000098c00000, 0x0000000098c00000, 0x0000000098d00000|  0%| F|  |TAMS 0x0000000098c00000, 0x0000000098c00000| Untracked 
| 397|0x0000000098d00000, 0x0000000098d00000, 0x0000000098e00000|  0%| F|  |TAMS 0x0000000098d00000, 0x0000000098d00000| Untracked 
| 398|0x0000000098e00000, 0x0000000098e00000, 0x0000000098f00000|  0%| F|  |TAMS 0x0000000098e00000, 0x0000000098e00000| Untracked 
| 399|0x0000000098f00000, 0x0000000098f00000, 0x0000000099000000|  0%| F|  |TAMS 0x0000000098f00000, 0x0000000098f00000| Untracked 
| 400|0x0000000099000000, 0x0000000099000000, 0x0000000099100000|  0%| F|  |TAMS 0x0000000099000000, 0x0000000099000000| Untracked 
| 401|0x0000000099100000, 0x0000000099100000, 0x0000000099200000|  0%| F|  |TAMS 0x0000000099100000, 0x0000000099100000| Untracked 
| 402|0x0000000099200000, 0x0000000099200000, 0x0000000099300000|  0%| F|  |TAMS 0x0000000099200000, 0x0000000099200000| Untracked 
| 403|0x0000000099300000, 0x0000000099300000, 0x0000000099400000|  0%| F|  |TAMS 0x0000000099300000, 0x0000000099300000| Untracked 
| 404|0x0000000099400000, 0x0000000099400000, 0x0000000099500000|  0%| F|  |TAMS 0x0000000099400000, 0x0000000099400000| Untracked 
| 405|0x0000000099500000, 0x0000000099500000, 0x0000000099600000|  0%| F|  |TAMS 0x0000000099500000, 0x0000000099500000| Untracked 
| 406|0x0000000099600000, 0x0000000099600000, 0x0000000099700000|  0%| F|  |TAMS 0x0000000099600000, 0x0000000099600000| Untracked 
| 407|0x0000000099700000, 0x0000000099700000, 0x0000000099800000|  0%| F|  |TAMS 0x0000000099700000, 0x0000000099700000| Untracked 
| 408|0x0000000099800000, 0x0000000099800000, 0x0000000099900000|  0%| F|  |TAMS 0x0000000099800000, 0x0000000099800000| Untracked 
| 409|0x0000000099900000, 0x0000000099900000, 0x0000000099a00000|  0%| F|  |TAMS 0x0000000099900000, 0x0000000099900000| Untracked 
| 410|0x0000000099a00000, 0x0000000099a00000, 0x0000000099b00000|  0%| F|  |TAMS 0x0000000099a00000, 0x0000000099a00000| Untracked 
| 411|0x0000000099b00000, 0x0000000099b00000, 0x0000000099c00000|  0%| F|  |TAMS 0x0000000099b00000, 0x0000000099b00000| Untracked 
| 412|0x0000000099c00000, 0x0000000099c00000, 0x0000000099d00000|  0%| F|  |TAMS 0x0000000099c00000, 0x0000000099c00000| Untracked 
| 413|0x0000000099d00000, 0x0000000099d00000, 0x0000000099e00000|  0%| F|  |TAMS 0x0000000099d00000, 0x0000000099d00000| Untracked 
| 414|0x0000000099e00000, 0x0000000099e00000, 0x0000000099f00000|  0%| F|  |TAMS 0x0000000099e00000, 0x0000000099e00000| Untracked 
| 415|0x0000000099f00000, 0x0000000099f00000, 0x000000009a000000|  0%| F|  |TAMS 0x0000000099f00000, 0x0000000099f00000| Untracked 
| 416|0x000000009a000000, 0x000000009a000000, 0x000000009a100000|  0%| F|  |TAMS 0x000000009a000000, 0x000000009a000000| Untracked 
| 417|0x000000009a100000, 0x000000009a100000, 0x000000009a200000|  0%| F|  |TAMS 0x000000009a100000, 0x000000009a100000| Untracked 
| 418|0x000000009a200000, 0x000000009a200000, 0x000000009a300000|  0%| F|  |TAMS 0x000000009a200000, 0x000000009a200000| Untracked 
| 419|0x000000009a300000, 0x000000009a300000, 0x000000009a400000|  0%| F|  |TAMS 0x000000009a300000, 0x000000009a300000| Untracked 
| 420|0x000000009a400000, 0x000000009a400000, 0x000000009a500000|  0%| F|  |TAMS 0x000000009a400000, 0x000000009a400000| Untracked 
| 421|0x000000009a500000, 0x000000009a500000, 0x000000009a600000|  0%| F|  |TAMS 0x000000009a500000, 0x000000009a500000| Untracked 
| 422|0x000000009a600000, 0x000000009a600000, 0x000000009a700000|  0%| F|  |TAMS 0x000000009a600000, 0x000000009a600000| Untracked 
| 423|0x000000009a700000, 0x000000009a700000, 0x000000009a800000|  0%| F|  |TAMS 0x000000009a700000, 0x000000009a700000| Untracked 
| 424|0x000000009a800000, 0x000000009a800000, 0x000000009a900000|  0%| F|  |TAMS 0x000000009a800000, 0x000000009a800000| Untracked 
| 425|0x000000009a900000, 0x000000009a900000, 0x000000009aa00000|  0%| F|  |TAMS 0x000000009a900000, 0x000000009a900000| Untracked 
| 426|0x000000009aa00000, 0x000000009aa00000, 0x000000009ab00000|  0%| F|  |TAMS 0x000000009aa00000, 0x000000009aa00000| Untracked 
| 427|0x000000009ab00000, 0x000000009ab00000, 0x000000009ac00000|  0%| F|  |TAMS 0x000000009ab00000, 0x000000009ab00000| Untracked 
| 428|0x000000009ac00000, 0x000000009ac00000, 0x000000009ad00000|  0%| F|  |TAMS 0x000000009ac00000, 0x000000009ac00000| Untracked 
| 429|0x000000009ad00000, 0x000000009ad00000, 0x000000009ae00000|  0%| F|  |TAMS 0x000000009ad00000, 0x000000009ad00000| Untracked 
| 430|0x000000009ae00000, 0x000000009ae00000, 0x000000009af00000|  0%| F|  |TAMS 0x000000009ae00000, 0x000000009ae00000| Untracked 
| 431|0x000000009af00000, 0x000000009af00000, 0x000000009b000000|  0%| F|  |TAMS 0x000000009af00000, 0x000000009af00000| Untracked 
| 432|0x000000009b000000, 0x000000009b000000, 0x000000009b100000|  0%| F|  |TAMS 0x000000009b000000, 0x000000009b000000| Untracked 
| 433|0x000000009b100000, 0x000000009b100000, 0x000000009b200000|  0%| F|  |TAMS 0x000000009b100000, 0x000000009b100000| Untracked 
| 434|0x000000009b200000, 0x000000009b200000, 0x000000009b300000|  0%| F|  |TAMS 0x000000009b200000, 0x000000009b200000| Untracked 
| 435|0x000000009b300000, 0x000000009b300000, 0x000000009b400000|  0%| F|  |TAMS 0x000000009b300000, 0x000000009b300000| Untracked 
| 436|0x000000009b400000, 0x000000009b400000, 0x000000009b500000|  0%| F|  |TAMS 0x000000009b400000, 0x000000009b400000| Untracked 
| 437|0x000000009b500000, 0x000000009b500000, 0x000000009b600000|  0%| F|  |TAMS 0x000000009b500000, 0x000000009b500000| Untracked 
| 438|0x000000009b600000, 0x000000009b600000, 0x000000009b700000|  0%| F|  |TAMS 0x000000009b600000, 0x000000009b600000| Untracked 
| 439|0x000000009b700000, 0x000000009b700000, 0x000000009b800000|  0%| F|  |TAMS 0x000000009b700000, 0x000000009b700000| Untracked 
| 440|0x000000009b800000, 0x000000009b800000, 0x000000009b900000|  0%| F|  |TAMS 0x000000009b800000, 0x000000009b800000| Untracked 
| 441|0x000000009b900000, 0x000000009b900000, 0x000000009ba00000|  0%| F|  |TAMS 0x000000009b900000, 0x000000009b900000| Untracked 
| 442|0x000000009ba00000, 0x000000009ba00000, 0x000000009bb00000|  0%| F|  |TAMS 0x000000009ba00000, 0x000000009ba00000| Untracked 
| 443|0x000000009bb00000, 0x000000009bb00000, 0x000000009bc00000|  0%| F|  |TAMS 0x000000009bb00000, 0x000000009bb00000| Untracked 
| 444|0x000000009bc00000, 0x000000009bc00000, 0x000000009bd00000|  0%| F|  |TAMS 0x000000009bc00000, 0x000000009bc00000| Untracked 
| 445|0x000000009bd00000, 0x000000009bd00000, 0x000000009be00000|  0%| F|  |TAMS 0x000000009bd00000, 0x000000009bd00000| Untracked 
| 446|0x000000009be00000, 0x000000009be00000, 0x000000009bf00000|  0%| F|  |TAMS 0x000000009be00000, 0x000000009be00000| Untracked 
| 447|0x000000009bf00000, 0x000000009bf00000, 0x000000009c000000|  0%| F|  |TAMS 0x000000009bf00000, 0x000000009bf00000| Untracked 
| 448|0x000000009c000000, 0x000000009c000000, 0x000000009c100000|  0%| F|  |TAMS 0x000000009c000000, 0x000000009c000000| Untracked 
| 449|0x000000009c100000, 0x000000009c100000, 0x000000009c200000|  0%| F|  |TAMS 0x000000009c100000, 0x000000009c100000| Untracked 
| 450|0x000000009c200000, 0x000000009c200000, 0x000000009c300000|  0%| F|  |TAMS 0x000000009c200000, 0x000000009c200000| Untracked 
| 451|0x000000009c300000, 0x000000009c300000, 0x000000009c400000|  0%| F|  |TAMS 0x000000009c300000, 0x000000009c300000| Untracked 
| 452|0x000000009c400000, 0x000000009c400000, 0x000000009c500000|  0%| F|  |TAMS 0x000000009c400000, 0x000000009c400000| Untracked 
| 453|0x000000009c500000, 0x000000009c500000, 0x000000009c600000|  0%| F|  |TAMS 0x000000009c500000, 0x000000009c500000| Untracked 
| 454|0x000000009c600000, 0x000000009c600000, 0x000000009c700000|  0%| F|  |TAMS 0x000000009c600000, 0x000000009c600000| Untracked 
| 455|0x000000009c700000, 0x000000009c700000, 0x000000009c800000|  0%| F|  |TAMS 0x000000009c700000, 0x000000009c700000| Untracked 
| 456|0x000000009c800000, 0x000000009c800000, 0x000000009c900000|  0%| F|  |TAMS 0x000000009c800000, 0x000000009c800000| Untracked 
| 457|0x000000009c900000, 0x000000009c900000, 0x000000009ca00000|  0%| F|  |TAMS 0x000000009c900000, 0x000000009c900000| Untracked 
| 458|0x000000009ca00000, 0x000000009ca00000, 0x000000009cb00000|  0%| F|  |TAMS 0x000000009ca00000, 0x000000009ca00000| Untracked 
| 459|0x000000009cb00000, 0x000000009cb00000, 0x000000009cc00000|  0%| F|  |TAMS 0x000000009cb00000, 0x000000009cb00000| Untracked 
| 460|0x000000009cc00000, 0x000000009cc00000, 0x000000009cd00000|  0%| F|  |TAMS 0x000000009cc00000, 0x000000009cc00000| Untracked 
| 461|0x000000009cd00000, 0x000000009cd00000, 0x000000009ce00000|  0%| F|  |TAMS 0x000000009cd00000, 0x000000009cd00000| Untracked 
| 462|0x000000009ce00000, 0x000000009ce00000, 0x000000009cf00000|  0%| F|  |TAMS 0x000000009ce00000, 0x000000009ce00000| Untracked 
| 463|0x000000009cf00000, 0x000000009cf00000, 0x000000009d000000|  0%| F|  |TAMS 0x000000009cf00000, 0x000000009cf00000| Untracked 
| 464|0x000000009d000000, 0x000000009d000000, 0x000000009d100000|  0%| F|  |TAMS 0x000000009d000000, 0x000000009d000000| Untracked 
| 465|0x000000009d100000, 0x000000009d100000, 0x000000009d200000|  0%| F|  |TAMS 0x000000009d100000, 0x000000009d100000| Untracked 
| 466|0x000000009d200000, 0x000000009d200000, 0x000000009d300000|  0%| F|  |TAMS 0x000000009d200000, 0x000000009d200000| Untracked 
| 467|0x000000009d300000, 0x000000009d300000, 0x000000009d400000|  0%| F|  |TAMS 0x000000009d300000, 0x000000009d300000| Untracked 
| 468|0x000000009d400000, 0x000000009d400000, 0x000000009d500000|  0%| F|  |TAMS 0x000000009d400000, 0x000000009d400000| Untracked 
| 469|0x000000009d500000, 0x000000009d500000, 0x000000009d600000|  0%| F|  |TAMS 0x000000009d500000, 0x000000009d500000| Untracked 
| 470|0x000000009d600000, 0x000000009d600000, 0x000000009d700000|  0%| F|  |TAMS 0x000000009d600000, 0x000000009d600000| Untracked 
| 471|0x000000009d700000, 0x000000009d700000, 0x000000009d800000|  0%| F|  |TAMS 0x000000009d700000, 0x000000009d700000| Untracked 
| 472|0x000000009d800000, 0x000000009d800000, 0x000000009d900000|  0%| F|  |TAMS 0x000000009d800000, 0x000000009d800000| Untracked 
| 473|0x000000009d900000, 0x000000009d900000, 0x000000009da00000|  0%| F|  |TAMS 0x000000009d900000, 0x000000009d900000| Untracked 
| 474|0x000000009da00000, 0x000000009da00000, 0x000000009db00000|  0%| F|  |TAMS 0x000000009da00000, 0x000000009da00000| Untracked 
| 475|0x000000009db00000, 0x000000009db00000, 0x000000009dc00000|  0%| F|  |TAMS 0x000000009db00000, 0x000000009db00000| Untracked 
| 476|0x000000009dc00000, 0x000000009dc00000, 0x000000009dd00000|  0%| F|  |TAMS 0x000000009dc00000, 0x000000009dc00000| Untracked 
| 477|0x000000009dd00000, 0x000000009dd00000, 0x000000009de00000|  0%| F|  |TAMS 0x000000009dd00000, 0x000000009dd00000| Untracked 
| 478|0x000000009de00000, 0x000000009de00000, 0x000000009df00000|  0%| F|  |TAMS 0x000000009de00000, 0x000000009de00000| Untracked 
| 479|0x000000009df00000, 0x000000009df00000, 0x000000009e000000|  0%| F|  |TAMS 0x000000009df00000, 0x000000009df00000| Untracked 
| 480|0x000000009e000000, 0x000000009e000000, 0x000000009e100000|  0%| F|  |TAMS 0x000000009e000000, 0x000000009e000000| Untracked 
| 481|0x000000009e100000, 0x000000009e100000, 0x000000009e200000|  0%| F|  |TAMS 0x000000009e100000, 0x000000009e100000| Untracked 
| 482|0x000000009e200000, 0x000000009e200000, 0x000000009e300000|  0%| F|  |TAMS 0x000000009e200000, 0x000000009e200000| Untracked 
| 483|0x000000009e300000, 0x000000009e300000, 0x000000009e400000|  0%| F|  |TAMS 0x000000009e300000, 0x000000009e300000| Untracked 
| 484|0x000000009e400000, 0x000000009e400000, 0x000000009e500000|  0%| F|  |TAMS 0x000000009e400000, 0x000000009e400000| Untracked 
| 485|0x000000009e500000, 0x000000009e500000, 0x000000009e600000|  0%| F|  |TAMS 0x000000009e500000, 0x000000009e500000| Untracked 
| 486|0x000000009e600000, 0x000000009e600000, 0x000000009e700000|  0%| F|  |TAMS 0x000000009e600000, 0x000000009e600000| Untracked 
| 487|0x000000009e700000, 0x000000009e700000, 0x000000009e800000|  0%| F|  |TAMS 0x000000009e700000, 0x000000009e700000| Untracked 
| 488|0x000000009e800000, 0x000000009e800000, 0x000000009e900000|  0%| F|  |TAMS 0x000000009e800000, 0x000000009e800000| Untracked 
| 489|0x000000009e900000, 0x000000009e900000, 0x000000009ea00000|  0%| F|  |TAMS 0x000000009e900000, 0x000000009e900000| Untracked 
| 490|0x000000009ea00000, 0x000000009ea00000, 0x000000009eb00000|  0%| F|  |TAMS 0x000000009ea00000, 0x000000009ea00000| Untracked 
| 491|0x000000009eb00000, 0x000000009eb00000, 0x000000009ec00000|  0%| F|  |TAMS 0x000000009eb00000, 0x000000009eb00000| Untracked 
| 492|0x000000009ec00000, 0x000000009ec00000, 0x000000009ed00000|  0%| F|  |TAMS 0x000000009ec00000, 0x000000009ec00000| Untracked 
| 493|0x000000009ed00000, 0x000000009ed00000, 0x000000009ee00000|  0%| F|  |TAMS 0x000000009ed00000, 0x000000009ed00000| Untracked 
| 494|0x000000009ee00000, 0x000000009ee00000, 0x000000009ef00000|  0%| F|  |TAMS 0x000000009ee00000, 0x000000009ee00000| Untracked 
| 495|0x000000009ef00000, 0x000000009ef00000, 0x000000009f000000|  0%| F|  |TAMS 0x000000009ef00000, 0x000000009ef00000| Untracked 
| 496|0x000000009f000000, 0x000000009f000000, 0x000000009f100000|  0%| F|  |TAMS 0x000000009f000000, 0x000000009f000000| Untracked 
| 497|0x000000009f100000, 0x000000009f100000, 0x000000009f200000|  0%| F|  |TAMS 0x000000009f100000, 0x000000009f100000| Untracked 
| 498|0x000000009f200000, 0x000000009f200000, 0x000000009f300000|  0%| F|  |TAMS 0x000000009f200000, 0x000000009f200000| Untracked 
| 499|0x000000009f300000, 0x000000009f300000, 0x000000009f400000|  0%| F|  |TAMS 0x000000009f300000, 0x000000009f300000| Untracked 
| 500|0x000000009f400000, 0x000000009f400000, 0x000000009f500000|  0%| F|  |TAMS 0x000000009f400000, 0x000000009f400000| Untracked 
| 501|0x000000009f500000, 0x000000009f500000, 0x000000009f600000|  0%| F|  |TAMS 0x000000009f500000, 0x000000009f500000| Untracked 
| 502|0x000000009f600000, 0x000000009f600000, 0x000000009f700000|  0%| F|  |TAMS 0x000000009f600000, 0x000000009f600000| Untracked 
| 503|0x000000009f700000, 0x000000009f700000, 0x000000009f800000|  0%| F|  |TAMS 0x000000009f700000, 0x000000009f700000| Untracked 
| 504|0x000000009f800000, 0x000000009f800000, 0x000000009f900000|  0%| F|  |TAMS 0x000000009f800000, 0x000000009f800000| Untracked 
| 505|0x000000009f900000, 0x000000009f900000, 0x000000009fa00000|  0%| F|  |TAMS 0x000000009f900000, 0x000000009f900000| Untracked 
| 506|0x000000009fa00000, 0x000000009fa00000, 0x000000009fb00000|  0%| F|  |TAMS 0x000000009fa00000, 0x000000009fa00000| Untracked 
| 507|0x000000009fb00000, 0x000000009fb00000, 0x000000009fc00000|  0%| F|  |TAMS 0x000000009fb00000, 0x000000009fb00000| Untracked 
| 508|0x000000009fc00000, 0x000000009fc00000, 0x000000009fd00000|  0%| F|  |TAMS 0x000000009fc00000, 0x000000009fc00000| Untracked 
| 509|0x000000009fd00000, 0x000000009fd00000, 0x000000009fe00000|  0%| F|  |TAMS 0x000000009fd00000, 0x000000009fd00000| Untracked 
| 510|0x000000009fe00000, 0x000000009fe00000, 0x000000009ff00000|  0%| F|  |TAMS 0x000000009fe00000, 0x000000009fe00000| Untracked 
| 511|0x000000009ff00000, 0x000000009ff00000, 0x00000000a0000000|  0%| F|  |TAMS 0x000000009ff00000, 0x000000009ff00000| Untracked 
| 512|0x00000000a0000000, 0x00000000a0000000, 0x00000000a0100000|  0%| F|  |TAMS 0x00000000a0000000, 0x00000000a0000000| Untracked 
| 513|0x00000000a0100000, 0x00000000a0100000, 0x00000000a0200000|  0%| F|  |TAMS 0x00000000a0100000, 0x00000000a0100000| Untracked 
| 514|0x00000000a0200000, 0x00000000a0200000, 0x00000000a0300000|  0%| F|  |TAMS 0x00000000a0200000, 0x00000000a0200000| Untracked 
| 515|0x00000000a0300000, 0x00000000a0300000, 0x00000000a0400000|  0%| F|  |TAMS 0x00000000a0300000, 0x00000000a0300000| Untracked 
| 516|0x00000000a0400000, 0x00000000a0400000, 0x00000000a0500000|  0%| F|  |TAMS 0x00000000a0400000, 0x00000000a0400000| Untracked 
| 517|0x00000000a0500000, 0x00000000a0500000, 0x00000000a0600000|  0%| F|  |TAMS 0x00000000a0500000, 0x00000000a0500000| Untracked 
| 518|0x00000000a0600000, 0x00000000a0600000, 0x00000000a0700000|  0%| F|  |TAMS 0x00000000a0600000, 0x00000000a0600000| Untracked 
| 519|0x00000000a0700000, 0x00000000a0700000, 0x00000000a0800000|  0%| F|  |TAMS 0x00000000a0700000, 0x00000000a0700000| Untracked 
| 520|0x00000000a0800000, 0x00000000a0800000, 0x00000000a0900000|  0%| F|  |TAMS 0x00000000a0800000, 0x00000000a0800000| Untracked 
| 521|0x00000000a0900000, 0x00000000a0900000, 0x00000000a0a00000|  0%| F|  |TAMS 0x00000000a0900000, 0x00000000a0900000| Untracked 
| 522|0x00000000a0a00000, 0x00000000a0a00000, 0x00000000a0b00000|  0%| F|  |TAMS 0x00000000a0a00000, 0x00000000a0a00000| Untracked 
| 523|0x00000000a0b00000, 0x00000000a0b00000, 0x00000000a0c00000|  0%| F|  |TAMS 0x00000000a0b00000, 0x00000000a0b00000| Untracked 
| 524|0x00000000a0c00000, 0x00000000a0c00000, 0x00000000a0d00000|  0%| F|  |TAMS 0x00000000a0c00000, 0x00000000a0c00000| Untracked 
| 525|0x00000000a0d00000, 0x00000000a0d00000, 0x00000000a0e00000|  0%| F|  |TAMS 0x00000000a0d00000, 0x00000000a0d00000| Untracked 
| 526|0x00000000a0e00000, 0x00000000a0e00000, 0x00000000a0f00000|  0%| F|  |TAMS 0x00000000a0e00000, 0x00000000a0e00000| Untracked 
| 527|0x00000000a0f00000, 0x00000000a0f00000, 0x00000000a1000000|  0%| F|  |TAMS 0x00000000a0f00000, 0x00000000a0f00000| Untracked 
| 528|0x00000000a1000000, 0x00000000a1000000, 0x00000000a1100000|  0%| F|  |TAMS 0x00000000a1000000, 0x00000000a1000000| Untracked 
| 529|0x00000000a1100000, 0x00000000a1100000, 0x00000000a1200000|  0%| F|  |TAMS 0x00000000a1100000, 0x00000000a1100000| Untracked 
| 530|0x00000000a1200000, 0x00000000a1200000, 0x00000000a1300000|  0%| F|  |TAMS 0x00000000a1200000, 0x00000000a1200000| Untracked 
| 531|0x00000000a1300000, 0x00000000a1300000, 0x00000000a1400000|  0%| F|  |TAMS 0x00000000a1300000, 0x00000000a1300000| Untracked 
| 532|0x00000000a1400000, 0x00000000a1400000, 0x00000000a1500000|  0%| F|  |TAMS 0x00000000a1400000, 0x00000000a1400000| Untracked 
| 533|0x00000000a1500000, 0x00000000a1500000, 0x00000000a1600000|  0%| F|  |TAMS 0x00000000a1500000, 0x00000000a1500000| Untracked 
| 534|0x00000000a1600000, 0x00000000a1600000, 0x00000000a1700000|  0%| F|  |TAMS 0x00000000a1600000, 0x00000000a1600000| Untracked 
| 535|0x00000000a1700000, 0x00000000a1700000, 0x00000000a1800000|  0%| F|  |TAMS 0x00000000a1700000, 0x00000000a1700000| Untracked 
| 536|0x00000000a1800000, 0x00000000a1800000, 0x00000000a1900000|  0%| F|  |TAMS 0x00000000a1800000, 0x00000000a1800000| Untracked 
| 537|0x00000000a1900000, 0x00000000a1900000, 0x00000000a1a00000|  0%| F|  |TAMS 0x00000000a1900000, 0x00000000a1900000| Untracked 
| 538|0x00000000a1a00000, 0x00000000a1a00000, 0x00000000a1b00000|  0%| F|  |TAMS 0x00000000a1a00000, 0x00000000a1a00000| Untracked 
| 539|0x00000000a1b00000, 0x00000000a1b00000, 0x00000000a1c00000|  0%| F|  |TAMS 0x00000000a1b00000, 0x00000000a1b00000| Untracked 
| 540|0x00000000a1c00000, 0x00000000a1c00000, 0x00000000a1d00000|  0%| F|  |TAMS 0x00000000a1c00000, 0x00000000a1c00000| Untracked 
| 541|0x00000000a1d00000, 0x00000000a1d00000, 0x00000000a1e00000|  0%| F|  |TAMS 0x00000000a1d00000, 0x00000000a1d00000| Untracked 
| 542|0x00000000a1e00000, 0x00000000a1e00000, 0x00000000a1f00000|  0%| F|  |TAMS 0x00000000a1e00000, 0x00000000a1e00000| Untracked 
| 543|0x00000000a1f00000, 0x00000000a1f00000, 0x00000000a2000000|  0%| F|  |TAMS 0x00000000a1f00000, 0x00000000a1f00000| Untracked 
| 544|0x00000000a2000000, 0x00000000a2000000, 0x00000000a2100000|  0%| F|  |TAMS 0x00000000a2000000, 0x00000000a2000000| Untracked 
| 545|0x00000000a2100000, 0x00000000a2100000, 0x00000000a2200000|  0%| F|  |TAMS 0x00000000a2100000, 0x00000000a2100000| Untracked 
| 546|0x00000000a2200000, 0x00000000a2200000, 0x00000000a2300000|  0%| F|  |TAMS 0x00000000a2200000, 0x00000000a2200000| Untracked 
| 547|0x00000000a2300000, 0x00000000a2300000, 0x00000000a2400000|  0%| F|  |TAMS 0x00000000a2300000, 0x00000000a2300000| Untracked 
| 548|0x00000000a2400000, 0x00000000a2400000, 0x00000000a2500000|  0%| F|  |TAMS 0x00000000a2400000, 0x00000000a2400000| Untracked 
| 549|0x00000000a2500000, 0x00000000a2500000, 0x00000000a2600000|  0%| F|  |TAMS 0x00000000a2500000, 0x00000000a2500000| Untracked 
| 550|0x00000000a2600000, 0x00000000a2600000, 0x00000000a2700000|  0%| F|  |TAMS 0x00000000a2600000, 0x00000000a2600000| Untracked 
| 551|0x00000000a2700000, 0x00000000a2700000, 0x00000000a2800000|  0%| F|  |TAMS 0x00000000a2700000, 0x00000000a2700000| Untracked 

Card table byte_map: [0x0000022b25320000,0x0000022b25720000] _byte_map_base: 0x0000022b24f20000

Marking Bits (Prev, Next): (CMBitMap*) 0x0000022b0db7ec90, (CMBitMap*) 0x0000022b0db7ecd0
 Prev Bits: [0x0000022b25b20000, 0x0000022b27b20000)
 Next Bits: [0x0000022b27b20000, 0x0000022b29b20000)

Polling page: 0x0000022b0bab0000

Metaspace:

Usage:
  Non-class:     83.86 MB used.
      Class:     14.82 MB used.
       Both:     98.68 MB used.

Virtual space:
  Non-class space:      128.00 MB reserved,      84.38 MB ( 66%) committed,  2 nodes.
      Class space:        1.00 GB reserved,      15.38 MB (  2%) committed,  1 nodes.
             Both:        1.12 GB reserved,      99.75 MB (  9%) committed. 

Chunk freelists:
   Non-Class:  10.73 MB
       Class:  513.00 KB
        Both:  11.24 MB

MaxMetaspaceSize: unlimited
CompressedClassSpaceSize: 1.00 GB
Initial GC threshold: 21.00 MB
Current GC threshold: 165.31 MB
CDS: on
MetaspaceReclaimPolicy: balanced
 - commit_granule_bytes: 65536.
 - commit_granule_words: 8192.
 - virtual_space_node_default_size: 8388608.
 - enlarge_chunks_in_place: 1.
 - new_chunks_are_fully_committed: 0.
 - uncommit_free_chunks: 1.
 - use_allocation_guard: 0.
 - handle_deallocations: 1.


Internal statistics:

num_allocs_failed_limit: 6.
num_arena_births: 2102.
num_arena_deaths: 280.
num_vsnodes_births: 3.
num_vsnodes_deaths: 0.
num_space_committed: 1595.
num_space_uncommitted: 0.
num_chunks_returned_to_freelist: 408.
num_chunks_taken_from_freelist: 7275.
num_chunk_merges: 153.
num_chunk_splits: 4277.
num_chunks_enlarged: 2357.
num_inconsistent_stats: 0.

CodeHeap 'non-profiled nmethods': size=119168Kb used=8031Kb max_used=8031Kb free=111136Kb
 bounds [0x0000022b1d240000, 0x0000022b1da20000, 0x0000022b246a0000]
CodeHeap 'profiled nmethods': size=119104Kb used=38460Kb max_used=38460Kb free=80643Kb
 bounds [0x0000022b156a0000, 0x0000022b17c30000, 0x0000022b1caf0000]
CodeHeap 'non-nmethods': size=7488Kb used=3399Kb max_used=3463Kb free=4088Kb
 bounds [0x0000022b1caf0000, 0x0000022b1ce70000, 0x0000022b1d240000]
 total_blobs=17042 nmethods=16249 adapters=699
 compilation: enabled
              stopped_count=0, restarted_count=0
 full_count=0

Compilation events (20 events):
Event: 26.076 Thread 0x0000022b2cb7cf50 nmethod 21523 0x0000022b17c22910 code [0x0000022b17c22ac0, 0x0000022b17c22d78]
Event: 26.088 Thread 0x0000022b2cc7d2e0 21524       2       com.android.tools.r8.dex.h0::<init> (310 bytes)
Event: 26.088 Thread 0x0000022b2cc27f60 21525       2       com.android.tools.r8.dex.w::a (152 bytes)
Event: 26.088 Thread 0x0000022b2cc7f960 21526       2       com.android.tools.r8.dex.h0::a (1220 bytes)
Event: 26.089 Thread 0x0000022b2cb7cf50 21527   !   2       com.android.tools.r8.dex.l0::b (66 bytes)
Event: 26.089 Thread 0x0000022b2cc7d2e0 nmethod 21524 0x0000022b17c22f10 code [0x0000022b17c230a0, 0x0000022b17c23238]
Event: 26.089 Thread 0x0000022b2cc7d2e0 21528       2       com.android.tools.r8.dex.l0::a (60 bytes)
Event: 26.090 Thread 0x0000022b2cb7cf50 nmethod 21527 0x0000022b17c23310 code [0x0000022b17c23500, 0x0000022b17c237d8]
Event: 26.090 Thread 0x0000022b2cc7d2e0 nmethod 21528 0x0000022b17c23b90 code [0x0000022b17c23d80, 0x0000022b17c24078]
Event: 26.092 Thread 0x0000022b2cc27f60 nmethod 21525 0x0000022b17c24390 code [0x0000022b17c246e0, 0x0000022b17c258e8]
Event: 26.092 Thread 0x0000022b2cc7d2e0 21529 %     3       com.android.tools.r8.dex.l0::a @ 2551 (4072 bytes)
Event: 26.097 Thread 0x0000022b2cc7f960 nmethod 21526 0x0000022b17c26390 code [0x0000022b17c269a0, 0x0000022b17c2aa88]
Event: 26.109 Thread 0x0000022b2cc7f960 21531       3       com.android.tools.r8.internal.zx0::a (164 bytes)
Event: 26.110 Thread 0x0000022b2cc7f960 nmethod 21531 0x0000022b17c2ce10 code [0x0000022b17c2d040, 0x0000022b17c2d8c8]
Event: 26.115 Thread 0x0000022b2cc7f960 21532       3       com.android.tools.r8.internal.de0::a (59 bytes)
Event: 26.116 Thread 0x0000022b2cc7f960 nmethod 21532 0x0000022b17c2dc90 code [0x0000022b17c2de80, 0x0000022b17c2e318]
Event: 26.119 Thread 0x0000022b2cb7cf50 21533       2       com.android.tools.r8.internal.ef0::a (67 bytes)
Event: 26.120 Thread 0x0000022b2cb7cf50 nmethod 21533 0x0000022b17c2e590 code [0x0000022b17c2e760, 0x0000022b17c2e9f8]
Event: 26.132 Thread 0x0000022b2cc27f60 21534       2       com.android.tools.r8.graph.w6::a (9 bytes)
Event: 26.133 Thread 0x0000022b2cc27f60 nmethod 21534 0x0000022b17c2ec10 code [0x0000022b17c2edc0, 0x0000022b17c2ef58]

GC Heap History (20 events):
Event: 22.564 GC heap after
{Heap after GC invocations=48 (full 0):
 garbage-first heap   total 565248K, used 243259K [0x0000000080000000, 0x0000000100000000)
  region size 1024K, 9 young (9216K), 9 survivors (9216K)
 Metaspace       used 100060K, committed 101184K, reserved 1179648K
  class space    used 15098K, committed 15680K, reserved 1048576K
}
Event: 22.984 GC heap before
{Heap before GC invocations=48 (full 0):
 garbage-first heap   total 565248K, used 483899K [0x0000000080000000, 0x0000000100000000)
  region size 1024K, 244 young (249856K), 9 survivors (9216K)
 Metaspace       used 100087K, committed 101184K, reserved 1179648K
  class space    used 15101K, committed 15680K, reserved 1048576K
}
Event: 22.991 GC heap after
{Heap after GC invocations=49 (full 0):
 garbage-first heap   total 565248K, used 244831K [0x0000000080000000, 0x0000000100000000)
  region size 1024K, 11 young (11264K), 11 survivors (11264K)
 Metaspace       used 100087K, committed 101184K, reserved 1179648K
  class space    used 15101K, committed 15680K, reserved 1048576K
}
Event: 23.477 GC heap before
{Heap before GC invocations=49 (full 0):
 garbage-first heap   total 565248K, used 486495K [0x0000000080000000, 0x0000000100000000)
  region size 1024K, 247 young (252928K), 11 survivors (11264K)
 Metaspace       used 100176K, committed 101248K, reserved 1179648K
  class space    used 15109K, committed 15680K, reserved 1048576K
}
Event: 23.488 GC heap after
{Heap after GC invocations=50 (full 0):
 garbage-first heap   total 565248K, used 253100K [0x0000000080000000, 0x0000000100000000)
  region size 1024K, 19 young (19456K), 19 survivors (19456K)
 Metaspace       used 100176K, committed 101248K, reserved 1179648K
  class space    used 15109K, committed 15680K, reserved 1048576K
}
Event: 23.801 GC heap before
{Heap before GC invocations=50 (full 0):
 garbage-first heap   total 565248K, used 484524K [0x0000000080000000, 0x0000000100000000)
  region size 1024K, 245 young (250880K), 19 survivors (19456K)
 Metaspace       used 100187K, committed 101312K, reserved 1179648K
  class space    used 15109K, committed 15680K, reserved 1048576K
}
Event: 23.816 GC heap after
{Heap after GC invocations=51 (full 0):
 garbage-first heap   total 565248K, used 267182K [0x0000000080000000, 0x0000000100000000)
  region size 1024K, 30 young (30720K), 30 survivors (30720K)
 Metaspace       used 100187K, committed 101312K, reserved 1179648K
  class space    used 15109K, committed 15680K, reserved 1048576K
}
Event: 24.094 GC heap before
{Heap before GC invocations=51 (full 0):
 garbage-first heap   total 565248K, used 426926K [0x0000000080000000, 0x0000000100000000)
  region size 1024K, 188 young (192512K), 30 survivors (30720K)
 Metaspace       used 100338K, committed 101440K, reserved 1179648K
  class space    used 15132K, committed 15744K, reserved 1048576K
}
Event: 24.111 GC heap after
{Heap after GC invocations=52 (full 0):
 garbage-first heap   total 565248K, used 278201K [0x0000000080000000, 0x0000000100000000)
  region size 1024K, 27 young (27648K), 27 survivors (27648K)
 Metaspace       used 100338K, committed 101440K, reserved 1179648K
  class space    used 15132K, committed 15744K, reserved 1048576K
}
Event: 24.540 GC heap before
{Heap before GC invocations=53 (full 0):
 garbage-first heap   total 565248K, used 471737K [0x0000000080000000, 0x0000000100000000)
  region size 1024K, 221 young (226304K), 27 survivors (27648K)
 Metaspace       used 100531K, committed 101632K, reserved 1179648K
  class space    used 15158K, committed 15744K, reserved 1048576K
}
Event: 24.558 GC heap after
{Heap after GC invocations=54 (full 0):
 garbage-first heap   total 565248K, used 286651K [0x0000000080000000, 0x0000000100000000)
  region size 1024K, 25 young (25600K), 25 survivors (25600K)
 Metaspace       used 100531K, committed 101632K, reserved 1179648K
  class space    used 15158K, committed 15744K, reserved 1048576K
}
Event: 24.565 GC heap before
{Heap before GC invocations=54 (full 0):
 garbage-first heap   total 565248K, used 288699K [0x0000000080000000, 0x0000000100000000)
  region size 1024K, 27 young (27648K), 25 survivors (25600K)
 Metaspace       used 100531K, committed 101632K, reserved 1179648K
  class space    used 15158K, committed 15744K, reserved 1048576K
}
Event: 24.585 GC heap after
{Heap after GC invocations=55 (full 0):
 garbage-first heap   total 565248K, used 266240K [0x0000000080000000, 0x0000000100000000)
  region size 1024K, 4 young (4096K), 4 survivors (4096K)
 Metaspace       used 100531K, committed 101632K, reserved 1179648K
  class space    used 15158K, committed 15744K, reserved 1048576K
}
Event: 24.971 GC heap before
{Heap before GC invocations=55 (full 0):
 garbage-first heap   total 565248K, used 472064K [0x0000000080000000, 0x0000000100000000)
  region size 1024K, 206 young (210944K), 4 survivors (4096K)
 Metaspace       used 100797K, committed 101824K, reserved 1179648K
  class space    used 15167K, committed 15744K, reserved 1048576K
}
Event: 24.980 GC heap after
{Heap after GC invocations=56 (full 0):
 garbage-first heap   total 565248K, used 273802K [0x0000000080000000, 0x0000000100000000)
  region size 1024K, 12 young (12288K), 12 survivors (12288K)
 Metaspace       used 100797K, committed 101824K, reserved 1179648K
  class space    used 15167K, committed 15744K, reserved 1048576K
}
Event: 25.292 GC heap before
{Heap before GC invocations=56 (full 0):
 garbage-first heap   total 565248K, used 471434K [0x0000000080000000, 0x0000000100000000)
  region size 1024K, 206 young (210944K), 12 survivors (12288K)
 Metaspace       used 100945K, committed 102016K, reserved 1179648K
  class space    used 15175K, committed 15744K, reserved 1048576K
}
Event: 25.304 GC heap after
{Heap after GC invocations=57 (full 0):
 garbage-first heap   total 565248K, used 278959K [0x0000000080000000, 0x0000000100000000)
  region size 1024K, 17 young (17408K), 17 survivors (17408K)
 Metaspace       used 100945K, committed 102016K, reserved 1179648K
  class space    used 15175K, committed 15744K, reserved 1048576K
}
Event: 25.622 GC heap before
{Heap before GC invocations=57 (full 0):
 garbage-first heap   total 565248K, used 474543K [0x0000000080000000, 0x0000000100000000)
  region size 1024K, 209 young (214016K), 17 survivors (17408K)
 Metaspace       used 100965K, committed 102016K, reserved 1179648K
  class space    used 15177K, committed 15744K, reserved 1048576K
}
Event: 25.676 GC heap after
{Heap after GC invocations=58 (full 0):
 garbage-first heap   total 565248K, used 283696K [0x0000000080000000, 0x0000000100000000)
  region size 1024K, 14 young (14336K), 14 survivors (14336K)
 Metaspace       used 100965K, committed 102016K, reserved 1179648K
  class space    used 15177K, committed 15744K, reserved 1048576K
}
Event: 26.139 GC heap before
{Heap before GC invocations=58 (full 0):
 garbage-first heap   total 565248K, used 476208K [0x0000000080000000, 0x0000000100000000)
  region size 1024K, 203 young (207872K), 14 survivors (14336K)
 Metaspace       used 101049K, committed 102144K, reserved 1179648K
  class space    used 15177K, committed 15744K, reserved 1048576K
}

Dll operation events (15 events):
Event: 0.007 Loaded shared library C:\Program Files\Eclipse Adoptium\jdk-17.0.19.10-hotspot\bin\java.dll
Event: 0.026 Loaded shared library C:\Program Files\Eclipse Adoptium\jdk-17.0.19.10-hotspot\bin\jsvml.dll
Event: 0.069 Loaded shared library C:\Program Files\Eclipse Adoptium\jdk-17.0.19.10-hotspot\bin\zip.dll
Event: 0.072 Loaded shared library C:\Program Files\Eclipse Adoptium\jdk-17.0.19.10-hotspot\bin\instrument.dll
Event: 0.075 Loaded shared library C:\Program Files\Eclipse Adoptium\jdk-17.0.19.10-hotspot\bin\net.dll
Event: 0.076 Loaded shared library C:\Program Files\Eclipse Adoptium\jdk-17.0.19.10-hotspot\bin\nio.dll
Event: 0.079 Loaded shared library C:\Program Files\Eclipse Adoptium\jdk-17.0.19.10-hotspot\bin\zip.dll
Event: 0.319 Loaded shared library C:\Program Files\Eclipse Adoptium\jdk-17.0.19.10-hotspot\bin\jimage.dll
Event: 0.528 Loaded shared library C:\Program Files\Eclipse Adoptium\jdk-17.0.19.10-hotspot\bin\verify.dll
Event: 0.700 Loaded shared library C:\Users\JoyRaptor\.gradle\native\1def1411415f61bf3af743bc5b6707747c0891f09f0c88961ee8f79bc544acac\windows-amd64\native-platform.dll
Event: 0.719 Loaded shared library C:\Users\JoyRaptor\.gradle\native\0.2.7\x86_64-windows-gnu\gradle-fileevents.dll
Event: 1.721 Loaded shared library C:\Program Files\Eclipse Adoptium\jdk-17.0.19.10-hotspot\bin\management.dll
Event: 1.722 Loaded shared library C:\Program Files\Eclipse Adoptium\jdk-17.0.19.10-hotspot\bin\management_ext.dll
Event: 1.895 Loaded shared library C:\Program Files\Eclipse Adoptium\jdk-17.0.19.10-hotspot\bin\extnet.dll
Event: 2.061 Loaded shared library C:\Program Files\Eclipse Adoptium\jdk-17.0.19.10-hotspot\bin\sunmscapi.dll

Deoptimization events (20 events):
Event: 25.704 Thread 0x0000022b77e31840 DEOPT PACKING pc=0x0000022b16da74ea sp=0x000000869f1fc020
Event: 25.704 Thread 0x0000022b77e31840 DEOPT UNPACKING pc=0x0000022b1cb47143 sp=0x000000869f1fb530 mode 0
Event: 25.739 Thread 0x0000022b794b0310 DEOPT PACKING pc=0x0000022b16da750b sp=0x000000869defb790
Event: 25.739 Thread 0x0000022b794b0310 DEOPT UNPACKING pc=0x0000022b1cb47143 sp=0x000000869defaca0 mode 0
Event: 25.806 Thread 0x0000022b794b0310 DEOPT PACKING pc=0x0000022b17646e3f sp=0x000000869defba60
Event: 25.806 Thread 0x0000022b794b0310 DEOPT UNPACKING pc=0x0000022b1cb47143 sp=0x000000869defaf78 mode 0
Event: 25.841 Thread 0x0000022b794ae4b0 DEOPT PACKING pc=0x0000022b176ac406 sp=0x000000869dcfc480
Event: 25.841 Thread 0x0000022b794ae4b0 DEOPT UNPACKING pc=0x0000022b1cb47143 sp=0x000000869dcfb998 mode 0
Event: 25.907 Thread 0x0000022b794af8f0 DEOPT PACKING pc=0x0000022b16da74ea sp=0x000000869e2fc220
Event: 25.907 Thread 0x0000022b794af8f0 DEOPT UNPACKING pc=0x0000022b1cb47143 sp=0x000000869e2fb730 mode 0
Event: 25.982 Thread 0x0000022b77e31840 DEOPT PACKING pc=0x0000022b16f8b085 sp=0x000000869f1fd120
Event: 25.982 Thread 0x0000022b77e31840 DEOPT UNPACKING pc=0x0000022b1cb47143 sp=0x000000869f1fc650 mode 0
Event: 25.986 Thread 0x0000022b77e31840 DEOPT PACKING pc=0x0000022b16f720ed sp=0x000000869f1fd290
Event: 25.986 Thread 0x0000022b77e31840 DEOPT UNPACKING pc=0x0000022b1cb47143 sp=0x000000869f1fc738 mode 0
Event: 26.002 Thread 0x0000022b794af8f0 DEOPT PACKING pc=0x0000022b16da74ea sp=0x000000869e2fb9a0
Event: 26.002 Thread 0x0000022b794af8f0 DEOPT UNPACKING pc=0x0000022b1cb47143 sp=0x000000869e2faeb0 mode 0
Event: 26.022 Thread 0x0000022b77e31840 DEOPT PACKING pc=0x0000022b177706e0 sp=0x000000869f1fd3f0
Event: 26.022 Thread 0x0000022b77e31840 DEOPT UNPACKING pc=0x0000022b1cb47143 sp=0x000000869f1fc900 mode 0
Event: 26.036 Thread 0x0000022b794af8f0 DEOPT PACKING pc=0x0000022b16c37f96 sp=0x000000869e2fba80
Event: 26.036 Thread 0x0000022b794af8f0 DEOPT UNPACKING pc=0x0000022b1cb47143 sp=0x000000869e2fb308 mode 0

Classes loaded (20 events):
Event: 18.450 Loading class java/util/SortedSet$1
Event: 18.451 Loading class java/util/SortedSet$1 done
Event: 18.459 Loading class java/util/stream/SliceOps
Event: 18.460 Loading class java/util/stream/SliceOps done
Event: 18.460 Loading class java/util/stream/SliceOps$1
Event: 18.461 Loading class java/util/stream/SliceOps$1 done
Event: 18.461 Loading class java/util/stream/SliceOps$1$1
Event: 18.461 Loading class java/util/stream/SliceOps$1$1 done
Event: 18.499 Loading class java/util/PriorityQueue
Event: 18.499 Loading class java/util/PriorityQueue done
Event: 19.827 Loading class java/nio/ShortBuffer
Event: 19.830 Loading class java/nio/ShortBuffer done
Event: 19.960 Loading class java/nio/ByteBufferAsShortBufferL
Event: 19.961 Loading class java/nio/ByteBufferAsShortBufferL done
Event: 20.066 Loading class java/util/zip/Adler32
Event: 20.067 Loading class java/util/zip/Adler32 done
Event: 20.092 Loading class java/util/zip/ZipOutputStream$XEntry
Event: 20.092 Loading class java/util/zip/ZipOutputStream$XEntry done
Event: 20.135 Loading class java/util/Vector$Itr
Event: 20.136 Loading class java/util/Vector$Itr done

Classes unloaded (20 events):
Event: 24.291 Thread 0x0000022b2cb0adf0 Unloading class 0x0000022b2ec06800 'java/lang/invoke/LambdaForm$DMH+0x0000022b2ec06800'
Event: 24.291 Thread 0x0000022b2cb0adf0 Unloading class 0x0000022b2ec06c00 'java/lang/invoke/LambdaForm$DMH+0x0000022b2ec06c00'
Event: 24.291 Thread 0x0000022b2cb0adf0 Unloading class 0x0000022b2ec06000 'java/lang/invoke/LambdaForm$DMH+0x0000022b2ec06000'
Event: 24.291 Thread 0x0000022b2cb0adf0 Unloading class 0x0000022b2ec06400 'java/lang/invoke/LambdaForm$DMH+0x0000022b2ec06400'
Event: 24.291 Thread 0x0000022b2cb0adf0 Unloading class 0x0000022b2ec05c00 'java/lang/invoke/LambdaForm$DMH+0x0000022b2ec05c00'
Event: 24.291 Thread 0x0000022b2cb0adf0 Unloading class 0x0000022b2ec05800 'java/lang/invoke/LambdaForm$DMH+0x0000022b2ec05800'
Event: 24.291 Thread 0x0000022b2cb0adf0 Unloading class 0x0000022b2ec05400 'java/lang/invoke/LambdaForm$DMH+0x0000022b2ec05400'
Event: 24.291 Thread 0x0000022b2cb0adf0 Unloading class 0x0000022b2ec05000 'java/lang/invoke/LambdaForm$DMH+0x0000022b2ec05000'
Event: 24.291 Thread 0x0000022b2cb0adf0 Unloading class 0x0000022b2ec04c00 'java/lang/invoke/LambdaForm$DMH+0x0000022b2ec04c00'
Event: 24.291 Thread 0x0000022b2cb0adf0 Unloading class 0x0000022b2ec04800 'java/lang/invoke/LambdaForm$DMH+0x0000022b2ec04800'
Event: 24.291 Thread 0x0000022b2cb0adf0 Unloading class 0x0000022b2ec04400 'java/lang/invoke/LambdaForm$DMH+0x0000022b2ec04400'
Event: 24.291 Thread 0x0000022b2cb0adf0 Unloading class 0x0000022b2eaa2800 'jdk/internal/reflect/GeneratedSerializationConstructorAccessor385'
Event: 24.291 Thread 0x0000022b2cb0adf0 Unloading class 0x0000022b2eaa2400 'jdk/internal/reflect/GeneratedSerializationConstructorAccessor384'
Event: 24.291 Thread 0x0000022b2cb0adf0 Unloading class 0x0000022b2eaa1c00 'jdk/internal/reflect/GeneratedSerializationConstructorAccessor383'
Event: 24.291 Thread 0x0000022b2cb0adf0 Unloading class 0x0000022b2eaa2000 'jdk/internal/reflect/GeneratedSerializationConstructorAccessor381'
Event: 24.291 Thread 0x0000022b2cb0adf0 Unloading class 0x0000022b2eaa0800 'jdk/internal/reflect/GeneratedSerializationConstructorAccessor380'
Event: 24.291 Thread 0x0000022b2cb0adf0 Unloading class 0x0000022b2eaa0400 'jdk/internal/reflect/GeneratedSerializationConstructorAccessor379'
Event: 24.291 Thread 0x0000022b2cb0adf0 Unloading class 0x0000022b2eaa1400 'jdk/internal/reflect/GeneratedSerializationConstructorAccessor376'
Event: 24.291 Thread 0x0000022b2cb0adf0 Unloading class 0x0000022b2eaa0c00 'jdk/internal/reflect/GeneratedSerializationConstructorAccessor375'
Event: 24.291 Thread 0x0000022b2cb0adf0 Unloading class 0x0000022b2eaa1000 'jdk/internal/reflect/GeneratedSerializationConstructorAccessor378'

Classes redefined (0 events):
No events

Internal exceptions (20 events):
Event: 26.081 Thread 0x0000022b77e31840 Exception <a 'sun/nio/fs/WindowsException'{0x0000000097adc1d8}> (0x0000000097adc1d8) 
thrown [s\src\hotspot\share\prims\jni.cpp, line 516]
Event: 26.083 Thread 0x0000022b77e31840 Exception <a 'sun/nio/fs/WindowsException'{0x0000000097ae1438}> (0x0000000097ae1438) 
thrown [s\src\hotspot\share\prims\jni.cpp, line 516]
Event: 26.084 Thread 0x0000022b77e31840 Exception <a 'sun/nio/fs/WindowsException'{0x0000000097ae65d0}> (0x0000000097ae65d0) 
thrown [s\src\hotspot\share\prims\jni.cpp, line 516]
Event: 26.086 Thread 0x0000022b77e31840 Exception <a 'sun/nio/fs/WindowsException'{0x0000000097788760}> (0x0000000097788760) 
thrown [s\src\hotspot\share\prims\jni.cpp, line 516]
Event: 26.089 Thread 0x0000022b77e31840 Exception <a 'sun/nio/fs/WindowsException'{0x00000000977d0928}> (0x00000000977d0928) 
thrown [s\src\hotspot\share\prims\jni.cpp, line 516]
Event: 26.091 Thread 0x0000022b77e31840 Exception <a 'sun/nio/fs/WindowsException'{0x00000000977d7cb8}> (0x00000000977d7cb8) 
thrown [s\src\hotspot\share\prims\jni.cpp, line 516]
Event: 26.093 Thread 0x0000022b77e31840 Exception <a 'sun/nio/fs/WindowsException'{0x00000000977e1af8}> (0x00000000977e1af8) 
thrown [s\src\hotspot\share\prims\jni.cpp, line 516]
Event: 26.097 Thread 0x0000022b77e31840 Exception <a 'sun/nio/fs/WindowsException'{0x00000000977e7dc8}> (0x00000000977e7dc8) 
thrown [s\src\hotspot\share\prims\jni.cpp, line 516]
Event: 26.099 Thread 0x0000022b77e31840 Exception <a 'sun/nio/fs/WindowsException'{0x00000000977efff8}> (0x00000000977efff8) 
thrown [s\src\hotspot\share\prims\jni.cpp, line 516]
Event: 26.101 Thread 0x0000022b77e31840 Exception <a 'sun/nio/fs/WindowsException'{0x0000000097385bd8}> (0x0000000097385bd8) 
thrown [s\src\hotspot\share\prims\jni.cpp, line 516]
Event: 26.102 Thread 0x0000022b77e31840 Exception <a 'sun/nio/fs/WindowsException'{0x000000009738c180}> (0x000000009738c180) 
thrown [s\src\hotspot\share\prims\jni.cpp, line 516]
Event: 26.117 Thread 0x0000022b77e31840 Exception <a 'sun/nio/fs/WindowsException'{0x000000009739b880}> (0x000000009739b880) 
thrown [s\src\hotspot\share\prims\jni.cpp, line 516]
Event: 26.123 Thread 0x0000022b77e31840 Exception <a 'sun/nio/fs/WindowsException'{0x00000000973a4990}> (0x00000000973a4990) 
thrown [s\src\hotspot\share\prims\jni.cpp, line 516]
Event: 26.125 Thread 0x0000022b77e31840 Exception <a 'sun/nio/fs/WindowsException'{0x0000000096ed0bf8}> (0x0000000096ed0bf8) 
thrown [s\src\hotspot\share\prims\jni.cpp, line 516]
Event: 26.128 Thread 0x0000022b77e31840 Exception <a 'sun/nio/fs/WindowsException'{0x0000000096ed7680}> (0x0000000096ed7680) 
thrown [s\src\hotspot\share\prims\jni.cpp, line 516]
Event: 26.131 Thread 0x0000022b77e31840 Exception <a 'sun/nio/fs/WindowsException'{0x0000000096eddb70}> (0x0000000096eddb70) 
thrown [s\src\hotspot\share\prims\jni.cpp, line 516]
Event: 26.133 Thread 0x0000022b77e31840 Exception <a 'sun/nio/fs/WindowsException'{0x0000000096ee49d0}> (0x0000000096ee49d0) 
thrown [s\src\hotspot\share\prims\jni.cpp, line 516]
Event: 26.134 Thread 0x0000022b77e31840 Exception <a 'sun/nio/fs/WindowsException'{0x0000000096ee9c80}> (0x0000000096ee9c80) 
thrown [s\src\hotspot\share\prims\jni.cpp, line 516]
Event: 26.136 Thread 0x0000022b77e31840 Exception <a 'sun/nio/fs/WindowsException'{0x0000000096ef2810}> (0x0000000096ef2810) 
thrown [s\src\hotspot\share\prims\jni.cpp, line 516]
Event: 26.138 Thread 0x0000022b77e31840 Exception <a 'sun/nio/fs/WindowsException'{0x0000000096ccf250}> (0x0000000096ccf250) 
thrown [s\src\hotspot\share\prims\jni.cpp, line 516]

VM Operations (20 events):
Event: 24.418 Executing VM operation: G1PauseCleanup done
Event: 24.453 Executing VM operation: HandshakeAllThreads
Event: 24.454 Executing VM operation: HandshakeAllThreads done
Event: 24.540 Executing VM operation: G1CollectForAllocation
Event: 24.558 Executing VM operation: G1CollectForAllocation done
Event: 24.565 Executing VM operation: G1CollectForAllocation
Event: 24.585 Executing VM operation: G1CollectForAllocation done
Event: 24.639 Executing VM operation: HandshakeAllThreads
Event: 24.640 Executing VM operation: HandshakeAllThreads done
Event: 24.769 Executing VM operation: ICBufferFull
Event: 24.769 Executing VM operation: ICBufferFull done
Event: 24.971 Executing VM operation: G1CollectForAllocation
Event: 24.980 Executing VM operation: G1CollectForAllocation done
Event: 25.281 Executing VM operation: ICBufferFull
Event: 25.281 Executing VM operation: ICBufferFull done
Event: 25.292 Executing VM operation: G1CollectForAllocation
Event: 25.304 Executing VM operation: G1CollectForAllocation done
Event: 25.622 Executing VM operation: G1CollectForAllocation
Event: 25.676 Executing VM operation: G1CollectForAllocation done
Event: 26.139 Executing VM operation: G1CollectForAllocation

Memory protections (0 events):
No events

Nmethod flushes (20 events):
Event: 24.265 Thread 0x0000022b2cb85c40 flushing  nmethod 0x0000022b17767490
Event: 24.265 Thread 0x0000022b2cb85c40 flushing  nmethod 0x0000022b17767b10
Event: 24.265 Thread 0x0000022b2cb85c40 flushing  nmethod 0x0000022b17768590
Event: 24.265 Thread 0x0000022b2cb85c40 flushing  nmethod 0x0000022b17768a10
Event: 24.265 Thread 0x0000022b2cb85c40 flushing  nmethod 0x0000022b17769790
Event: 24.265 Thread 0x0000022b2cb85c40 flushing  nmethod 0x0000022b17769d90
Event: 24.265 Thread 0x0000022b2cb85c40 flushing  nmethod 0x0000022b1776ad10
Event: 24.265 Thread 0x0000022b2cb85c40 flushing  nmethod 0x0000022b1776b210
Event: 24.265 Thread 0x0000022b2cb85c40 flushing  nmethod 0x0000022b1776c110
Event: 24.265 Thread 0x0000022b2cb85c40 flushing  nmethod 0x0000022b1776d590
Event: 24.265 Thread 0x0000022b2cb85c40 flushing  nmethod 0x0000022b1776e310
Event: 24.265 Thread 0x0000022b2cb85c40 flushing  nmethod 0x0000022b1776f590
Event: 24.266 Thread 0x0000022b2cb85c40 flushing  nmethod 0x0000022b177c3610
Event: 24.266 Thread 0x0000022b2cb85c40 flushing  nmethod 0x0000022b177c4610
Event: 24.266 Thread 0x0000022b2cb85c40 flushing  nmethod 0x0000022b177cba10
Event: 24.266 Thread 0x0000022b2cb85c40 flushing  nmethod 0x0000022b177cce10
Event: 24.266 Thread 0x0000022b2cb85c40 flushing  nmethod 0x0000022b177cd190
Event: 24.266 Thread 0x0000022b2cb85c40 flushing  nmethod 0x0000022b177ce410
Event: 24.266 Thread 0x0000022b2cb85c40 flushing  nmethod 0x0000022b177ced90
Event: 24.266 Thread 0x0000022b2cb85c40 flushing  nmethod 0x0000022b177da610

Events (20 events):
Event: 12.943 Thread 0x0000022b77e30e20 Thread added: 0x0000022b2cbf6320
Event: 12.943 Thread 0x0000022b77e30e20 Thread added: 0x0000022b76d97c50
Event: 12.944 Thread 0x0000022b77e30e20 Thread added: 0x0000022b76d96d20
Event: 12.946 Thread 0x0000022b77e30e20 Thread added: 0x0000022b76d97230
Event: 12.948 Thread 0x0000022b77e30e20 Thread added: 0x0000022b76d97740
Event: 12.949 Thread 0x0000022b77e30e20 Thread added: 0x0000022b76d944a0
Event: 12.949 Thread 0x0000022b77e30e20 Thread added: 0x0000022b76d949b0
Event: 13.414 Thread 0x0000022b77e30910 Thread added: 0x0000022b751b84e0
Event: 13.433 Thread 0x0000022b751b84e0 Thread added: 0x0000022b722dc340
Event: 13.433 Thread 0x0000022b751b84e0 Thread added: 0x0000022b75d0c7f0
Event: 14.080 Thread 0x0000022b769093d0 Thread added: 0x0000022b77e31840
Event: 14.081 Thread 0x0000022b769093d0 Thread added: 0x0000022b77e2a3d0
Event: 14.082 Thread 0x0000022b769093d0 Thread added: 0x0000022b77e2d160
Event: 14.083 Thread 0x0000022b769093d0 Thread added: 0x0000022b77e2d670
Event: 14.084 Thread 0x0000022b769093d0 Thread added: 0x0000022b77e2f4d0
Event: 14.660 Thread 0x0000022b745895b0 Thread exited: 0x0000022b745895b0
Event: 14.766 Thread 0x0000022b74589060 Thread exited: 0x0000022b74589060
Event: 14.815 Thread 0x0000022b2cc7d2e0 Thread added: 0x0000022b78ad97c0
Event: 15.366 Thread 0x0000022b77e30e20 Thread added: 0x0000022b75d0aea0
Event: 21.355 Thread 0x0000022b794aeed0 Thread exited: 0x0000022b794aeed0


Dynamic libraries:
0x00007ff61baf0000 - 0x00007ff61bafe000 	C:\Program Files\Eclipse Adoptium\jdk-17.0.19.10-hotspot\bin\java.exe
0x00007ffb04050000 - 0x00007ffb04267000 	C:\WINDOWS\SYSTEM32\ntdll.dll
0x00007ffb02650000 - 0x00007ffb02714000 	C:\WINDOWS\System32\KERNEL32.DLL
0x00007ffb01360000 - 0x00007ffb01717000 	C:\WINDOWS\System32\KERNELBASE.dll
0x00007ffb01870000 - 0x00007ffb01981000 	C:\WINDOWS\System32\ucrtbase.dll
0x00007ffacd870000 - 0x00007ffacd888000 	C:\Program Files\Eclipse Adoptium\jdk-17.0.19.10-hotspot\bin\jli.dll
0x00007ffacf920000 - 0x00007ffacf93e000 	C:\Program Files\Eclipse Adoptium\jdk-17.0.19.10-hotspot\bin\VCRUNTIME140.dll
0x00007ffb03d90000 - 0x00007ffb03f3f000 	C:\WINDOWS\System32\USER32.dll
0x00007ffae1d20000 - 0x00007ffae1fb3000 	C:\WINDOWS\WinSxS\amd64_microsoft.windows.common-controls_6595b64144ccf1df_6.0.22621.3672_none_2713b9d173822955\COMCTL32.dll
0x00007ffb01720000 - 0x00007ffb01746000 	C:\WINDOWS\System32\win32u.dll
0x00007ffb03f40000 - 0x00007ffb03fe7000 	C:\WINDOWS\System32\msvcrt.dll
0x00007ffb02390000 - 0x00007ffb023b9000 	C:\WINDOWS\System32\GDI32.dll
0x00007ffb01b00000 - 0x00007ffb01c18000 	C:\WINDOWS\System32\gdi32full.dll
0x00007ffb01ce0000 - 0x00007ffb01d7a000 	C:\WINDOWS\System32\msvcp_win.dll
0x00007ffb03cd0000 - 0x00007ffb03d01000 	C:\WINDOWS\System32\IMM32.DLL
0x00007ffae2b70000 - 0x00007ffae2b7c000 	C:\Program Files\Eclipse Adoptium\jdk-17.0.19.10-hotspot\bin\vcruntime140_1.dll
0x00007ffab1d80000 - 0x00007ffab1e0d000 	C:\Program Files\Eclipse Adoptium\jdk-17.0.19.10-hotspot\bin\msvcp140.dll
0x00007ffa17fb0000 - 0x00007ffa18c1c000 	C:\Program Files\Eclipse Adoptium\jdk-17.0.19.10-hotspot\bin\server\jvm.dll
0x00007ffb03140000 - 0x00007ffb031f2000 	C:\WINDOWS\System32\ADVAPI32.dll
0x00007ffb03200000 - 0x00007ffb032a8000 	C:\WINDOWS\System32\sechost.dll
0x00007ffb017d0000 - 0x00007ffb017f8000 	C:\WINDOWS\System32\bcrypt.dll
0x00007ffb023c0000 - 0x00007ffb024d4000 	C:\WINDOWS\System32\RPCRT4.dll
0x00007ffb02720000 - 0x00007ffb02791000 	C:\WINDOWS\System32\WS2_32.dll
0x00007ffaf3700000 - 0x00007ffaf370a000 	C:\WINDOWS\SYSTEM32\VERSION.dll
0x00007ffafac90000 - 0x00007ffafacc4000 	C:\WINDOWS\SYSTEM32\WINMM.dll
0x00007ffb00210000 - 0x00007ffb0025d000 	C:\WINDOWS\SYSTEM32\POWRPROF.dll
0x00007ffb001f0000 - 0x00007ffb00203000 	C:\WINDOWS\SYSTEM32\UMPDC.dll
0x00007ffb004a0000 - 0x00007ffb004b8000 	C:\WINDOWS\SYSTEM32\kernel.appcore.dll
0x00007ffae2890000 - 0x00007ffae289a000 	C:\Program Files\Eclipse Adoptium\jdk-17.0.19.10-hotspot\bin\jimage.dll
0x00007ffafe280000 - 0x00007ffafe4b2000 	C:\WINDOWS\SYSTEM32\DBGHELP.DLL
0x00007ffb01f80000 - 0x00007ffb0230e000 	C:\WINDOWS\System32\combase.dll
0x00007ffb01ea0000 - 0x00007ffb01f77000 	C:\WINDOWS\System32\OLEAUT32.dll
0x00007ffaec7b0000 - 0x00007ffaec7e2000 	C:\WINDOWS\SYSTEM32\dbgcore.DLL
0x00007ffb01750000 - 0x00007ffb017cb000 	C:\WINDOWS\System32\bcryptPrimitives.dll
0x00007ffaddd00000 - 0x00007ffaddd0e000 	C:\Program Files\Eclipse Adoptium\jdk-17.0.19.10-hotspot\bin\instrument.dll
0x00007ffac0d10000 - 0x00007ffac0d35000 	C:\Program Files\Eclipse Adoptium\jdk-17.0.19.10-hotspot\bin\java.dll
0x00007ffaa9b90000 - 0x00007ffaa9c67000 	C:\Program Files\Eclipse Adoptium\jdk-17.0.19.10-hotspot\bin\jsvml.dll
0x00007ffb03460000 - 0x00007ffb03cc9000 	C:\WINDOWS\System32\SHELL32.dll
0x00007ffaff2d0000 - 0x00007ffaffbcf000 	C:\WINDOWS\SYSTEM32\windows.storage.dll
0x00007ffaff190000 - 0x00007ffaff2cf000 	C:\WINDOWS\SYSTEM32\wintypes.dll
0x00007ffb02550000 - 0x00007ffb02649000 	C:\WINDOWS\System32\SHCORE.dll
0x00007ffb02330000 - 0x00007ffb0238e000 	C:\WINDOWS\System32\shlwapi.dll
0x00007ffb01290000 - 0x00007ffb012b7000 	C:\WINDOWS\SYSTEM32\profapi.dll
0x00007ffac8ac0000 - 0x00007ffac8ad8000 	C:\Program Files\Eclipse Adoptium\jdk-17.0.19.10-hotspot\bin\zip.dll
0x00007ffacd5e0000 - 0x00007ffacd5fa000 	C:\Program Files\Eclipse Adoptium\jdk-17.0.19.10-hotspot\bin\net.dll
0x00007ffafcff0000 - 0x00007ffafd126000 	C:\WINDOWS\SYSTEM32\WINHTTP.dll
0x00007ffb00910000 - 0x00007ffb00979000 	C:\WINDOWS\system32\mswsock.dll
0x00007ffacc8c0000 - 0x00007ffacc8d6000 	C:\Program Files\Eclipse Adoptium\jdk-17.0.19.10-hotspot\bin\nio.dll
0x00007ffae25a0000 - 0x00007ffae25b0000 	C:\Program Files\Eclipse Adoptium\jdk-17.0.19.10-hotspot\bin\verify.dll
0x00007ffabdec0000 - 0x00007ffabdee7000 	C:\Users\JoyRaptor\.gradle\native\1def1411415f61bf3af743bc5b6707747c0891f09f0c88961ee8f79bc544acac\windows-amd64\native-platform.dll
0x00007ffaaf490000 - 0x00007ffaaf508000 	C:\Users\JoyRaptor\.gradle\native\0.2.7\x86_64-windows-gnu\gradle-fileevents.dll
0x00007ffadfb50000 - 0x00007ffadfb5a000 	C:\Program Files\Eclipse Adoptium\jdk-17.0.19.10-hotspot\bin\management.dll
0x00007ffade4b0000 - 0x00007ffade4bc000 	C:\Program Files\Eclipse Adoptium\jdk-17.0.19.10-hotspot\bin\management_ext.dll
0x00007ffb01d90000 - 0x00007ffb01d98000 	C:\WINDOWS\System32\PSAPI.DLL
0x00007ffafff30000 - 0x00007ffafff5d000 	C:\WINDOWS\SYSTEM32\IPHLPAPI.DLL
0x00007ffb02a10000 - 0x00007ffb02a19000 	C:\WINDOWS\System32\NSI.dll
0x00007ffafcaa0000 - 0x00007ffafcab9000 	C:\WINDOWS\SYSTEM32\dhcpcsvc6.DLL
0x00007ffafca80000 - 0x00007ffafca9f000 	C:\WINDOWS\SYSTEM32\dhcpcsvc.DLL
0x00007ffafff60000 - 0x00007ffb00062000 	C:\WINDOWS\SYSTEM32\DNSAPI.dll
0x00007ffade420000 - 0x00007ffade429000 	C:\Program Files\Eclipse Adoptium\jdk-17.0.19.10-hotspot\bin\extnet.dll
0x00007ffb00b70000 - 0x00007ffb00b8b000 	C:\WINDOWS\SYSTEM32\CRYPTSP.dll
0x00007ffb00400000 - 0x00007ffb00435000 	C:\WINDOWS\system32\rsaenh.dll
0x00007ffb00a00000 - 0x00007ffb00a28000 	C:\WINDOWS\SYSTEM32\USERENV.dll
0x00007ffb00b60000 - 0x00007ffb00b6c000 	C:\WINDOWS\SYSTEM32\CRYPTBASE.dll
0x00007ffaddc50000 - 0x00007ffaddc5e000 	C:\Program Files\Eclipse Adoptium\jdk-17.0.19.10-hotspot\bin\sunmscapi.dll
0x00007ffb01990000 - 0x00007ffb01af6000 	C:\WINDOWS\System32\CRYPT32.dll
0x00007ffb00d20000 - 0x00007ffb00d4d000 	C:\WINDOWS\SYSTEM32\ncrypt.dll
0x00007ffb00ce0000 - 0x00007ffb00d17000 	C:\WINDOWS\SYSTEM32\NTASN1.dll
0x00007ffacfd80000 - 0x00007ffacfd88000 	C:\WINDOWS\system32\wshunix.dll
0x00007ffb005b0000 - 0x00007ffb005e4000 	C:\WINDOWS\SYSTEM32\ntmarta.dll

dbghelp: loaded successfully - version: 4.0.5 - missing functions: none
symbol engine: initialized successfully - sym options: 0x614 - pdb path: .;C:\Program Files\Eclipse Adoptium\jdk-17.0.19.10-hotspot\bin;C:\WINDOWS\SYSTEM32;C:\WINDOWS\WinSxS\amd64_microsoft.windows.common-controls_6595b64144ccf1df_6.0.22621.3672_none_2713b9d173822955;C:\Program Files\Eclipse Adoptium\jdk-17.0.19.10-hotspot\bin\server;C:\Users\JoyRaptor\.gradle\native\1def1411415f61bf3af743bc5b6707747c0891f09f0c88961ee8f79bc544acac\windows-amd64;C:\Users\JoyRaptor\.gradle\native\0.2.7\x86_64-windows-gnu

VM Arguments:
jvm_args: --add-opens=java.base/java.lang=ALL-UNNAMED --add-opens=java.base/java.lang.invoke=ALL-UNNAMED --add-opens=java.base/java.util=ALL-UNNAMED --add-opens=java.prefs/java.util.prefs=ALL-UNNAMED --add-exports=jdk.compiler/com.sun.tools.javac.api=ALL-UNNAMED --add-exports=jdk.compiler/com.sun.tools.javac.util=ALL-UNNAMED --add-opens=java.base/java.util=ALL-UNNAMED --add-opens=java.prefs/java.util.prefs=ALL-UNNAMED --add-opens=java.base/java.nio.charset=ALL-UNNAMED --add-opens=java.base/java.net=ALL-UNNAMED --add-opens=java.base/java.util.concurrent.atomic=ALL-UNNAMED --add-opens=java.xml/javax.xml.namespace=ALL-UNNAMED -Xmx2048m -Dfile.encoding=UTF-8 -Djava.io.tmpdir=C:/Temp -Duser.country=US -Duser.language=en -Duser.variant -javaagent:C:\Users\JoyRaptor\.gradle\wrapper\dists\gradle-8.13-bin\5xuhj0ry160q40clulazy9h7d\gradle-8.13\lib\agents\gradle-instrumentation-agent-8.13.jar 
java_command: org.gradle.launcher.daemon.bootstrap.GradleDaemon 8.13
java_class_path (initial): C:\Users\JoyRaptor\.gradle\wrapper\dists\gradle-8.13-bin\5xuhj0ry160q40clulazy9h7d\gradle-8.13\lib\gradle-daemon-main-8.13.jar
Launcher Type: SUN_STANDARD

[Global flags]
     intx CICompilerCount                          = 12                                        {product} {ergonomic}
     uint ConcGCThreads                            = 3                                         {product} {ergonomic}
     uint G1ConcRefinementThreads                  = 13                                        {product} {ergonomic}
   size_t G1HeapRegionSize                         = 1048576                                   {product} {ergonomic}
    uintx GCDrainStackTargetSize                   = 64                                        {product} {ergonomic}
   size_t InitialHeapSize                          = 262144000                                 {product} {ergonomic}
   size_t MarkStackSize                            = 4194304                                   {product} {ergonomic}
   size_t MaxHeapSize                              = 2147483648                                {product} {command line}
   size_t MaxNewSize                               = 1287651328                                {product} {ergonomic}
   size_t MinHeapDeltaBytes                        = 1048576                                   {product} {ergonomic}
   size_t MinHeapSize                              = 8388608                                   {product} {ergonomic}
    uintx NonNMethodCodeHeapSize                   = 7602480                                {pd product} {ergonomic}
    uintx NonProfiledCodeHeapSize                  = 122027880                              {pd product} {ergonomic}
    uintx ProfiledCodeHeapSize                     = 122027880                              {pd product} {ergonomic}
    uintx ReservedCodeCacheSize                    = 251658240                              {pd product} {ergonomic}
     bool SegmentedCodeCache                       = true                                      {product} {ergonomic}
   size_t SoftMaxHeapSize                          = 2147483648                             {manageable} {ergonomic}
     bool UseCompressedClassPointers               = true                           {product lp64_product} {ergonomic}
     bool UseCompressedOops                        = true                           {product lp64_product} {ergonomic}
     bool UseG1GC                                  = true                                      {product} {ergonomic}
     bool UseLargePagesIndividualAllocation        = false                                  {pd product} {ergonomic}

Logging:
Log output configuration:
 #0: stdout all=warning uptime,level,tags
 #1: stderr all=off uptime,level,tags

Environment Variables:
JAVA_HOME=C:\Program Files\Eclipse Adoptium\jdk-17.0.19.10-hotspot\
CLASSPATH=C:\+Projects\Screenrecorder\FadCam\\gradle\wrapper\gradle-wrapper.jar
PATH=C:\Users\JoyRaptor\miniconda3\condabin;C:\Program Files\Eclipse Adoptium\jdk-17.0.19.10-hotspot\bin;C:\Python314\Scripts\;C:\Python314\;C:\Program Files (x86)\Common Files\Intel\Shared Libraries\redist\intel64\compiler;C:\WINDOWS\system32;C:\WINDOWS;C:\WINDOWS\System32\Wbem;C:\WINDOWS\System32\WindowsPowerShell\v1.0\;C:\WINDOWS\System32\OpenSSH\;C:\Program Files\Go\bin;C:\Program Files\dotnet\;C:\Program Files\Git\cmd;C:\Program Files\nodejs\;C:\ProgramData\chocolatey\bin;C:\Users\JoyRaptor\AppData\Local\hermes\bin;C:\Users\JoyRaptor\AppData\Local\hermes\hermes-agent\venv\Scripts;C:\Users\JoyRaptor\.local\bin;C:\Users\JoyRaptor\miniconda3;C:\Users\JoyRaptor\miniconda3\Library\mingw-w64\bin;C:\Users\JoyRaptor\miniconda3\Library\usr\bin;C:\Users\JoyRaptor\miniconda3\Library\bin;C:\Users\JoyRaptor\miniconda3\Scripts;C:\Users\JoyRaptor\AppData\Local\Microsoft\WindowsApps;C:\Users\JoyRaptor\go\bin;C:\Users\JoyRaptor\AppData\Local\GitHubDesktop\bin;C:\Users\JoyRaptor\AppData\Local\Microsoft\WinGet\Packages\Gyan.FFmpeg_Microsoft.Winget.Source_8wekyb3d8bbwe\ffmpeg-7.0.2-full_build\bin;C:\Users\JoyRaptor\AppData\Local\Programs\Antigravity\bin;C:\Users\JoyRaptor\AppData\Roaming\npm;C:\Users\JoyRaptor\AppData\Local\Programs\Ollama;C:\Users\JoyRaptor\AppData\Local\Programs\Antigravity IDE\bin;C:\Users\JoyRaptor\AppData\Local\Microsoft\WinGet\Packages\BurntSushi.ripgrep.MSVC_Microsoft.Winget.Source_8wekyb3d8bbwe\ripgrep-15.1.0-x86_64-pc-windows-msvc;C:\Program Files\Obsidian
USERNAME=JoyRaptor
OS=Windows_NT
PROCESSOR_IDENTIFIER=Intel64 Family 6 Model 186 Stepping 2, GenuineIntel
TMP=C:\Users\JOYRAP~1\AppData\Local\Temp
TEMP=C:\Users\JOYRAP~1\AppData\Local\Temp



Periodic native trim disabled


---------------  S Y S T E M  ---------------

OS:
 Windows 11 , 64 bit Build 22621 (10.0.22621.3958)
OS uptime: 7 days 2:31 hours
Hyper-V role detected

CPU: total 16 (initial active 16) (8 cores per cpu, 2 threads per core) family 6 model 186 stepping 2 microcode 0x410e, cx8, cmov, fxsr, ht, mmx, 3dnowpref, sse, sse2, sse3, ssse3, sse4.1, sse4.2, popcnt, lzcnt, tsc, tscinvbit, avx, avx2, aes, erms, clmul, bmi1, bmi2, adx, sha, fma, vzeroupper, clflush, clflushopt, clwb, hv
Processor Information for processor 0
  Max Mhz: 2200, Current Mhz: 2200, Mhz Limit: 2200
Processor Information for processor 1
  Max Mhz: 2200, Current Mhz: 2200, Mhz Limit: 2200
Processor Information for processor 2
  Max Mhz: 2200, Current Mhz: 2200, Mhz Limit: 2200
Processor Information for processor 3
  Max Mhz: 2200, Current Mhz: 2200, Mhz Limit: 2200
Processor Information for processor 4
  Max Mhz: 2200, Current Mhz: 2200, Mhz Limit: 2200
Processor Information for processor 5
  Max Mhz: 2200, Current Mhz: 2200, Mhz Limit: 2200
Processor Information for processor 6
  Max Mhz: 2200, Current Mhz: 2200, Mhz Limit: 2200
Processor Information for processor 7
  Max Mhz: 2200, Current Mhz: 2200, Mhz Limit: 2200
Processor Information for processor 8
  Max Mhz: 2200, Current Mhz: 1600, Mhz Limit: 1584
Processor Information for processor 9
  Max Mhz: 2200, Current Mhz: 1600, Mhz Limit: 1584
Processor Information for processor 10
  Max Mhz: 2200, Current Mhz: 1600, Mhz Limit: 1584
Processor Information for processor 11
  Max Mhz: 2200, Current Mhz: 1600, Mhz Limit: 1584
Processor Information for processor 12
  Max Mhz: 2200, Current Mhz: 1600, Mhz Limit: 1584
Processor Information for processor 13
  Max Mhz: 2200, Current Mhz: 1600, Mhz Limit: 1584
Processor Information for processor 14
  Max Mhz: 2200, Current Mhz: 1600, Mhz Limit: 1584
Processor Information for processor 15
  Max Mhz: 2200, Current Mhz: 1600, Mhz Limit: 1584

Memory: 4k page, system-wide physical 15943M (14M free)
TotalPageFile size 65095M (AvailPageFile size 92M)
current process WorkingSet (physical memory assigned to process): 806M, peak: 896M
current process commit charge ("private bytes"): 966M, peak: 1455M

vm_info: OpenJDK 64-Bit Server VM (17.0.19+10) for windows-amd64 JRE (17.0.19+10), built on Apr 25 2026 08:04:44 by "admin" with MS VC++ 17.12 (VS2022)

END.
