#
# There is insufficient memory for the Java Runtime Environment to continue.
# Native memory allocation (mmap) failed to map 275775488 bytes. Error detail: G1 virtual space
# Possible reasons:
#   The system is out of physical RAM or swap space
#   This process is running with CompressedOops enabled, and the Java Heap may be blocking the growth of the native heap
# Possible solutions:
#   Reduce memory load on the system
#   Increase physical memory or swap space
#   Check if swap backing store is full
#   Decrease Java heap size (-Xmx/-Xms)
#   Decrease number of Java threads
#   Decrease Java thread stack sizes (-Xss)
#   Set larger code cache with -XX:ReservedCodeCacheSize=
#   JVM is running with Unscaled Compressed Oops mode in which the Java heap is
#     placed in the first 4GB address space. The Java Heap base address is the
#     maximum limit for the native heap growth. Please use -XX:HeapBaseMinAddress
#     to set the Java Heap base and to place the Java Heap above 4GB virtual address.
# This output file may be truncated or incomplete.
#
#  Out of Memory Error (os_windows.cpp:3618), pid=35924, tid=4620
#
# JRE version: OpenJDK Runtime Environment Temurin-17.0.19+10 (17.0.19+10) (build 17.0.19+10)
# Java VM: OpenJDK 64-Bit Server VM Temurin-17.0.19+10 (17.0.19+10, mixed mode, sharing, tiered, compressed oops, compressed class ptrs, g1 gc, windows-amd64)
# No core dump will be written. Minidumps are not enabled by default on client versions of Windows
#

---------------  S U M M A R Y ------------

Command Line: --add-opens=java.base/java.lang=ALL-UNNAMED --add-opens=java.base/java.lang.invoke=ALL-UNNAMED --add-opens=java.base/java.util=ALL-UNNAMED --add-opens=java.prefs/java.util.prefs=ALL-UNNAMED --add-exports=jdk.compiler/com.sun.tools.javac.api=ALL-UNNAMED --add-exports=jdk.compiler/com.sun.tools.javac.util=ALL-UNNAMED --add-opens=java.base/java.util=ALL-UNNAMED --add-opens=java.prefs/java.util.prefs=ALL-UNNAMED --add-opens=java.base/java.nio.charset=ALL-UNNAMED --add-opens=java.base/java.net=ALL-UNNAMED --add-opens=java.base/java.util.concurrent.atomic=ALL-UNNAMED --add-opens=java.xml/javax.xml.namespace=ALL-UNNAMED -Xmx2048m -Dfile.encoding=UTF-8 -Djava.io.tmpdir=C:/Temp -Duser.country=US -Duser.language=en -Duser.variant -javaagent:C:\Users\JoyRaptor\.gradle\wrapper\dists\gradle-8.13-bin\5xuhj0ry160q40clulazy9h7d\gradle-8.13\lib\agents\gradle-instrumentation-agent-8.13.jar org.gradle.launcher.daemon.bootstrap.GradleDaemon 8.13

Host: 13th Gen Intel(R) Core(TM) i7-1360P, 16 cores, 15G,  Windows 11 , 64 bit Build 22621 (10.0.22621.3958)
Time: Fri Jun 19 01:59:43 2026 Eastern Daylight Time elapsed time: 28.534272 seconds (0d 0h 0m 28s)

---------------  T H R E A D  ---------------

Current thread (0x00000197dae47740):  VMThread "VM Thread" [stack: 0x00000002f1e00000,0x00000002f1f00000] [id=4620]

Stack: [0x00000002f1e00000,0x00000002f1f00000]
Native frames: (J=compiled Java code, j=interpreted, Vv=VM code, C=native code)
V  [jvm.dll+0x684b29]
V  [jvm.dll+0x83a2d5]
V  [jvm.dll+0x83bd4e]
V  [jvm.dll+0x83c3d3]
V  [jvm.dll+0x24905f]
V  [jvm.dll+0x6818e9]
V  [jvm.dll+0x6766ea]
V  [jvm.dll+0x3093b7]
V  [jvm.dll+0x3109a6]
V  [jvm.dll+0x360f1e]
V  [jvm.dll+0x36115d]
V  [jvm.dll+0x2e043c]
V  [jvm.dll+0x2e34c6]
V  [jvm.dll+0x2edc04]
V  [jvm.dll+0x320edd]
V  [jvm.dll+0x840bed]
V  [jvm.dll+0x841923]
V  [jvm.dll+0x841e4f]
V  [jvm.dll+0x842235]
V  [jvm.dll+0x8422fe]
V  [jvm.dll+0x7eaf1c]
V  [jvm.dll+0x6839f7]
C  [ucrtbase.dll+0x29333]
C  [KERNEL32.DLL+0x1257d]
C  [ntdll.dll+0x5af08]

VM_Operation (0x00000002f1aff420): G1PauseRemark, mode: safepoint, requested by thread 0x00000197bbe1f370


---------------  P R O C E S S  ---------------

Threads class SMR info:
_java_thread_list=0x0000019826bc8360, length=268, elements={
0x00000197bbdb1b80, 0x000001982004b5f0, 0x000001982004c470, 0x0000019820057b90,
0x000001982005aa60, 0x000001982005b420, 0x000001982005c580, 0x000001982005f330,
0x0000019820061df0, 0x0000019820062f90, 0x000001982015fe40, 0x0000019820167c30,
0x0000019820168200, 0x0000019820171010, 0x00000198202701b0, 0x00000198220574e0,
0x00000198210c6320, 0x0000019821d15080, 0x0000019821685780, 0x0000019821683190,
0x00000198225203e0, 0x0000019822521310, 0x000001982251e580, 0x0000019822521820,
0x0000019822520e00, 0x000001982251f9c0, 0x000001982251efa0, 0x000001982251f4b0,
0x000001982329aeb0, 0x000001982329c2f0, 0x000001982329c800, 0x000001982329dc40,
0x0000019823299f80, 0x000001982329e660, 0x000001982329d220, 0x000001982329d730,
0x000001982329a9a0, 0x0000019823298120, 0x0000019823298630, 0x000001982329e150,
0x0000019823297c10, 0x0000019823299050, 0x0000019823298b40, 0x0000019823299a70,
0x000001982329b3c0, 0x000001982329b8d0, 0x000001982329bde0, 0x00000198262c8b20,
0x00000198262c7bf0, 0x00000198262c4950, 0x00000198262c9540, 0x00000198262c9f60,
0x00000198262c2af0, 0x00000198262c76e0, 0x00000198262c3a20, 0x00000198262ca470,
0x00000198262c67b0, 0x00000198262c3510, 0x00000198262c6cc0, 0x00000198262c3f30,
0x00000198262c9a50, 0x00000198262c3000, 0x00000198262c8610, 0x00000198262c4440,
0x00000198262c4e60, 0x00000198262c5370, 0x00000198262c8100, 0x00000198262c5880,
0x00000198262c71d0, 0x00000198262c5d90, 0x00000198262c62a0, 0x00000198262c9030,
0x0000019825862020, 0x0000019825862530, 0x0000019825861b10, 0x0000019825862a40,
0x0000019825861600, 0x00000198258661f0, 0x0000019825868f80, 0x0000019825866c10,
0x0000019825865ce0, 0x0000019825863970, 0x0000019825868050, 0x0000019825867120,
0x0000019825862f50, 0x0000019825866700, 0x0000019825864db0, 0x0000019825867630,
0x0000019825867b40, 0x0000019825863460, 0x0000019825863e80, 0x0000019825868560,
0x0000019825868a70, 0x0000019825864390, 0x00000198258648a0, 0x00000198258652c0,
0x00000198258657d0, 0x00000198289724a0, 0x0000019828976670, 0x0000019828972ec0,
0x0000019828976b80, 0x0000019828973df0, 0x0000019828971570, 0x0000019828977090,
0x0000019828977ab0, 0x0000019828975230, 0x00000198289729b0, 0x0000019828977fc0,
0x00000198289733d0, 0x0000019828971f90, 0x00000198289784d0, 0x0000019828975c50,
0x0000019828971a80, 0x00000198289738e0, 0x0000019828971060, 0x0000019828974300,
0x00000198289789e0, 0x0000019828974810, 0x0000019828974d20, 0x0000019828975740,
0x0000019828976160, 0x00000198269e0a30, 0x00000198269e6f70, 0x00000198269e83b0,
0x00000198269e7990, 0x00000198269e3cd0, 0x00000198269e5110, 0x00000198269e2890,
0x00000198269e1e70, 0x00000198269e0f40, 0x00000198269e1450, 0x00000198269e2380,
0x00000198269e6550, 0x00000198269e46f0, 0x00000198269e6040, 0x00000198269e2da0,
0x00000198269e37c0, 0x00000198269e32b0, 0x00000198269e41e0, 0x00000198269e1960,
0x00000198269e6a60, 0x00000198269e7480, 0x00000198269e4c00, 0x00000198269e7ea0,
0x00000198269e5620, 0x00000198232971f0, 0x0000019827120a30, 0x0000019827122890,
0x000001982711ebd0, 0x0000019827121450, 0x0000019827121960, 0x0000019827125110,
0x00000198271232b0, 0x0000019827121e70, 0x0000019827120f40, 0x0000019827125620,
0x0000019827125b30, 0x0000019827126040, 0x00000198271241e0, 0x00000198271237c0,
0x0000019827122380, 0x0000019827122da0, 0x0000019827123cd0, 0x00000198271246f0,
0x0000019827124c00, 0x0000019827126550, 0x000001982711f0e0, 0x000001982711f5f0,
0x000001982711fb00, 0x0000019827120010, 0x0000019827120520, 0x000001982316ef80,
0x000001982316db40, 0x000001982316a8a0, 0x0000019823169460, 0x000001982316adb0,
0x000001982316d120, 0x0000019823169970, 0x000001982316a390, 0x000001982316b2c0,
0x000001982316d630, 0x0000019823168a40, 0x0000019823168f50, 0x0000019823169e80,
0x000001982316e050, 0x000001982316ea70, 0x000001982316b7d0, 0x000001982316c1f0,
0x0000019823168530, 0x000001982316feb0, 0x000001982316e560, 0x000001982316bce0,
0x000001982316c700, 0x000001982316f9a0, 0x000001982316cc10, 0x00000198286f0870,
0x00000198286f1cb0, 0x00000198286f0d80, 0x00000198286f0360, 0x00000198286edae0,
0x00000198286f4530, 0x00000198286f1290, 0x00000198286f21c0, 0x00000198286eea10,
0x00000198286f5460, 0x00000198286f17a0, 0x00000198286f26d0, 0x00000198286edff0,
0x00000198286efe50, 0x00000198286ef430, 0x00000198286eef20, 0x00000198286f3600,
0x00000198286f2be0, 0x00000198286ef940, 0x00000198286f4f50, 0x00000198286f30f0,
0x00000198286f3b10, 0x00000198286ee500, 0x00000198286f4a40, 0x00000198282b31f0,
0x00000198282ad6d0, 0x00000198282b22c0, 0x00000198282b5050, 0x00000198282b0e80,
0x00000198282b3700, 0x00000198282b27d0, 0x00000198282b1db0, 0x00000198282b1390,
0x00000198282b4b40, 0x00000198282b2ce0, 0x00000198282b3c10, 0x00000198282adbe0,
0x00000198282b18a0, 0x00000198282afa40, 0x00000198282b5560, 0x00000198282b4120,
0x00000198282b4630, 0x00000198282b5a70, 0x00000198282ae600, 0x00000198282b9c40,
0x00000198282bc4c0, 0x00000198282b69a0, 0x00000198282b9220, 0x00000198282ba660,
0x00000198282bbaa0, 0x00000198282bc9d0, 0x00000198282b7de0, 0x00000198282b9730,
0x00000198282b5f80, 0x00000198282b8d10, 0x00000198282bab70, 0x00000198282ba150,
0x00000198282bb080, 0x00000198297daf50, 0x00000198286c9300, 0x00000198253ce040,
0x00000198253ce550, 0x0000019828472180, 0x00000198297d4e20, 0x0000019829d0d050,
0x00000198286c9d20, 0x0000019828f00770, 0x0000019828472690, 0x00000198253cea60,
0x00000198297d5330, 0x00000198297db460, 0x0000019828f00260, 0x0000019823b07830
}

Java Threads: ( => current thread )
  0x00000197bbdb1b80 JavaThread "main" [_thread_blocked, id=9752, stack(0x00000002f1800000,0x00000002f1900000)]
  0x000001982004b5f0 JavaThread "Reference Handler" daemon [_thread_blocked, id=46368, stack(0x00000002f1f00000,0x00000002f2000000)]
  0x000001982004c470 JavaThread "Finalizer" daemon [_thread_blocked, id=55836, stack(0x00000002f2000000,0x00000002f2100000)]
  0x0000019820057b90 JavaThread "Signal Dispatcher" daemon [_thread_blocked, id=27160, stack(0x00000002f2100000,0x00000002f2200000)]
  0x000001982005aa60 JavaThread "Attach Listener" daemon [_thread_blocked, id=33420, stack(0x00000002f2200000,0x00000002f2300000)]
  0x000001982005b420 JavaThread "Service Thread" daemon [_thread_blocked, id=34284, stack(0x00000002f2300000,0x00000002f2400000)]
  0x000001982005c580 JavaThread "Monitor Deflation Thread" daemon [_thread_blocked, id=56900, stack(0x00000002f2400000,0x00000002f2500000)]
  0x000001982005f330 JavaThread "C2 CompilerThread0" daemon [_thread_blocked, id=43632, stack(0x00000002f2500000,0x00000002f2600000)]
  0x0000019820061df0 JavaThread "C1 CompilerThread0" daemon [_thread_blocked, id=7688, stack(0x00000002f2600000,0x00000002f2700000)]
  0x0000019820062f90 JavaThread "Sweeper thread" daemon [_thread_blocked, id=46664, stack(0x00000002f2700000,0x00000002f2800000)]
  0x000001982015fe40 JavaThread "Common-Cleaner" daemon [_thread_blocked, id=23264, stack(0x00000002f2800000,0x00000002f2900000)]
  0x0000019820167c30 JavaThread "C1 CompilerThread1" daemon [_thread_blocked, id=41192, stack(0x00000002f2900000,0x00000002f2a00000)]
  0x0000019820168200 JavaThread "C1 CompilerThread2" daemon [_thread_blocked, id=56252, stack(0x00000002f2a00000,0x00000002f2b00000)]
  0x0000019820171010 JavaThread "C1 CompilerThread3" daemon [_thread_blocked, id=51208, stack(0x00000002f2b00000,0x00000002f2c00000)]
  0x00000198202701b0 JavaThread "Notification Thread" daemon [_thread_blocked, id=14684, stack(0x00000002f2d00000,0x00000002f2e00000)]
  0x00000198220574e0 JavaThread "Daemon health stats" [_thread_blocked, id=52604, stack(0x00000002f3000000,0x00000002f3100000)]
  0x00000198210c6320 JavaThread "Incoming local TCP Connector on port 14172" [_thread_in_native, id=41996, stack(0x00000002f3600000,0x00000002f3700000)]
  0x0000019821d15080 JavaThread "Daemon periodic checks" [_thread_blocked, id=34648, stack(0x00000002f3700000,0x00000002f3800000)]
  0x0000019821685780 JavaThread "Daemon" [_thread_blocked, id=55780, stack(0x00000002f3800000,0x00000002f3900000)]
  0x0000019821683190 JavaThread "Handler for socket connection from /127.0.0.1:14172 to /127.0.0.1:14173" [_thread_in_native, id=53112, stack(0x00000002f3900000,0x00000002f3a00000)]
  0x00000198225203e0 JavaThread "Cancel handler" [_thread_blocked, id=56784, stack(0x00000002f3a00000,0x00000002f3b00000)]
  0x0000019822521310 JavaThread "Daemon worker" [_thread_blocked, id=56580, stack(0x00000002f3b00000,0x00000002f3c00000)]
  0x000001982251e580 JavaThread "Asynchronous log dispatcher for DefaultDaemonConnection: socket connection from /127.0.0.1:14172 to /127.0.0.1:14173" [_thread_blocked, id=4768, stack(0x00000002f3c00000,0x00000002f3d00000)]
  0x0000019822521820 JavaThread "Stdin handler" [_thread_blocked, id=51988, stack(0x00000002f3d00000,0x00000002f3e00000)]
  0x0000019822520e00 JavaThread "Daemon client event forwarder" [_thread_blocked, id=38996, stack(0x00000002f3e00000,0x00000002f3f00000)]
  0x000001982251f9c0 JavaThread "Cache worker for journal cache (C:\Users\JoyRaptor\.gradle\caches\journal-1)" [_thread_blocked, id=12132, stack(0x00000002f3f00000,0x00000002f4000000)]
  0x000001982251efa0 JavaThread "File lock request listener" [_thread_in_native, id=55724, stack(0x00000002f4000000,0x00000002f4100000)]
  0x000001982251f4b0 JavaThread "Cache worker for file hash cache (C:\Users\JoyRaptor\.gradle\caches\8.13\fileHashes)" [_thread_blocked, id=56680, stack(0x00000002f4100000,0x00000002f4200000)]
  0x000001982329aeb0 JavaThread "Cache worker for file hash cache (C:\+Projects\Screenrecorder\FadCam\.gradle\8.13\fileHashes)" [_thread_blocked, id=53816, stack(0x00000002f4200000,0x00000002f4300000)]
  0x000001982329c2f0 JavaThread "Cache worker for checksums cache (C:\+Projects\Screenrecorder\FadCam\.gradle\8.13\checksums)" [_thread_blocked, id=55992, stack(0x00000002f4300000,0x00000002f4400000)]
  0x000001982329c800 JavaThread "Cache worker for Build Output Cleanup Cache (C:\+Projects\Screenrecorder\FadCam\.gradle\buildOutputCleanup)" [_thread_blocked, id=18840, stack(0x00000002f4d00000,0x00000002f4e00000)]
  0x000001982329dc40 JavaThread "Cache worker for file content cache (C:\Users\JoyRaptor\.gradle\caches\8.13\fileContent)" [_thread_blocked, id=53608, stack(0x00000002f4f00000,0x00000002f5000000)]
  0x0000019823299f80 JavaThread "File watcher server" daemon [_thread_blocked, id=14420, stack(0x00000002f5000000,0x00000002f5100000)]
  0x000001982329e660 JavaThread "File watcher consumer" daemon [_thread_blocked, id=47480, stack(0x00000002f5100000,0x00000002f5200000)]
  0x000001982329d220 JavaThread "Build operations" [_thread_blocked, id=56368, stack(0x00000002f5200000,0x00000002f5300000)]
  0x000001982329d730 JavaThread "Build operations Thread 2" [_thread_blocked, id=9744, stack(0x00000002f5300000,0x00000002f5400000)]
  0x000001982329a9a0 JavaThread "Build operations Thread 3" [_thread_blocked, id=14112, stack(0x00000002f5400000,0x00000002f5500000)]
  0x0000019823298120 JavaThread "Build operations Thread 4" [_thread_blocked, id=21176, stack(0x00000002f5500000,0x00000002f5600000)]
  0x0000019823298630 JavaThread "Build operations Thread 5" [_thread_blocked, id=57276, stack(0x00000002f5600000,0x00000002f5700000)]
  0x000001982329e150 JavaThread "Memory manager" [_thread_blocked, id=55408, stack(0x00000002f5700000,0x00000002f5800000)]
  0x0000019823297c10 JavaThread "Cache worker for Build Output Cleanup Cache (C:\+Projects\Screenrecorder\media3-patched\.gradle\buildOutputCleanup)" [_thread_blocked, id=53016, stack(0x00000002f5800000,0x00000002f5900000)]
  0x0000019823299050 JavaThread "build event listener" [_thread_blocked, id=57252, stack(0x00000002f5a00000,0x00000002f5b00000)]
  0x0000019823298b40 JavaThread "Build operations Thread 6" [_thread_blocked, id=56024, stack(0x00000002f5900000,0x00000002f5a00000)]
  0x0000019823299a70 JavaThread "Build operations Thread 7" [_thread_blocked, id=29304, stack(0x00000002f5b00000,0x00000002f5c00000)]
  0x000001982329b3c0 JavaThread "Build operations Thread 8" [_thread_blocked, id=37976, stack(0x00000002f5c00000,0x00000002f5d00000)]
  0x000001982329b8d0 JavaThread "Build operations Thread 9" [_thread_blocked, id=39840, stack(0x00000002f5d00000,0x00000002f5e00000)]
  0x000001982329bde0 JavaThread "included builds" [_thread_blocked, id=57244, stack(0x00000002f5e00000,0x00000002f5f00000)]
  0x00000198262c8b20 JavaThread "included builds Thread 2" [_thread_blocked, id=56908, stack(0x00000002f5f00000,0x00000002f6000000)]
  0x00000198262c7bf0 JavaThread "Execution worker" [_thread_blocked, id=56476, stack(0x00000002f6000000,0x00000002f6100000)]
  0x00000198262c4950 JavaThread "Execution worker Thread 2" [_thread_blocked, id=54716, stack(0x00000002f6100000,0x00000002f6200000)]
  0x00000198262c9540 JavaThread "Execution worker Thread 3" [_thread_blocked, id=48620, stack(0x00000002f6200000,0x00000002f6300000)]
  0x00000198262c9f60 JavaThread "Execution worker Thread 4" [_thread_blocked, id=49928, stack(0x00000002f6300000,0x00000002f6400000)]
  0x00000198262c2af0 JavaThread "Execution worker Thread 5" [_thread_blocked, id=5012, stack(0x00000002f6400000,0x00000002f6500000)]
  0x00000198262c76e0 JavaThread "Execution worker Thread 6" [_thread_blocked, id=57288, stack(0x00000002f6500000,0x00000002f6600000)]
  0x00000198262c3a20 JavaThread "Execution worker Thread 7" [_thread_blocked, id=56948, stack(0x00000002f6600000,0x00000002f6700000)]
  0x00000198262ca470 JavaThread "Execution worker Thread 8" [_thread_blocked, id=15608, stack(0x00000002f6700000,0x00000002f6800000)]
  0x00000198262c67b0 JavaThread "Execution worker Thread 9" [_thread_blocked, id=28196, stack(0x00000002f6800000,0x00000002f6900000)]
  0x00000198262c3510 JavaThread "Execution worker Thread 10" [_thread_blocked, id=54184, stack(0x00000002f6900000,0x00000002f6a00000)]
  0x00000198262c6cc0 JavaThread "Execution worker Thread 11" [_thread_blocked, id=2076, stack(0x00000002f6a00000,0x00000002f6b00000)]
  0x00000198262c3f30 JavaThread "Execution worker Thread 12" [_thread_blocked, id=11868, stack(0x00000002f6b00000,0x00000002f6c00000)]
  0x00000198262c9a50 JavaThread "Execution worker Thread 13" [_thread_blocked, id=18224, stack(0x00000002f6c00000,0x00000002f6d00000)]
  0x00000198262c3000 JavaThread "Execution worker Thread 14" [_thread_blocked, id=56416, stack(0x00000002f6d00000,0x00000002f6e00000)]
  0x00000198262c8610 JavaThread "Execution worker Thread 15" [_thread_blocked, id=56232, stack(0x00000002f6e00000,0x00000002f6f00000)]
  0x00000198262c4440 JavaThread "Cache worker for execution history cache (C:\+Projects\Screenrecorder\FadCam\.gradle\8.13\executionHistory)" [_thread_blocked, id=29464, stack(0x00000002f6f00000,0x00000002f7000000)]
  0x00000198262c4e60 JavaThread "Cache worker for execution history cache (C:\+Projects\Screenrecorder\media3-patched\.gradle\8.13\executionHistory)" [_thread_blocked, id=7900, stack(0x00000002f7000000,0x00000002f7100000)]
  0x00000198262c5370 JavaThread "Unconstrained build operations" [_thread_blocked, id=12892, stack(0x00000002f7100000,0x00000002f7200000)]
  0x00000198262c8100 JavaThread "Unconstrained build operations Thread 2" [_thread_blocked, id=51020, stack(0x00000002f7200000,0x00000002f7300000)]
  0x00000198262c5880 JavaThread "Unconstrained build operations Thread 3" [_thread_blocked, id=14332, stack(0x00000002f7300000,0x00000002f7400000)]
  0x00000198262c71d0 JavaThread "Unconstrained build operations Thread 4" [_thread_blocked, id=53628, stack(0x00000002f7400000,0x00000002f7500000)]
  0x00000198262c5d90 JavaThread "Unconstrained build operations Thread 5" [_thread_blocked, id=42360, stack(0x00000002f7500000,0x00000002f7600000)]
  0x00000198262c62a0 JavaThread "Unconstrained build operations Thread 6" [_thread_blocked, id=31716, stack(0x00000002f7600000,0x00000002f7700000)]
  0x00000198262c9030 JavaThread "Unconstrained build operations Thread 7" [_thread_blocked, id=48312, stack(0x00000002f7700000,0x00000002f7800000)]
  0x0000019825862020 JavaThread "Unconstrained build operations Thread 8" [_thread_blocked, id=34000, stack(0x00000002f7800000,0x00000002f7900000)]
  0x0000019825862530 JavaThread "Unconstrained build operations Thread 9" [_thread_blocked, id=13184, stack(0x00000002f7900000,0x00000002f7a00000)]
  0x0000019825861b10 JavaThread "Unconstrained build operations Thread 10" [_thread_blocked, id=41936, stack(0x00000002f7a00000,0x00000002f7b00000)]
  0x0000019825862a40 JavaThread "Unconstrained build operations Thread 11" [_thread_blocked, id=56572, stack(0x00000002f7b00000,0x00000002f7c00000)]
  0x0000019825861600 JavaThread "Unconstrained build operations Thread 12" [_thread_blocked, id=31228, stack(0x00000002f7c00000,0x00000002f7d00000)]
  0x00000198258661f0 JavaThread "Unconstrained build operations Thread 13" [_thread_blocked, id=28380, stack(0x00000002f7d00000,0x00000002f7e00000)]
  0x0000019825868f80 JavaThread "Unconstrained build operations Thread 14" [_thread_blocked, id=31608, stack(0x00000002f7e00000,0x00000002f7f00000)]
  0x0000019825866c10 JavaThread "Unconstrained build operations Thread 15" [_thread_blocked, id=54452, stack(0x00000002f7f00000,0x00000002f8000000)]
  0x0000019825865ce0 JavaThread "Unconstrained build operations Thread 16" [_thread_blocked, id=51356, stack(0x00000002f8000000,0x00000002f8100000)]
  0x0000019825863970 JavaThread "Unconstrained build operations Thread 17" [_thread_blocked, id=27188, stack(0x00000002f8100000,0x00000002f8200000)]
  0x0000019825868050 JavaThread "Unconstrained build operations Thread 18" [_thread_blocked, id=57136, stack(0x00000002f8200000,0x00000002f8300000)]
  0x0000019825867120 JavaThread "Unconstrained build operations Thread 19" [_thread_blocked, id=37344, stack(0x00000002f8300000,0x00000002f8400000)]
  0x0000019825862f50 JavaThread "Unconstrained build operations Thread 20" [_thread_blocked, id=14484, stack(0x00000002f8400000,0x00000002f8500000)]
  0x0000019825866700 JavaThread "Unconstrained build operations Thread 21" [_thread_blocked, id=57108, stack(0x00000002f8500000,0x00000002f8600000)]
  0x0000019825864db0 JavaThread "Unconstrained build operations Thread 22" [_thread_blocked, id=56468, stack(0x00000002f8600000,0x00000002f8700000)]
  0x0000019825867630 JavaThread "Unconstrained build operations Thread 23" [_thread_blocked, id=34224, stack(0x00000002f8700000,0x00000002f8800000)]
  0x0000019825867b40 JavaThread "Unconstrained build operations Thread 24" [_thread_blocked, id=48268, stack(0x00000002f8800000,0x00000002f8900000)]
  0x0000019825863460 JavaThread "Unconstrained build operations Thread 25" [_thread_blocked, id=25260, stack(0x00000002f8900000,0x00000002f8a00000)]
  0x0000019825863e80 JavaThread "Unconstrained build operations Thread 26" [_thread_blocked, id=23028, stack(0x00000002f8a00000,0x00000002f8b00000)]
  0x0000019825868560 JavaThread "Unconstrained build operations Thread 27" [_thread_blocked, id=56800, stack(0x00000002f8b00000,0x00000002f8c00000)]
  0x0000019825868a70 JavaThread "Unconstrained build operations Thread 28" [_thread_blocked, id=48884, stack(0x00000002f8c00000,0x00000002f8d00000)]
  0x0000019825864390 JavaThread "Unconstrained build operations Thread 29" [_thread_blocked, id=56324, stack(0x00000002f8d00000,0x00000002f8e00000)]
  0x00000198258648a0 JavaThread "Unconstrained build operations Thread 30" [_thread_blocked, id=43264, stack(0x00000002f8e00000,0x00000002f8f00000)]
  0x00000198258652c0 JavaThread "Unconstrained build operations Thread 31" [_thread_blocked, id=53680, stack(0x00000002f8f00000,0x00000002f9000000)]
  0x00000198258657d0 JavaThread "Unconstrained build operations Thread 32" [_thread_blocked, id=55740, stack(0x00000002f9000000,0x00000002f9100000)]
  0x00000198289724a0 JavaThread "Unconstrained build operations Thread 33" [_thread_blocked, id=54068, stack(0x00000002f9100000,0x00000002f9200000)]
  0x0000019828976670 JavaThread "Unconstrained build operations Thread 34" [_thread_blocked, id=44364, stack(0x00000002f9200000,0x00000002f9300000)]
  0x0000019828972ec0 JavaThread "Unconstrained build operations Thread 35" [_thread_blocked, id=21836, stack(0x00000002f9300000,0x00000002f9400000)]
  0x0000019828976b80 JavaThread "Unconstrained build operations Thread 36" [_thread_blocked, id=56612, stack(0x00000002f9400000,0x00000002f9500000)]
  0x0000019828973df0 JavaThread "Unconstrained build operations Thread 37" [_thread_blocked, id=32416, stack(0x00000002f9500000,0x00000002f9600000)]
  0x0000019828971570 JavaThread "Unconstrained build operations Thread 38" [_thread_blocked, id=31144, stack(0x00000002f9600000,0x00000002f9700000)]
  0x0000019828977090 JavaThread "Unconstrained build operations Thread 39" [_thread_blocked, id=40108, stack(0x00000002f9700000,0x00000002f9800000)]
  0x0000019828977ab0 JavaThread "Unconstrained build operations Thread 40" [_thread_blocked, id=29980, stack(0x00000002f9800000,0x00000002f9900000)]
  0x0000019828975230 JavaThread "Unconstrained build operations Thread 41" [_thread_blocked, id=50752, stack(0x00000002f9900000,0x00000002f9a00000)]
  0x00000198289729b0 JavaThread "Unconstrained build operations Thread 42" [_thread_blocked, id=33228, stack(0x00000002f9a00000,0x00000002f9b00000)]
  0x0000019828977fc0 JavaThread "Unconstrained build operations Thread 43" [_thread_blocked, id=48244, stack(0x00000002f9b00000,0x00000002f9c00000)]
  0x00000198289733d0 JavaThread "Unconstrained build operations Thread 44" [_thread_blocked, id=42676, stack(0x00000002f9c00000,0x00000002f9d00000)]
  0x0000019828971f90 JavaThread "Unconstrained build operations Thread 45" [_thread_blocked, id=41584, stack(0x00000002f9d00000,0x00000002f9e00000)]
  0x00000198289784d0 JavaThread "Unconstrained build operations Thread 47" [_thread_blocked, id=10364, stack(0x00000002f9e00000,0x00000002f9f00000)]
  0x0000019828975c50 JavaThread "Unconstrained build operations Thread 46" [_thread_blocked, id=49996, stack(0x00000002f9f00000,0x00000002fa000000)]
  0x0000019828971a80 JavaThread "Unconstrained build operations Thread 48" [_thread_blocked, id=55220, stack(0x00000002fa000000,0x00000002fa100000)]
  0x00000198289738e0 JavaThread "Unconstrained build operations Thread 49" [_thread_blocked, id=55848, stack(0x00000002fa100000,0x00000002fa200000)]
  0x0000019828971060 JavaThread "Unconstrained build operations Thread 50" [_thread_blocked, id=29200, stack(0x00000002fa200000,0x00000002fa300000)]
  0x0000019828974300 JavaThread "Unconstrained build operations Thread 51" [_thread_blocked, id=44912, stack(0x00000002fa300000,0x00000002fa400000)]
  0x00000198289789e0 JavaThread "Unconstrained build operations Thread 52" [_thread_blocked, id=11232, stack(0x00000002fa400000,0x00000002fa500000)]
  0x0000019828974810 JavaThread "Unconstrained build operations Thread 53" [_thread_blocked, id=55576, stack(0x00000002fa500000,0x00000002fa600000)]
  0x0000019828974d20 JavaThread "Unconstrained build operations Thread 54" [_thread_blocked, id=43212, stack(0x00000002fa600000,0x00000002fa700000)]
  0x0000019828975740 JavaThread "Unconstrained build operations Thread 55" [_thread_blocked, id=12048, stack(0x00000002fa700000,0x00000002fa800000)]
  0x0000019828976160 JavaThread "Unconstrained build operations Thread 56" [_thread_blocked, id=45612, stack(0x00000002fa800000,0x00000002fa900000)]
  0x00000198269e0a30 JavaThread "Unconstrained build operations Thread 57" [_thread_blocked, id=42460, stack(0x00000002fa900000,0x00000002faa00000)]
  0x00000198269e6f70 JavaThread "Unconstrained build operations Thread 58" [_thread_blocked, id=9768, stack(0x00000002faa00000,0x00000002fab00000)]
  0x00000198269e83b0 JavaThread "Unconstrained build operations Thread 59" [_thread_blocked, id=51956, stack(0x00000002fab00000,0x00000002fac00000)]
  0x00000198269e7990 JavaThread "Unconstrained build operations Thread 60" [_thread_blocked, id=11980, stack(0x00000002fac00000,0x00000002fad00000)]
  0x00000198269e3cd0 JavaThread "Unconstrained build operations Thread 61" [_thread_blocked, id=48644, stack(0x00000002fad00000,0x00000002fae00000)]
  0x00000198269e5110 JavaThread "Unconstrained build operations Thread 62" [_thread_blocked, id=49084, stack(0x00000002fae00000,0x00000002faf00000)]
  0x00000198269e2890 JavaThread "Unconstrained build operations Thread 63" [_thread_blocked, id=51496, stack(0x00000002faf00000,0x00000002fb000000)]
  0x00000198269e1e70 JavaThread "Unconstrained build operations Thread 64" [_thread_blocked, id=27068, stack(0x00000002fb000000,0x00000002fb100000)]
  0x00000198269e0f40 JavaThread "Unconstrained build operations Thread 65" [_thread_blocked, id=56888, stack(0x00000002fb100000,0x00000002fb200000)]
  0x00000198269e1450 JavaThread "Unconstrained build operations Thread 66" [_thread_blocked, id=28820, stack(0x00000002fb200000,0x00000002fb300000)]
  0x00000198269e2380 JavaThread "Unconstrained build operations Thread 67" [_thread_blocked, id=41124, stack(0x00000002fb300000,0x00000002fb400000)]
  0x00000198269e6550 JavaThread "Unconstrained build operations Thread 68" [_thread_blocked, id=53472, stack(0x00000002fb400000,0x00000002fb500000)]
  0x00000198269e46f0 JavaThread "Unconstrained build operations Thread 69" [_thread_blocked, id=56584, stack(0x00000002fb500000,0x00000002fb600000)]
  0x00000198269e6040 JavaThread "Unconstrained build operations Thread 70" [_thread_blocked, id=51980, stack(0x00000002fb600000,0x00000002fb700000)]
  0x00000198269e2da0 JavaThread "Unconstrained build operations Thread 71" [_thread_blocked, id=56896, stack(0x00000002fb700000,0x00000002fb800000)]
  0x00000198269e37c0 JavaThread "Unconstrained build operations Thread 72" [_thread_blocked, id=26852, stack(0x00000002fb800000,0x00000002fb900000)]
  0x00000198269e32b0 JavaThread "Unconstrained build operations Thread 73" [_thread_blocked, id=56348, stack(0x00000002fb900000,0x00000002fba00000)]
  0x00000198269e41e0 JavaThread "Unconstrained build operations Thread 74" [_thread_blocked, id=49560, stack(0x00000002fba00000,0x00000002fbb00000)]
  0x00000198269e1960 JavaThread "Unconstrained build operations Thread 75" [_thread_blocked, id=47380, stack(0x00000002fbb00000,0x00000002fbc00000)]
  0x00000198269e6a60 JavaThread "Unconstrained build operations Thread 76" [_thread_blocked, id=34168, stack(0x00000002fbc00000,0x00000002fbd00000)]
  0x00000198269e7480 JavaThread "Unconstrained build operations Thread 77" [_thread_blocked, id=56820, stack(0x00000002fbd00000,0x00000002fbe00000)]
  0x00000198269e4c00 JavaThread "Unconstrained build operations Thread 78" [_thread_blocked, id=50668, stack(0x00000002fbe00000,0x00000002fbf00000)]
  0x00000198269e7ea0 JavaThread "Unconstrained build operations Thread 79" [_thread_blocked, id=21316, stack(0x00000002fbf00000,0x00000002fc000000)]
  0x00000198269e5620 JavaThread "Unconstrained build operations Thread 80" [_thread_blocked, id=46968, stack(0x00000002fc000000,0x00000002fc100000)]
  0x00000198232971f0 JavaThread "Unconstrained build operations Thread 81" [_thread_blocked, id=33944, stack(0x00000002fc100000,0x00000002fc200000)]
  0x0000019827120a30 JavaThread "Unconstrained build operations Thread 82" [_thread_blocked, id=57264, stack(0x00000002fc200000,0x00000002fc300000)]
  0x0000019827122890 JavaThread "Unconstrained build operations Thread 83" [_thread_blocked, id=47024, stack(0x00000002fc300000,0x00000002fc400000)]
  0x000001982711ebd0 JavaThread "Unconstrained build operations Thread 84" [_thread_blocked, id=50528, stack(0x00000002fc400000,0x00000002fc500000)]
  0x0000019827121450 JavaThread "Unconstrained build operations Thread 85" [_thread_blocked, id=13368, stack(0x00000002fc500000,0x00000002fc600000)]
  0x0000019827121960 JavaThread "Unconstrained build operations Thread 86" [_thread_blocked, id=42700, stack(0x00000002fc600000,0x00000002fc700000)]
  0x0000019827125110 JavaThread "Unconstrained build operations Thread 87" [_thread_blocked, id=56212, stack(0x00000002fc700000,0x00000002fc800000)]
  0x00000198271232b0 JavaThread "Unconstrained build operations Thread 88" [_thread_blocked, id=30360, stack(0x00000002fc800000,0x00000002fc900000)]
  0x0000019827121e70 JavaThread "Unconstrained build operations Thread 89" [_thread_blocked, id=34708, stack(0x00000002fc900000,0x00000002fca00000)]
  0x0000019827120f40 JavaThread "Unconstrained build operations Thread 90" [_thread_blocked, id=56628, stack(0x00000002fca00000,0x00000002fcb00000)]
  0x0000019827125620 JavaThread "Unconstrained build operations Thread 91" [_thread_blocked, id=54124, stack(0x00000002fcb00000,0x00000002fcc00000)]
  0x0000019827125b30 JavaThread "Unconstrained build operations Thread 92" [_thread_blocked, id=56832, stack(0x00000002fcc00000,0x00000002fcd00000)]
  0x0000019827126040 JavaThread "Unconstrained build operations Thread 93" [_thread_blocked, id=56336, stack(0x00000002fcd00000,0x00000002fce00000)]
  0x00000198271241e0 JavaThread "Unconstrained build operations Thread 94" [_thread_blocked, id=44044, stack(0x00000002fce00000,0x00000002fcf00000)]
  0x00000198271237c0 JavaThread "Unconstrained build operations Thread 95" [_thread_blocked, id=52444, stack(0x00000002fcf00000,0x00000002fd000000)]
  0x0000019827122380 JavaThread "Unconstrained build operations Thread 96" [_thread_blocked, id=32284, stack(0x00000002fd000000,0x00000002fd100000)]
  0x0000019827122da0 JavaThread "Unconstrained build operations Thread 97" [_thread_blocked, id=48100, stack(0x00000002fd100000,0x00000002fd200000)]
  0x0000019827123cd0 JavaThread "Unconstrained build operations Thread 98" [_thread_blocked, id=31356, stack(0x00000002fd200000,0x00000002fd300000)]
  0x00000198271246f0 JavaThread "Unconstrained build operations Thread 99" [_thread_blocked, id=42680, stack(0x00000002fd300000,0x00000002fd400000)]
  0x0000019827124c00 JavaThread "Unconstrained build operations Thread 100" [_thread_blocked, id=55868, stack(0x00000002fd400000,0x00000002fd500000)]
  0x0000019827126550 JavaThread "Unconstrained build operations Thread 101" [_thread_blocked, id=56564, stack(0x00000002fd500000,0x00000002fd600000)]
  0x000001982711f0e0 JavaThread "Unconstrained build operations Thread 102" [_thread_blocked, id=48348, stack(0x00000002fd600000,0x00000002fd700000)]
  0x000001982711f5f0 JavaThread "Unconstrained build operations Thread 103" [_thread_blocked, id=56068, stack(0x00000002fd700000,0x00000002fd800000)]
  0x000001982711fb00 JavaThread "Unconstrained build operations Thread 104" [_thread_blocked, id=13840, stack(0x00000002fd800000,0x00000002fd900000)]
  0x0000019827120010 JavaThread "Unconstrained build operations Thread 105" [_thread_blocked, id=47084, stack(0x00000002fd900000,0x00000002fda00000)]
  0x0000019827120520 JavaThread "Unconstrained build operations Thread 106" [_thread_blocked, id=51696, stack(0x00000002fda00000,0x00000002fdb00000)]
  0x000001982316ef80 JavaThread "Unconstrained build operations Thread 107" [_thread_blocked, id=24996, stack(0x00000002fdb00000,0x00000002fdc00000)]
  0x000001982316db40 JavaThread "Unconstrained build operations Thread 108" [_thread_blocked, id=55540, stack(0x00000002fdc00000,0x00000002fdd00000)]
  0x000001982316a8a0 JavaThread "Unconstrained build operations Thread 109" [_thread_blocked, id=56440, stack(0x00000002fdd00000,0x00000002fde00000)]
  0x0000019823169460 JavaThread "Unconstrained build operations Thread 110" [_thread_blocked, id=8984, stack(0x00000002fde00000,0x00000002fdf00000)]
  0x000001982316adb0 JavaThread "Unconstrained build operations Thread 111" [_thread_blocked, id=49512, stack(0x00000002fdf00000,0x00000002fe000000)]
  0x000001982316d120 JavaThread "Unconstrained build operations Thread 112" [_thread_blocked, id=53396, stack(0x00000002fe000000,0x00000002fe100000)]
  0x0000019823169970 JavaThread "Unconstrained build operations Thread 113" [_thread_blocked, id=48288, stack(0x00000002fe100000,0x00000002fe200000)]
  0x000001982316a390 JavaThread "Unconstrained build operations Thread 114" [_thread_blocked, id=42084, stack(0x00000002fe200000,0x00000002fe300000)]
  0x000001982316b2c0 JavaThread "Unconstrained build operations Thread 115" [_thread_blocked, id=50240, stack(0x00000002fe300000,0x00000002fe400000)]
  0x000001982316d630 JavaThread "Unconstrained build operations Thread 116" [_thread_blocked, id=34156, stack(0x00000002fe400000,0x00000002fe500000)]
  0x0000019823168a40 JavaThread "Unconstrained build operations Thread 117" [_thread_blocked, id=51460, stack(0x00000002fe500000,0x00000002fe600000)]
  0x0000019823168f50 JavaThread "Unconstrained build operations Thread 118" [_thread_blocked, id=5352, stack(0x00000002fe600000,0x00000002fe700000)]
  0x0000019823169e80 JavaThread "Unconstrained build operations Thread 119" [_thread_blocked, id=53088, stack(0x00000002fe700000,0x00000002fe800000)]
  0x000001982316e050 JavaThread "Unconstrained build operations Thread 120" [_thread_blocked, id=56384, stack(0x00000002fe800000,0x00000002fe900000)]
  0x000001982316ea70 JavaThread "Unconstrained build operations Thread 121" [_thread_blocked, id=52740, stack(0x00000002fe900000,0x00000002fea00000)]
  0x000001982316b7d0 JavaThread "Unconstrained build operations Thread 122" [_thread_blocked, id=39884, stack(0x00000002fea00000,0x00000002feb00000)]
  0x000001982316c1f0 JavaThread "Unconstrained build operations Thread 123" [_thread_blocked, id=36372, stack(0x00000002feb00000,0x00000002fec00000)]
  0x0000019823168530 JavaThread "Unconstrained build operations Thread 124" [_thread_blocked, id=56880, stack(0x00000002fec00000,0x00000002fed00000)]
  0x000001982316feb0 JavaThread "Unconstrained build operations Thread 125" [_thread_blocked, id=20704, stack(0x00000002fed00000,0x00000002fee00000)]
  0x000001982316e560 JavaThread "Unconstrained build operations Thread 126" [_thread_blocked, id=26832, stack(0x00000002fee00000,0x00000002fef00000)]
  0x000001982316bce0 JavaThread "Unconstrained build operations Thread 127" [_thread_blocked, id=56176, stack(0x00000002fef00000,0x00000002ff000000)]
  0x000001982316c700 JavaThread "Unconstrained build operations Thread 128" [_thread_blocked, id=7140, stack(0x00000002ff000000,0x00000002ff100000)]
  0x000001982316f9a0 JavaThread "Unconstrained build operations Thread 129" [_thread_blocked, id=38384, stack(0x00000002ff100000,0x00000002ff200000)]
  0x000001982316cc10 JavaThread "Unconstrained build operations Thread 130" [_thread_blocked, id=39236, stack(0x00000002ff200000,0x00000002ff300000)]
  0x00000198286f0870 JavaThread "Unconstrained build operations Thread 131" [_thread_blocked, id=41568, stack(0x00000002ff300000,0x00000002ff400000)]
  0x00000198286f1cb0 JavaThread "Unconstrained build operations Thread 132" [_thread_blocked, id=52576, stack(0x00000002ff400000,0x00000002ff500000)]
  0x00000198286f0d80 JavaThread "Unconstrained build operations Thread 133" [_thread_blocked, id=23440, stack(0x00000002ff500000,0x00000002ff600000)]
  0x00000198286f0360 JavaThread "Unconstrained build operations Thread 134" [_thread_blocked, id=54684, stack(0x00000002ff600000,0x00000002ff700000)]
  0x00000198286edae0 JavaThread "Unconstrained build operations Thread 135" [_thread_blocked, id=47796, stack(0x00000002ff700000,0x00000002ff800000)]
  0x00000198286f4530 JavaThread "Unconstrained build operations Thread 136" [_thread_blocked, id=53948, stack(0x00000002ff800000,0x00000002ff900000)]
  0x00000198286f1290 JavaThread "Unconstrained build operations Thread 137" [_thread_blocked, id=45928, stack(0x00000002ff900000,0x00000002ffa00000)]
  0x00000198286f21c0 JavaThread "Unconstrained build operations Thread 138" [_thread_blocked, id=56620, stack(0x00000002ffa00000,0x00000002ffb00000)]
  0x00000198286eea10 JavaThread "Unconstrained build operations Thread 139" [_thread_blocked, id=23792, stack(0x00000002ffb00000,0x00000002ffc00000)]
  0x00000198286f5460 JavaThread "Unconstrained build operations Thread 140" [_thread_blocked, id=37808, stack(0x00000002ffc00000,0x00000002ffd00000)]
  0x00000198286f17a0 JavaThread "Unconstrained build operations Thread 141" [_thread_blocked, id=48824, stack(0x00000002ffd00000,0x00000002ffe00000)]
  0x00000198286f26d0 JavaThread "Unconstrained build operations Thread 142" [_thread_blocked, id=18848, stack(0x00000002ffe00000,0x00000002fff00000)]
  0x00000198286edff0 JavaThread "Unconstrained build operations Thread 143" [_thread_blocked, id=5276, stack(0x00000002fff00000,0x0000000300000000)]
  0x00000198286efe50 JavaThread "Unconstrained build operations Thread 144" [_thread_blocked, id=57044, stack(0x0000000280000000,0x0000000280100000)]
  0x00000198286ef430 JavaThread "Unconstrained build operations Thread 145" [_thread_blocked, id=46792, stack(0x0000000280100000,0x0000000280200000)]
  0x00000198286eef20 JavaThread "Unconstrained build operations Thread 146" [_thread_blocked, id=56656, stack(0x0000000280200000,0x0000000280300000)]
  0x00000198286f3600 JavaThread "Unconstrained build operations Thread 147" [_thread_blocked, id=32604, stack(0x0000000280300000,0x0000000280400000)]
  0x00000198286f2be0 JavaThread "Unconstrained build operations Thread 148" [_thread_blocked, id=55376, stack(0x0000000280400000,0x0000000280500000)]
  0x00000198286ef940 JavaThread "Unconstrained build operations Thread 149" [_thread_blocked, id=18052, stack(0x0000000280500000,0x0000000280600000)]
  0x00000198286f4f50 JavaThread "Unconstrained build operations Thread 150" [_thread_blocked, id=41520, stack(0x0000000280600000,0x0000000280700000)]
  0x00000198286f30f0 JavaThread "Unconstrained build operations Thread 151" [_thread_blocked, id=13972, stack(0x0000000280700000,0x0000000280800000)]
  0x00000198286f3b10 JavaThread "Unconstrained build operations Thread 152" [_thread_blocked, id=46996, stack(0x0000000280800000,0x0000000280900000)]
  0x00000198286ee500 JavaThread "Unconstrained build operations Thread 153" [_thread_blocked, id=12696, stack(0x0000000280900000,0x0000000280a00000)]
  0x00000198286f4a40 JavaThread "Unconstrained build operations Thread 154" [_thread_blocked, id=49132, stack(0x0000000280a00000,0x0000000280b00000)]
  0x00000198282b31f0 JavaThread "Unconstrained build operations Thread 155" [_thread_blocked, id=54748, stack(0x0000000280b00000,0x0000000280c00000)]
  0x00000198282ad6d0 JavaThread "Unconstrained build operations Thread 156" [_thread_blocked, id=15520, stack(0x0000000280c00000,0x0000000280d00000)]
  0x00000198282b22c0 JavaThread "Unconstrained build operations Thread 157" [_thread_blocked, id=53896, stack(0x0000000280d00000,0x0000000280e00000)]
  0x00000198282b5050 JavaThread "Unconstrained build operations Thread 158" [_thread_blocked, id=50268, stack(0x0000000280e00000,0x0000000280f00000)]
  0x00000198282b0e80 JavaThread "Unconstrained build operations Thread 159" [_thread_blocked, id=5504, stack(0x0000000280f00000,0x0000000281000000)]
  0x00000198282b3700 JavaThread "Unconstrained build operations Thread 160" [_thread_blocked, id=35680, stack(0x0000000281000000,0x0000000281100000)]
  0x00000198282b27d0 JavaThread "Exec process" [_thread_blocked, id=56632, stack(0x0000000281100000,0x0000000281200000)]
  0x00000198282b1db0 JavaThread "Exec process Thread 2" [_thread_blocked, id=38592, stack(0x0000000281200000,0x0000000281300000)]
  0x00000198282b1390 JavaThread "Exec process Thread 3" [_thread_blocked, id=56604, stack(0x0000000281300000,0x0000000281400000)]
  0x00000198282b4b40 JavaThread "Cache worker for Java compile cache (C:\Users\JoyRaptor\.gradle\caches\8.13\javaCompile)" [_thread_blocked, id=24536, stack(0x0000000281600000,0x0000000281700000)]
  0x00000198282b2ce0 JavaThread "Build operations Thread 10" [_thread_blocked, id=4184, stack(0x0000000281700000,0x0000000281800000)]
  0x00000198282b3c10 JavaThread "Build operations Thread 11" [_thread_blocked, id=38360, stack(0x0000000281800000,0x0000000281900000)]
  0x00000198282adbe0 JavaThread "Build operations Thread 12" [_thread_blocked, id=57292, stack(0x0000000281900000,0x0000000281a00000)]
  0x00000198282b18a0 JavaThread "Build operations Thread 13" [_thread_blocked, id=2320, stack(0x0000000281a00000,0x0000000281b00000)]
  0x00000198282afa40 JavaThread "Build operations Thread 14" [_thread_blocked, id=51876, stack(0x0000000281b00000,0x0000000281c00000)]
  0x00000198282b5560 JavaThread "Build operations Thread 15" [_thread_blocked, id=39464, stack(0x0000000281c00000,0x0000000281d00000)]
  0x00000198282b4120 JavaThread "Build operations Thread 16" [_thread_blocked, id=31676, stack(0x0000000281d00000,0x0000000281e00000)]
  0x00000198282b4630 JavaThread "Problems report writer" [_thread_blocked, id=54252, stack(0x0000000282900000,0x0000000282a00000)]
  0x00000198282b5a70 JavaThread "WorkerExecutor Queue" [_thread_blocked, id=29052, stack(0x0000000282a00000,0x0000000282b00000)]
  0x00000198282ae600 JavaThread "WorkerExecutor Queue Thread 2" [_thread_blocked, id=49988, stack(0x0000000282b00000,0x0000000282c00000)]
  0x00000198282b9c40 JavaThread "WorkerExecutor Queue Thread 3" [_thread_blocked, id=48640, stack(0x0000000282c00000,0x0000000282d00000)]
  0x00000198282bc4c0 JavaThread "WorkerExecutor Queue Thread 4" [_thread_blocked, id=11340, stack(0x0000000282d00000,0x0000000282e00000)]
  0x00000198282b69a0 JavaThread "WorkerExecutor Queue Thread 5" [_thread_blocked, id=47216, stack(0x0000000282e00000,0x0000000282f00000)]
  0x00000198282b9220 JavaThread "WorkerExecutor Queue Thread 6" [_thread_blocked, id=40028, stack(0x0000000282f00000,0x0000000283000000)]
  0x00000198282ba660 JavaThread "WorkerExecutor Queue Thread 7" [_thread_blocked, id=55936, stack(0x0000000283000000,0x0000000283100000)]
  0x00000198282bbaa0 JavaThread "WorkerExecutor Queue Thread 8" [_thread_blocked, id=43324, stack(0x0000000283100000,0x0000000283200000)]
  0x00000198282bc9d0 JavaThread "WorkerExecutor Queue Thread 9" [_thread_blocked, id=2272, stack(0x0000000283200000,0x0000000283300000)]
  0x00000198282b7de0 JavaThread "WorkerExecutor Queue Thread 10" [_thread_blocked, id=57164, stack(0x0000000283300000,0x0000000283400000)]
  0x00000198282b9730 JavaThread "WorkerExecutor Queue Thread 11" [_thread_blocked, id=17396, stack(0x0000000283400000,0x0000000283500000)]
  0x00000198282b5f80 JavaThread "WorkerExecutor Queue Thread 12" [_thread_blocked, id=56404, stack(0x0000000283500000,0x0000000283600000)]
  0x00000198282b8d10 JavaThread "WorkerExecutor Queue Thread 13" [_thread_blocked, id=38332, stack(0x0000000283600000,0x0000000283700000)]
  0x00000198282bab70 JavaThread "WorkerExecutor Queue Thread 14" [_thread_blocked, id=53644, stack(0x0000000283700000,0x0000000283800000)]
  0x00000198282ba150 JavaThread "WorkerExecutor Queue Thread 15" [_thread_blocked, id=57336, stack(0x0000000283800000,0x0000000283900000)]
  0x00000198282bb080 JavaThread "WorkerExecutor Queue Thread 16" [_thread_blocked, id=57096, stack(0x0000000283900000,0x0000000283a00000)]
  0x00000198297daf50 JavaThread "ForkJoinPool.commonPool-worker-1" daemon [_thread_blocked, id=56456, stack(0x0000000282700000,0x0000000282800000)]
  0x00000198286c9300 JavaThread "ForkJoinPool.commonPool-worker-2" daemon [_thread_blocked, id=55648, stack(0x0000000283a00000,0x0000000283b00000)]
  0x00000198253ce040 JavaThread "ForkJoinPool.commonPool-worker-3" daemon [_thread_blocked, id=40464, stack(0x0000000283b00000,0x0000000283c00000)]
  0x00000198253ce550 JavaThread "ForkJoinPool.commonPool-worker-4" daemon [_thread_blocked, id=51444, stack(0x0000000283c00000,0x0000000283d00000)]
  0x0000019828472180 JavaThread "ForkJoinPool.commonPool-worker-5" daemon [_thread_blocked, id=33468, stack(0x0000000283d00000,0x0000000283e00000)]
  0x00000198297d4e20 JavaThread "ForkJoinPool.commonPool-worker-6" daemon [_thread_blocked, id=56380, stack(0x0000000283e00000,0x0000000283f00000)]
  0x0000019829d0d050 JavaThread "ForkJoinPool.commonPool-worker-7" daemon [_thread_blocked, id=55840, stack(0x0000000283f00000,0x0000000284000000)]
  0x00000198286c9d20 JavaThread "ForkJoinPool.commonPool-worker-8" daemon [_thread_blocked, id=42732, stack(0x0000000284000000,0x0000000284100000)]
  0x0000019828f00770 JavaThread "ForkJoinPool.commonPool-worker-9" daemon [_thread_blocked, id=1940, stack(0x0000000284100000,0x0000000284200000)]
  0x0000019828472690 JavaThread "ForkJoinPool.commonPool-worker-10" daemon [_thread_blocked, id=55616, stack(0x0000000284200000,0x0000000284300000)]
  0x00000198253cea60 JavaThread "ForkJoinPool.commonPool-worker-11" daemon [_thread_blocked, id=15604, stack(0x0000000284300000,0x0000000284400000)]
  0x00000198297d5330 JavaThread "ForkJoinPool.commonPool-worker-12" daemon [_thread_blocked, id=33908, stack(0x0000000284400000,0x0000000284500000)]
  0x00000198297db460 JavaThread "ForkJoinPool.commonPool-worker-13" daemon [_thread_blocked, id=43572, stack(0x0000000284500000,0x0000000284600000)]
  0x0000019828f00260 JavaThread "ForkJoinPool.commonPool-worker-14" daemon [_thread_blocked, id=55332, stack(0x0000000284600000,0x0000000284700000)]
  0x0000019823b07830 JavaThread "ForkJoinPool.commonPool-worker-15" daemon [_thread_blocked, id=48832, stack(0x0000000284700000,0x0000000284800000)]

Other Threads:
=>0x00000197dae47740 VMThread "VM Thread" [stack: 0x00000002f1e00000,0x00000002f1f00000] [id=4620]
  0x0000019820251690 WatcherThread [stack: 0x00000002f2e00000,0x00000002f2f00000] [id=16856]
  0x00000197bbe0d410 GCTaskThread "GC Thread#0" [stack: 0x00000002f1900000,0x00000002f1a00000] [id=54824]
  0x00000198203c64a0 GCTaskThread "GC Thread#1" [stack: 0x00000002f3100000,0x00000002f3200000] [id=49356]
  0x000001982080cdf0 GCTaskThread "GC Thread#2" [stack: 0x00000002f3200000,0x00000002f3300000] [id=57300]
  0x00000198203a7760 GCTaskThread "GC Thread#3" [stack: 0x00000002f3300000,0x00000002f3400000] [id=56544]
  0x0000019820a72760 GCTaskThread "GC Thread#4" [stack: 0x00000002f3400000,0x00000002f3500000] [id=33292]
  0x0000019820a72a20 GCTaskThread "GC Thread#5" [stack: 0x00000002f3500000,0x00000002f3600000] [id=55308]
  0x00000198217f5c70 GCTaskThread "GC Thread#6" [stack: 0x00000002f4400000,0x00000002f4500000] [id=13416]
  0x00000198217f61f0 GCTaskThread "GC Thread#7" [stack: 0x00000002f4500000,0x00000002f4600000] [id=26756]
  0x00000198217f6a30 GCTaskThread "GC Thread#8" [stack: 0x00000002f4600000,0x00000002f4700000] [id=35284]
  0x00000198217f5f30 GCTaskThread "GC Thread#9" [stack: 0x00000002f4700000,0x00000002f4800000] [id=42516]
  0x00000198217f64b0 GCTaskThread "GC Thread#10" [stack: 0x00000002f4800000,0x00000002f4900000] [id=55672]
  0x00000198217f6cf0 GCTaskThread "GC Thread#11" [stack: 0x00000002f4900000,0x00000002f4a00000] [id=25680]
  0x00000198217f6fb0 GCTaskThread "GC Thread#12" [stack: 0x00000002f4a00000,0x00000002f4b00000] [id=3004]
  0x00000197bbe1f370 ConcurrentGCThread "G1 Main Marker" [stack: 0x00000002f1a00000,0x00000002f1b00000] [id=42656]
  0x00000197bbe1fd90 ConcurrentGCThread "G1 Conc#0" [stack: 0x00000002f1b00000,0x00000002f1c00000] [id=21600]
  0x00000198217f7270 ConcurrentGCThread "G1 Conc#1" [stack: 0x00000002f4b00000,0x00000002f4c00000] [id=56000]
  0x0000019824850680 ConcurrentGCThread "G1 Conc#2" [stack: 0x00000002f4c00000,0x00000002f4d00000] [id=33412]
  0x00000197dad00aa0 ConcurrentGCThread "G1 Refine#0" [stack: 0x00000002f1c00000,0x00000002f1d00000] [id=55956]
  0x00000198280fdf00 ConcurrentGCThread "G1 Refine#1" [stack: 0x0000000281e00000,0x0000000281f00000] [id=38420]
  0x00000198280ff970 ConcurrentGCThread "G1 Refine#2" [stack: 0x0000000281f00000,0x0000000282000000] [id=55948]
  0x00000198280ff390 ConcurrentGCThread "G1 Refine#3" [stack: 0x0000000282000000,0x0000000282100000] [id=52012]
  0x00000198280fe7d0 ConcurrentGCThread "G1 Refine#4" [stack: 0x0000000282100000,0x0000000282200000] [id=52800]
  0x00000198280feac0 ConcurrentGCThread "G1 Refine#5" [stack: 0x0000000282200000,0x0000000282300000] [id=4084]
  0x0000019828100820 ConcurrentGCThread "G1 Refine#6" [stack: 0x0000000282300000,0x0000000282400000] [id=25356]
  0x00000198280fd340 ConcurrentGCThread "G1 Refine#7" [stack: 0x0000000282400000,0x0000000282500000] [id=30520]
  0x00000198280fe1f0 ConcurrentGCThread "G1 Refine#8" [stack: 0x0000000282500000,0x0000000282600000] [id=33448]
  0x0000019826f875d0 ConcurrentGCThread "G1 Refine#9" [stack: 0x0000000282800000,0x0000000282900000] [id=55760]
  0x00000197dad022f0 ConcurrentGCThread "G1 Service" [stack: 0x00000002f1d00000,0x00000002f1e00000] [id=28348]

Threads with active compile tasks:
C2 CompilerThread0  28558 20349   !   4       jdk.internal.loader.BuiltinClassLoader::loadClassOrNull (143 bytes)

VM state: at safepoint (normal execution)

VM Mutex/Monitor currently owned by a thread:  ([mutex/lock_event])
[0x00000197bbdae000] Threads_lock - owner thread: 0x00000197dae47740
[0x00000197bbdae900] Heap_lock - owner thread: 0x00000197bbe1f370

Heap address: 0x0000000080000000, size: 2048 MB, Compressed Oops mode: 32-bit

CDS archive(s) mapped at: [0x00000197db000000-0x00000197dbbb0000-0x00000197dbbb0000), size 12255232, SharedBaseAddress: 0x00000197db000000, ArchiveRelocationMode: 1.
Compressed class space mapped at: 0x00000197dc000000-0x000001981c000000, reserved size: 1073741824
Narrow klass base: 0x00000197db000000, Narrow klass shift: 0, Narrow klass range: 0x100000000

GC Precious Log:
 CPUs: 16 total, 16 available
 Memory: 15943M
 Large Page Support: Disabled
 NUMA Support: Disabled
 Compressed Oops: Enabled (32-bit)
 Heap Region Size: 1M
 Heap Min Capacity: 8M
 Heap Initial Capacity: 250M
 Heap Max Capacity: 2G
 Pre-touch: Disabled
 Parallel Workers: 13
 Concurrent Workers: 3
 Concurrent Refinement Workers: 13
 Periodic GC: Disabled

Heap:
 garbage-first heap   total 427008K, used 414801K [0x0000000080000000, 0x0000000100000000)
  region size 1024K, 9 young (9216K), 1 survivors (1024K)
 Metaspace       used 114486K, committed 115584K, reserved 1179648K
  class space    used 15866K, committed 16448K, reserved 1048576K

Heap Regions: E=young(eden), S=young(survivor), O=old, HS=humongous(starts), HC=humongous(continues), CS=collection set, F=free, OA=open archive, CA=closed archive, TAMS=top-at-mark-start (previous, next)
|   0|0x0000000080000000, 0x0000000080100000, 0x0000000080100000|100%|HS|  |TAMS 0x0000000080100000, 0x0000000080000000| Complete 
|   1|0x0000000080100000, 0x0000000080200000, 0x0000000080200000|100%|HC|  |TAMS 0x0000000080200000, 0x0000000080100000| Complete 
|   2|0x0000000080200000, 0x0000000080300000, 0x0000000080300000|100%|HC|  |TAMS 0x0000000080300000, 0x0000000080200000| Complete 
|   3|0x0000000080300000, 0x0000000080400000, 0x0000000080400000|100%| O|  |TAMS 0x0000000080400000, 0x0000000080300000| Untracked 
|   4|0x0000000080400000, 0x0000000080500000, 0x0000000080500000|100%| O|  |TAMS 0x0000000080500000, 0x0000000080400000| Untracked 
|   5|0x0000000080500000, 0x0000000080600000, 0x0000000080600000|100%| O|  |TAMS 0x0000000080600000, 0x0000000080500000| Untracked 
|   6|0x0000000080600000, 0x0000000080700000, 0x0000000080700000|100%|HS|  |TAMS 0x0000000080700000, 0x0000000080600000| Complete 
|   7|0x0000000080700000, 0x0000000080800000, 0x0000000080800000|100%| O|  |TAMS 0x0000000080800000, 0x0000000080700000| Untracked 
|   8|0x0000000080800000, 0x0000000080900000, 0x0000000080900000|100%| O|  |TAMS 0x0000000080900000, 0x0000000080800000| Untracked 
|   9|0x0000000080900000, 0x0000000080a00000, 0x0000000080a00000|100%| O|  |TAMS 0x0000000080a00000, 0x0000000080900000| Untracked 
|  10|0x0000000080a00000, 0x0000000080b00000, 0x0000000080b00000|100%| O|  |TAMS 0x0000000080b00000, 0x0000000080a00000| Untracked 
|  11|0x0000000080b00000, 0x0000000080c00000, 0x0000000080c00000|100%| O|  |TAMS 0x0000000080c00000, 0x0000000080b00000| Untracked 
|  12|0x0000000080c00000, 0x0000000080d00000, 0x0000000080d00000|100%|HS|  |TAMS 0x0000000080d00000, 0x0000000080c00000| Complete 
|  13|0x0000000080d00000, 0x0000000080e00000, 0x0000000080e00000|100%| O|  |TAMS 0x0000000080e00000, 0x0000000080d00000| Updating 
|  14|0x0000000080e00000, 0x0000000080f00000, 0x0000000080f00000|100%| O|  |TAMS 0x0000000080f00000, 0x0000000080e00000| Untracked 
|  15|0x0000000080f00000, 0x0000000081000000, 0x0000000081000000|100%| O|  |TAMS 0x0000000081000000, 0x0000000080f00000| Untracked 
|  16|0x0000000081000000, 0x0000000081100000, 0x0000000081100000|100%| O|  |TAMS 0x0000000081100000, 0x0000000081000000| Untracked 
|  17|0x0000000081100000, 0x0000000081200000, 0x0000000081200000|100%| O|  |TAMS 0x0000000081200000, 0x0000000081100000| Untracked 
|  18|0x0000000081200000, 0x0000000081300000, 0x0000000081300000|100%| O|  |TAMS 0x0000000081300000, 0x0000000081200000| Untracked 
|  19|0x0000000081300000, 0x0000000081400000, 0x0000000081400000|100%| O|  |TAMS 0x0000000081400000, 0x0000000081300000| Untracked 
|  20|0x0000000081400000, 0x0000000081500000, 0x0000000081500000|100%| O|  |TAMS 0x0000000081500000, 0x0000000081400000| Untracked 
|  21|0x0000000081500000, 0x0000000081600000, 0x0000000081600000|100%| O|  |TAMS 0x0000000081600000, 0x0000000081500000| Untracked 
|  22|0x0000000081600000, 0x0000000081700000, 0x0000000081700000|100%| O|  |TAMS 0x0000000081700000, 0x0000000081600000| Untracked 
|  23|0x0000000081700000, 0x0000000081800000, 0x0000000081800000|100%| O|  |TAMS 0x0000000081800000, 0x0000000081700000| Untracked 
|  24|0x0000000081800000, 0x0000000081900000, 0x0000000081900000|100%| O|  |TAMS 0x0000000081900000, 0x0000000081800000| Untracked 
|  25|0x0000000081900000, 0x0000000081a00000, 0x0000000081a00000|100%|HS|  |TAMS 0x0000000081a00000, 0x0000000081900000| Complete 
|  26|0x0000000081a00000, 0x0000000081b00000, 0x0000000081b00000|100%|HS|  |TAMS 0x0000000081b00000, 0x0000000081a00000| Complete 
|  27|0x0000000081b00000, 0x0000000081c00000, 0x0000000081c00000|100%|HS|  |TAMS 0x0000000081c00000, 0x0000000081b00000| Complete 
|  28|0x0000000081c00000, 0x0000000081d00000, 0x0000000081d00000|100%| O|  |TAMS 0x0000000081d00000, 0x0000000081c00000| Updating 
|  29|0x0000000081d00000, 0x0000000081e00000, 0x0000000081e00000|100%| O|  |TAMS 0x0000000081e00000, 0x0000000081d00000| Updating 
|  30|0x0000000081e00000, 0x0000000081f00000, 0x0000000081f00000|100%|HS|  |TAMS 0x0000000081f00000, 0x0000000081e00000| Complete 
|  31|0x0000000081f00000, 0x0000000082000000, 0x0000000082000000|100%|HS|  |TAMS 0x0000000082000000, 0x0000000081f00000| Complete 
|  32|0x0000000082000000, 0x0000000082100000, 0x0000000082100000|100%|HC|  |TAMS 0x0000000082100000, 0x0000000082000000| Complete 
|  33|0x0000000082100000, 0x0000000082200000, 0x0000000082200000|100%|HS|  |TAMS 0x0000000082200000, 0x0000000082100000| Complete 
|  34|0x0000000082200000, 0x0000000082300000, 0x0000000082300000|100%|HC|  |TAMS 0x0000000082300000, 0x0000000082200000| Complete 
|  35|0x0000000082300000, 0x0000000082400000, 0x0000000082400000|100%|HC|  |TAMS 0x0000000082400000, 0x0000000082300000| Complete 
|  36|0x0000000082400000, 0x0000000082500000, 0x0000000082500000|100%| O|  |TAMS 0x0000000082500000, 0x0000000082400000| Updating 
|  37|0x0000000082500000, 0x0000000082600000, 0x0000000082600000|100%| O|  |TAMS 0x0000000082600000, 0x0000000082500000| Updating 
|  38|0x0000000082600000, 0x0000000082700000, 0x0000000082700000|100%| O|  |TAMS 0x0000000082700000, 0x0000000082600000| Untracked 
|  39|0x0000000082700000, 0x0000000082800000, 0x0000000082800000|100%| O|  |TAMS 0x0000000082800000, 0x0000000082700000| Untracked 
|  40|0x0000000082800000, 0x0000000082900000, 0x0000000082900000|100%|HS|  |TAMS 0x0000000082900000, 0x0000000082800000| Complete 
|  41|0x0000000082900000, 0x0000000082a00000, 0x0000000082a00000|100%|HC|  |TAMS 0x0000000082a00000, 0x0000000082900000| Complete 
|  42|0x0000000082a00000, 0x0000000082b00000, 0x0000000082b00000|100%| O|  |TAMS 0x0000000082b00000, 0x0000000082a00000| Untracked 
|  43|0x0000000082b00000, 0x0000000082c00000, 0x0000000082c00000|100%| O|  |TAMS 0x0000000082c00000, 0x0000000082b00000| Updating 
|  44|0x0000000082c00000, 0x0000000082d00000, 0x0000000082d00000|100%| O|  |TAMS 0x0000000082d00000, 0x0000000082c00000| Updating 
|  45|0x0000000082d00000, 0x0000000082e00000, 0x0000000082e00000|100%| O|  |TAMS 0x0000000082e00000, 0x0000000082d00000| Updating 
|  46|0x0000000082e00000, 0x0000000082f00000, 0x0000000082f00000|100%| O|  |TAMS 0x0000000082f00000, 0x0000000082e00000| Untracked 
|  47|0x0000000082f00000, 0x0000000083000000, 0x0000000083000000|100%|HS|  |TAMS 0x0000000083000000, 0x0000000082f00000| Complete 
|  48|0x0000000083000000, 0x0000000083100000, 0x0000000083100000|100%|HS|  |TAMS 0x0000000083100000, 0x0000000083000000| Complete 
|  49|0x0000000083100000, 0x0000000083200000, 0x0000000083200000|100%| O|  |TAMS 0x0000000083200000, 0x0000000083100000| Untracked 
|  50|0x0000000083200000, 0x0000000083300000, 0x0000000083300000|100%| O|  |TAMS 0x0000000083300000, 0x0000000083200000| Untracked 
|  51|0x0000000083300000, 0x0000000083400000, 0x0000000083400000|100%| O|  |TAMS 0x0000000083400000, 0x0000000083300000| Untracked 
|  52|0x0000000083400000, 0x0000000083500000, 0x0000000083500000|100%| O|  |TAMS 0x0000000083500000, 0x0000000083400000| Untracked 
|  53|0x0000000083500000, 0x0000000083600000, 0x0000000083600000|100%| O|  |TAMS 0x0000000083600000, 0x0000000083500000| Untracked 
|  54|0x0000000083600000, 0x0000000083700000, 0x0000000083700000|100%| O|  |TAMS 0x0000000083700000, 0x0000000083600000| Untracked 
|  55|0x0000000083700000, 0x0000000083800000, 0x0000000083800000|100%| O|  |TAMS 0x0000000083800000, 0x0000000083700000| Untracked 
|  56|0x0000000083800000, 0x0000000083900000, 0x0000000083900000|100%| O|  |TAMS 0x0000000083900000, 0x0000000083800000| Untracked 
|  57|0x0000000083900000, 0x0000000083a00000, 0x0000000083a00000|100%| O|  |TAMS 0x0000000083a00000, 0x0000000083900000| Untracked 
|  58|0x0000000083a00000, 0x0000000083b00000, 0x0000000083b00000|100%| O|  |TAMS 0x0000000083b00000, 0x0000000083a00000| Updating 
|  59|0x0000000083b00000, 0x0000000083c00000, 0x0000000083c00000|100%| O|  |TAMS 0x0000000083c00000, 0x0000000083b00000| Updating 
|  60|0x0000000083c00000, 0x0000000083d00000, 0x0000000083d00000|100%| O|  |TAMS 0x0000000083d00000, 0x0000000083c00000| Untracked 
|  61|0x0000000083d00000, 0x0000000083e00000, 0x0000000083e00000|100%| O|  |TAMS 0x0000000083e00000, 0x0000000083d00000| Untracked 
|  62|0x0000000083e00000, 0x0000000083f00000, 0x0000000083f00000|100%| O|  |TAMS 0x0000000083f00000, 0x0000000083e00000| Updating 
|  63|0x0000000083f00000, 0x0000000084000000, 0x0000000084000000|100%| O|  |TAMS 0x0000000084000000, 0x0000000083f00000| Updating 
|  64|0x0000000084000000, 0x0000000084100000, 0x0000000084100000|100%| O|  |TAMS 0x0000000084100000, 0x0000000084000000| Untracked 
|  65|0x0000000084100000, 0x0000000084200000, 0x0000000084200000|100%| O|  |TAMS 0x0000000084200000, 0x0000000084100000| Updating 
|  66|0x0000000084200000, 0x0000000084300000, 0x0000000084300000|100%| O|  |TAMS 0x0000000084300000, 0x0000000084200000| Updating 
|  67|0x0000000084300000, 0x0000000084400000, 0x0000000084400000|100%| O|  |TAMS 0x0000000084400000, 0x0000000084300000| Updating 
|  68|0x0000000084400000, 0x0000000084500000, 0x0000000084500000|100%| O|  |TAMS 0x0000000084500000, 0x0000000084400000| Updating 
|  69|0x0000000084500000, 0x0000000084600000, 0x0000000084600000|100%| O|  |TAMS 0x0000000084600000, 0x0000000084500000| Updating 
|  70|0x0000000084600000, 0x0000000084700000, 0x0000000084700000|100%| O|  |TAMS 0x0000000084700000, 0x0000000084600000| Updating 
|  71|0x0000000084700000, 0x0000000084800000, 0x0000000084800000|100%| O|  |TAMS 0x0000000084800000, 0x0000000084700000| Updating 
|  72|0x0000000084800000, 0x0000000084900000, 0x0000000084900000|100%| O|  |TAMS 0x0000000084900000, 0x0000000084800000| Updating 
|  73|0x0000000084900000, 0x0000000084a00000, 0x0000000084a00000|100%| O|  |TAMS 0x0000000084a00000, 0x0000000084900000| Untracked 
|  74|0x0000000084a00000, 0x0000000084b00000, 0x0000000084b00000|100%| O|  |TAMS 0x0000000084b00000, 0x0000000084a00000| Untracked 
|  75|0x0000000084b00000, 0x0000000084c00000, 0x0000000084c00000|100%| O|  |TAMS 0x0000000084c00000, 0x0000000084b00000| Untracked 
|  76|0x0000000084c00000, 0x0000000084d00000, 0x0000000084d00000|100%| O|  |TAMS 0x0000000084d00000, 0x0000000084c00000| Untracked 
|  77|0x0000000084d00000, 0x0000000084e00000, 0x0000000084e00000|100%| O|  |TAMS 0x0000000084e00000, 0x0000000084d00000| Updating 
|  78|0x0000000084e00000, 0x0000000084f00000, 0x0000000084f00000|100%| O|  |TAMS 0x0000000084f00000, 0x0000000084e00000| Updating 
|  79|0x0000000084f00000, 0x0000000085000000, 0x0000000085000000|100%| O|  |TAMS 0x0000000085000000, 0x0000000084f00000| Updating 
|  80|0x0000000085000000, 0x0000000085100000, 0x0000000085100000|100%| O|  |TAMS 0x0000000085100000, 0x0000000085000000| Updating 
|  81|0x0000000085100000, 0x0000000085200000, 0x0000000085200000|100%| O|  |TAMS 0x0000000085200000, 0x0000000085100000| Untracked 
|  82|0x0000000085200000, 0x0000000085300000, 0x0000000085300000|100%| O|  |TAMS 0x0000000085300000, 0x0000000085200000| Updating 
|  83|0x0000000085300000, 0x0000000085400000, 0x0000000085400000|100%| O|  |TAMS 0x0000000085400000, 0x0000000085300000| Updating 
|  84|0x0000000085400000, 0x0000000085500000, 0x0000000085500000|100%| O|  |TAMS 0x0000000085500000, 0x0000000085400000| Updating 
|  85|0x0000000085500000, 0x0000000085600000, 0x0000000085600000|100%| O|  |TAMS 0x0000000085600000, 0x0000000085500000| Updating 
|  86|0x0000000085600000, 0x0000000085700000, 0x0000000085700000|100%| O|  |TAMS 0x0000000085700000, 0x0000000085600000| Updating 
|  87|0x0000000085700000, 0x0000000085800000, 0x0000000085800000|100%| O|  |TAMS 0x0000000085800000, 0x0000000085700000| Updating 
|  88|0x0000000085800000, 0x0000000085900000, 0x0000000085900000|100%| O|  |TAMS 0x0000000085900000, 0x0000000085800000| Updating 
|  89|0x0000000085900000, 0x0000000085a00000, 0x0000000085a00000|100%| O|  |TAMS 0x0000000085a00000, 0x0000000085900000| Updating 
|  90|0x0000000085a00000, 0x0000000085b00000, 0x0000000085b00000|100%| O|  |TAMS 0x0000000085b00000, 0x0000000085a00000| Updating 
|  91|0x0000000085b00000, 0x0000000085c00000, 0x0000000085c00000|100%| O|  |TAMS 0x0000000085c00000, 0x0000000085b00000| Updating 
|  92|0x0000000085c00000, 0x0000000085d00000, 0x0000000085d00000|100%| O|  |TAMS 0x0000000085d00000, 0x0000000085c00000| Untracked 
|  93|0x0000000085d00000, 0x0000000085e00000, 0x0000000085e00000|100%| O|  |TAMS 0x0000000085e00000, 0x0000000085d00000| Untracked 
|  94|0x0000000085e00000, 0x0000000085f00000, 0x0000000085f00000|100%|HS|  |TAMS 0x0000000085f00000, 0x0000000085e00000| Complete 
|  95|0x0000000085f00000, 0x0000000086000000, 0x0000000086000000|100%|HC|  |TAMS 0x0000000086000000, 0x0000000085f00000| Complete 
|  96|0x0000000086000000, 0x0000000086100000, 0x0000000086100000|100%| O|  |TAMS 0x0000000086100000, 0x0000000086000000| Untracked 
|  97|0x0000000086100000, 0x0000000086200000, 0x0000000086200000|100%|HS|  |TAMS 0x0000000086200000, 0x0000000086100000| Complete 
|  98|0x0000000086200000, 0x0000000086300000, 0x0000000086300000|100%|HC|  |TAMS 0x0000000086300000, 0x0000000086200000| Complete 
|  99|0x0000000086300000, 0x0000000086400000, 0x0000000086400000|100%|HS|  |TAMS 0x0000000086400000, 0x0000000086300000| Complete 
| 100|0x0000000086400000, 0x0000000086500000, 0x0000000086500000|100%|HS|  |TAMS 0x0000000086500000, 0x0000000086400000| Complete 
| 101|0x0000000086500000, 0x0000000086600000, 0x0000000086600000|100%|HC|  |TAMS 0x0000000086600000, 0x0000000086500000| Complete 
| 102|0x0000000086600000, 0x0000000086700000, 0x0000000086700000|100%|HS|  |TAMS 0x0000000086700000, 0x0000000086600000| Complete 
| 103|0x0000000086700000, 0x0000000086800000, 0x0000000086800000|100%|HC|  |TAMS 0x0000000086800000, 0x0000000086700000| Complete 
| 104|0x0000000086800000, 0x0000000086900000, 0x0000000086900000|100%| O|  |TAMS 0x0000000086900000, 0x0000000086800000| Updating 
| 105|0x0000000086900000, 0x0000000086a00000, 0x0000000086a00000|100%| O|  |TAMS 0x0000000086a00000, 0x0000000086900000| Updating 
| 106|0x0000000086a00000, 0x0000000086b00000, 0x0000000086b00000|100%| O|  |TAMS 0x0000000086b00000, 0x0000000086a00000| Untracked 
| 107|0x0000000086b00000, 0x0000000086c00000, 0x0000000086c00000|100%| O|  |TAMS 0x0000000086c00000, 0x0000000086b00000| Untracked 
| 108|0x0000000086c00000, 0x0000000086d00000, 0x0000000086d00000|100%| O|  |TAMS 0x0000000086d00000, 0x0000000086c00000| Updating 
| 109|0x0000000086d00000, 0x0000000086e00000, 0x0000000086e00000|100%| O|  |TAMS 0x0000000086e00000, 0x0000000086d00000| Untracked 
| 110|0x0000000086e00000, 0x0000000086f00000, 0x0000000086f00000|100%| O|  |TAMS 0x0000000086f00000, 0x0000000086e00000| Untracked 
| 111|0x0000000086f00000, 0x0000000087000000, 0x0000000087000000|100%| O|  |TAMS 0x0000000087000000, 0x0000000086f00000| Untracked 
| 112|0x0000000087000000, 0x0000000087100000, 0x0000000087100000|100%| O|  |TAMS 0x0000000087100000, 0x0000000087000000| Updating 
| 113|0x0000000087100000, 0x0000000087200000, 0x0000000087200000|100%| O|  |TAMS 0x0000000087200000, 0x0000000087100000| Untracked 
| 114|0x0000000087200000, 0x0000000087300000, 0x0000000087300000|100%| O|  |TAMS 0x0000000087300000, 0x0000000087200000| Untracked 
| 115|0x0000000087300000, 0x0000000087400000, 0x0000000087400000|100%| O|  |TAMS 0x0000000087400000, 0x0000000087300000| Untracked 
| 116|0x0000000087400000, 0x0000000087500000, 0x0000000087500000|100%| O|  |TAMS 0x0000000087500000, 0x0000000087400000| Untracked 
| 117|0x0000000087500000, 0x0000000087600000, 0x0000000087600000|100%| O|  |TAMS 0x0000000087600000, 0x0000000087500000| Untracked 
| 118|0x0000000087600000, 0x0000000087700000, 0x0000000087700000|100%| O|  |TAMS 0x0000000087700000, 0x0000000087600000| Untracked 
| 119|0x0000000087700000, 0x0000000087800000, 0x0000000087800000|100%| O|  |TAMS 0x0000000087800000, 0x0000000087700000| Untracked 
| 120|0x0000000087800000, 0x0000000087900000, 0x0000000087900000|100%| O|  |TAMS 0x0000000087900000, 0x0000000087800000| Untracked 
| 121|0x0000000087900000, 0x0000000087a00000, 0x0000000087a00000|100%| O|  |TAMS 0x0000000087a00000, 0x0000000087900000| Untracked 
| 122|0x0000000087a00000, 0x0000000087b00000, 0x0000000087b00000|100%| O|  |TAMS 0x0000000087b00000, 0x0000000087a00000| Updating 
| 123|0x0000000087b00000, 0x0000000087c00000, 0x0000000087c00000|100%|HS|  |TAMS 0x0000000087c00000, 0x0000000087b00000| Complete 
| 124|0x0000000087c00000, 0x0000000087d00000, 0x0000000087d00000|100%|HC|  |TAMS 0x0000000087d00000, 0x0000000087c00000| Complete 
| 125|0x0000000087d00000, 0x0000000087e00000, 0x0000000087e00000|100%|HS|  |TAMS 0x0000000087e00000, 0x0000000087d00000| Complete 
| 126|0x0000000087e00000, 0x0000000087f00000, 0x0000000087f00000|100%|HC|  |TAMS 0x0000000087f00000, 0x0000000087e00000| Complete 
| 127|0x0000000087f00000, 0x0000000088000000, 0x0000000088000000|100%|HS|  |TAMS 0x0000000087f00000, 0x0000000087f00000| Complete 
| 128|0x0000000088000000, 0x0000000088100000, 0x0000000088100000|100%|HC|  |TAMS 0x0000000088000000, 0x0000000088000000| Complete 
| 129|0x0000000088100000, 0x0000000088200000, 0x0000000088200000|100%|HS|  |TAMS 0x0000000088100000, 0x0000000088100000| Complete 
| 130|0x0000000088200000, 0x0000000088300000, 0x0000000088300000|100%|HC|  |TAMS 0x0000000088200000, 0x0000000088200000| Complete 
| 131|0x0000000088300000, 0x0000000088400000, 0x0000000088400000|100%|HS|  |TAMS 0x0000000088300000, 0x0000000088300000| Complete 
| 132|0x0000000088400000, 0x0000000088500000, 0x0000000088500000|100%|HC|  |TAMS 0x0000000088400000, 0x0000000088400000| Complete 
| 133|0x0000000088500000, 0x0000000088600000, 0x0000000088600000|100%|HS|  |TAMS 0x0000000088600000, 0x0000000088500000| Complete 
| 134|0x0000000088600000, 0x0000000088700000, 0x0000000088700000|100%|HC|  |TAMS 0x0000000088700000, 0x0000000088600000| Complete 
| 135|0x0000000088700000, 0x0000000088800000, 0x0000000088800000|100%|HS|  |TAMS 0x0000000088700000, 0x0000000088700000| Complete 
| 136|0x0000000088800000, 0x0000000088900000, 0x0000000088900000|100%|HC|  |TAMS 0x0000000088800000, 0x0000000088800000| Complete 
| 137|0x0000000088900000, 0x0000000088a00000, 0x0000000088a00000|100%|HS|  |TAMS 0x0000000088900000, 0x0000000088900000| Complete 
| 138|0x0000000088a00000, 0x0000000088b00000, 0x0000000088b00000|100%|HC|  |TAMS 0x0000000088a00000, 0x0000000088a00000| Complete 
| 139|0x0000000088b00000, 0x0000000088c00000, 0x0000000088c00000|100%|HS|  |TAMS 0x0000000088b00000, 0x0000000088b00000| Complete 
| 140|0x0000000088c00000, 0x0000000088d00000, 0x0000000088d00000|100%|HC|  |TAMS 0x0000000088c00000, 0x0000000088c00000| Complete 
| 141|0x0000000088d00000, 0x0000000088d00000, 0x0000000088e00000|  0%| F|  |TAMS 0x0000000088d00000, 0x0000000088d00000| Untracked 
| 142|0x0000000088e00000, 0x0000000088f00000, 0x0000000088f00000|100%| O|  |TAMS 0x0000000088f00000, 0x0000000088e00000| Updating 
| 143|0x0000000088f00000, 0x0000000089000000, 0x0000000089000000|100%|HS|  |TAMS 0x0000000088f00000, 0x0000000088f00000| Complete 
| 144|0x0000000089000000, 0x0000000089100000, 0x0000000089100000|100%|HC|  |TAMS 0x0000000089000000, 0x0000000089000000| Complete 
| 145|0x0000000089100000, 0x0000000089200000, 0x0000000089200000|100%|HS|  |TAMS 0x0000000089100000, 0x0000000089100000| Complete 
| 146|0x0000000089200000, 0x0000000089300000, 0x0000000089300000|100%|HC|  |TAMS 0x0000000089200000, 0x0000000089200000| Complete 
| 147|0x0000000089300000, 0x0000000089300000, 0x0000000089400000|  0%| F|  |TAMS 0x0000000089300000, 0x0000000089300000| Untracked 
| 148|0x0000000089400000, 0x0000000089500000, 0x0000000089500000|100%| O|  |TAMS 0x0000000089500000, 0x0000000089400000| Updating 
| 149|0x0000000089500000, 0x0000000089600000, 0x0000000089600000|100%| O|  |TAMS 0x0000000089600000, 0x0000000089500000| Updating 
| 150|0x0000000089600000, 0x0000000089700000, 0x0000000089700000|100%|HS|  |TAMS 0x0000000089600000, 0x0000000089600000| Complete 
| 151|0x0000000089700000, 0x0000000089800000, 0x0000000089800000|100%|HC|  |TAMS 0x0000000089700000, 0x0000000089700000| Complete 
| 152|0x0000000089800000, 0x0000000089900000, 0x0000000089900000|100%|HS|  |TAMS 0x0000000089800000, 0x0000000089800000| Complete 
| 153|0x0000000089900000, 0x0000000089a00000, 0x0000000089a00000|100%|HC|  |TAMS 0x0000000089900000, 0x0000000089900000| Complete 
| 154|0x0000000089a00000, 0x0000000089b00000, 0x0000000089b00000|100%|HS|  |TAMS 0x0000000089a00000, 0x0000000089a00000| Complete 
| 155|0x0000000089b00000, 0x0000000089c00000, 0x0000000089c00000|100%|HC|  |TAMS 0x0000000089b00000, 0x0000000089b00000| Complete 
| 156|0x0000000089c00000, 0x0000000089d00000, 0x0000000089d00000|100%| O|  |TAMS 0x0000000089d00000, 0x0000000089c00000| Updating 
| 157|0x0000000089d00000, 0x0000000089e00000, 0x0000000089e00000|100%| O|  |TAMS 0x0000000089e00000, 0x0000000089d00000| Updating 
| 158|0x0000000089e00000, 0x0000000089f00000, 0x0000000089f00000|100%| O|  |TAMS 0x0000000089f00000, 0x0000000089e00000| Updating 
| 159|0x0000000089f00000, 0x000000008a000000, 0x000000008a000000|100%| O|  |TAMS 0x000000008a000000, 0x0000000089f00000| Untracked 
| 160|0x000000008a000000, 0x000000008a100000, 0x000000008a100000|100%| O|  |TAMS 0x000000008a100000, 0x000000008a000000| Updating 
| 161|0x000000008a100000, 0x000000008a200000, 0x000000008a200000|100%| O|  |TAMS 0x000000008a200000, 0x000000008a100000| Untracked 
| 162|0x000000008a200000, 0x000000008a300000, 0x000000008a300000|100%| O|  |TAMS 0x000000008a300000, 0x000000008a200000| Untracked 
| 163|0x000000008a300000, 0x000000008a400000, 0x000000008a400000|100%| O|  |TAMS 0x000000008a400000, 0x000000008a300000| Updating 
| 164|0x000000008a400000, 0x000000008a500000, 0x000000008a500000|100%| O|  |TAMS 0x000000008a500000, 0x000000008a400000| Untracked 
| 165|0x000000008a500000, 0x000000008a600000, 0x000000008a600000|100%| O|  |TAMS 0x000000008a600000, 0x000000008a500000| Updating 
| 166|0x000000008a600000, 0x000000008a700000, 0x000000008a700000|100%| O|  |TAMS 0x000000008a700000, 0x000000008a600000| Updating 
| 167|0x000000008a700000, 0x000000008a800000, 0x000000008a800000|100%|HS|  |TAMS 0x000000008a700000, 0x000000008a700000| Complete 
| 168|0x000000008a800000, 0x000000008a900000, 0x000000008a900000|100%|HC|  |TAMS 0x000000008a800000, 0x000000008a800000| Complete 
| 169|0x000000008a900000, 0x000000008aa00000, 0x000000008aa00000|100%|HS|  |TAMS 0x000000008aa00000, 0x000000008a900000| Complete 
| 170|0x000000008aa00000, 0x000000008ab00000, 0x000000008ab00000|100%|HC|  |TAMS 0x000000008ab00000, 0x000000008aa00000| Complete 
| 171|0x000000008ab00000, 0x000000008ac00000, 0x000000008ac00000|100%|HS|  |TAMS 0x000000008ab00000, 0x000000008ab00000| Complete 
| 172|0x000000008ac00000, 0x000000008ad00000, 0x000000008ad00000|100%|HC|  |TAMS 0x000000008ac00000, 0x000000008ac00000| Complete 
| 173|0x000000008ad00000, 0x000000008ae00000, 0x000000008ae00000|100%|HS|  |TAMS 0x000000008ae00000, 0x000000008ad00000| Complete 
| 174|0x000000008ae00000, 0x000000008af00000, 0x000000008af00000|100%|HC|  |TAMS 0x000000008af00000, 0x000000008ae00000| Complete 
| 175|0x000000008af00000, 0x000000008b000000, 0x000000008b000000|100%|HS|  |TAMS 0x000000008b000000, 0x000000008af00000| Complete 
| 176|0x000000008b000000, 0x000000008b100000, 0x000000008b100000|100%|HC|  |TAMS 0x000000008b100000, 0x000000008b000000| Complete 
| 177|0x000000008b100000, 0x000000008b200000, 0x000000008b200000|100%|HS|  |TAMS 0x000000008b100000, 0x000000008b100000| Complete 
| 178|0x000000008b200000, 0x000000008b300000, 0x000000008b300000|100%|HC|  |TAMS 0x000000008b200000, 0x000000008b200000| Complete 
| 179|0x000000008b300000, 0x000000008b400000, 0x000000008b400000|100%|HS|  |TAMS 0x000000008b300000, 0x000000008b300000| Complete 
| 180|0x000000008b400000, 0x000000008b500000, 0x000000008b500000|100%|HC|  |TAMS 0x000000008b400000, 0x000000008b400000| Complete 
| 181|0x000000008b500000, 0x000000008b600000, 0x000000008b600000|100%|HS|  |TAMS 0x000000008b500000, 0x000000008b500000| Complete 
| 182|0x000000008b600000, 0x000000008b700000, 0x000000008b700000|100%|HC|  |TAMS 0x000000008b600000, 0x000000008b600000| Complete 
| 183|0x000000008b700000, 0x000000008b700000, 0x000000008b800000|  0%| F|  |TAMS 0x000000008b700000, 0x000000008b700000| Untracked 
| 184|0x000000008b800000, 0x000000008b900000, 0x000000008b900000|100%| O|  |TAMS 0x000000008b900000, 0x000000008b800000| Untracked 
| 185|0x000000008b900000, 0x000000008ba00000, 0x000000008ba00000|100%|HS|  |TAMS 0x000000008ba00000, 0x000000008b900000| Complete 
| 186|0x000000008ba00000, 0x000000008bb00000, 0x000000008bb00000|100%|HC|  |TAMS 0x000000008bb00000, 0x000000008ba00000| Complete 
| 187|0x000000008bb00000, 0x000000008bc00000, 0x000000008bc00000|100%|HS|  |TAMS 0x000000008bb00000, 0x000000008bb00000| Complete 
| 188|0x000000008bc00000, 0x000000008bd00000, 0x000000008bd00000|100%|HC|  |TAMS 0x000000008bc00000, 0x000000008bc00000| Complete 
| 189|0x000000008bd00000, 0x000000008be00000, 0x000000008be00000|100%|HS|  |TAMS 0x000000008bd00000, 0x000000008bd00000| Complete 
| 190|0x000000008be00000, 0x000000008bf00000, 0x000000008bf00000|100%|HC|  |TAMS 0x000000008be00000, 0x000000008be00000| Complete 
| 191|0x000000008bf00000, 0x000000008c000000, 0x000000008c000000|100%|HS|  |TAMS 0x000000008c000000, 0x000000008bf00000| Complete 
| 192|0x000000008c000000, 0x000000008c100000, 0x000000008c100000|100%|HC|  |TAMS 0x000000008c100000, 0x000000008c000000| Complete 
| 193|0x000000008c100000, 0x000000008c200000, 0x000000008c200000|100%|HS|  |TAMS 0x000000008c200000, 0x000000008c100000| Complete 
| 194|0x000000008c200000, 0x000000008c300000, 0x000000008c300000|100%|HC|  |TAMS 0x000000008c300000, 0x000000008c200000| Complete 
| 195|0x000000008c300000, 0x000000008c400000, 0x000000008c400000|100%|HS|  |TAMS 0x000000008c300000, 0x000000008c300000| Complete 
| 196|0x000000008c400000, 0x000000008c500000, 0x000000008c500000|100%|HC|  |TAMS 0x000000008c400000, 0x000000008c400000| Complete 
| 197|0x000000008c500000, 0x000000008c500000, 0x000000008c600000|  0%| F|  |TAMS 0x000000008c500000, 0x000000008c500000| Untracked 
| 198|0x000000008c600000, 0x000000008c600000, 0x000000008c700000|  0%| F|  |TAMS 0x000000008c600000, 0x000000008c600000| Untracked 
| 199|0x000000008c700000, 0x000000008c800000, 0x000000008c800000|100%|HS|  |TAMS 0x000000008c700000, 0x000000008c700000| Complete 
| 200|0x000000008c800000, 0x000000008c900000, 0x000000008c900000|100%|HC|  |TAMS 0x000000008c800000, 0x000000008c800000| Complete 
| 201|0x000000008c900000, 0x000000008ca00000, 0x000000008ca00000|100%|HS|  |TAMS 0x000000008c900000, 0x000000008c900000| Complete 
| 202|0x000000008ca00000, 0x000000008cb00000, 0x000000008cb00000|100%|HC|  |TAMS 0x000000008ca00000, 0x000000008ca00000| Complete 
| 203|0x000000008cb00000, 0x000000008cc00000, 0x000000008cc00000|100%|HS|  |TAMS 0x000000008cc00000, 0x000000008cb00000| Complete 
| 204|0x000000008cc00000, 0x000000008cd00000, 0x000000008cd00000|100%|HC|  |TAMS 0x000000008cd00000, 0x000000008cc00000| Complete 
| 205|0x000000008cd00000, 0x000000008ce00000, 0x000000008ce00000|100%|HS|  |TAMS 0x000000008cd00000, 0x000000008cd00000| Complete 
| 206|0x000000008ce00000, 0x000000008cf00000, 0x000000008cf00000|100%|HC|  |TAMS 0x000000008ce00000, 0x000000008ce00000| Complete 
| 207|0x000000008cf00000, 0x000000008d000000, 0x000000008d000000|100%|HS|  |TAMS 0x000000008d000000, 0x000000008cf00000| Complete 
| 208|0x000000008d000000, 0x000000008d100000, 0x000000008d100000|100%|HC|  |TAMS 0x000000008d100000, 0x000000008d000000| Complete 
| 209|0x000000008d100000, 0x000000008d200000, 0x000000008d200000|100%|HS|  |TAMS 0x000000008d200000, 0x000000008d100000| Complete 
| 210|0x000000008d200000, 0x000000008d300000, 0x000000008d300000|100%|HC|  |TAMS 0x000000008d300000, 0x000000008d200000| Complete 
| 211|0x000000008d300000, 0x000000008d400000, 0x000000008d400000|100%|HS|  |TAMS 0x000000008d400000, 0x000000008d300000| Complete 
| 212|0x000000008d400000, 0x000000008d500000, 0x000000008d500000|100%|HC|  |TAMS 0x000000008d500000, 0x000000008d400000| Complete 
| 213|0x000000008d500000, 0x000000008d600000, 0x000000008d600000|100%|HS|  |TAMS 0x000000008d600000, 0x000000008d500000| Complete 
| 214|0x000000008d600000, 0x000000008d700000, 0x000000008d700000|100%|HC|  |TAMS 0x000000008d700000, 0x000000008d600000| Complete 
| 215|0x000000008d700000, 0x000000008d800000, 0x000000008d800000|100%|HS|  |TAMS 0x000000008d700000, 0x000000008d700000| Complete 
| 216|0x000000008d800000, 0x000000008d900000, 0x000000008d900000|100%|HC|  |TAMS 0x000000008d800000, 0x000000008d800000| Complete 
| 217|0x000000008d900000, 0x000000008da00000, 0x000000008da00000|100%|HS|  |TAMS 0x000000008d900000, 0x000000008d900000| Complete 
| 218|0x000000008da00000, 0x000000008db00000, 0x000000008db00000|100%|HC|  |TAMS 0x000000008da00000, 0x000000008da00000| Complete 
| 219|0x000000008db00000, 0x000000008dc00000, 0x000000008dc00000|100%|HS|  |TAMS 0x000000008dc00000, 0x000000008db00000| Complete 
| 220|0x000000008dc00000, 0x000000008dd00000, 0x000000008dd00000|100%|HC|  |TAMS 0x000000008dd00000, 0x000000008dc00000| Complete 
| 221|0x000000008dd00000, 0x000000008de00000, 0x000000008de00000|100%|HS|  |TAMS 0x000000008de00000, 0x000000008dd00000| Complete 
| 222|0x000000008de00000, 0x000000008df00000, 0x000000008df00000|100%|HC|  |TAMS 0x000000008df00000, 0x000000008de00000| Complete 
| 223|0x000000008df00000, 0x000000008e000000, 0x000000008e000000|100%|HS|  |TAMS 0x000000008e000000, 0x000000008df00000| Complete 
| 224|0x000000008e000000, 0x000000008e100000, 0x000000008e100000|100%|HC|  |TAMS 0x000000008e100000, 0x000000008e000000| Complete 
| 225|0x000000008e100000, 0x000000008e200000, 0x000000008e200000|100%|HS|  |TAMS 0x000000008e200000, 0x000000008e100000| Complete 
| 226|0x000000008e200000, 0x000000008e300000, 0x000000008e300000|100%|HC|  |TAMS 0x000000008e300000, 0x000000008e200000| Complete 
| 227|0x000000008e300000, 0x000000008e400000, 0x000000008e400000|100%|HS|  |TAMS 0x000000008e400000, 0x000000008e300000| Complete 
| 228|0x000000008e400000, 0x000000008e500000, 0x000000008e500000|100%|HC|  |TAMS 0x000000008e500000, 0x000000008e400000| Complete 
| 229|0x000000008e500000, 0x000000008e600000, 0x000000008e600000|100%|HS|  |TAMS 0x000000008e600000, 0x000000008e500000| Complete 
| 230|0x000000008e600000, 0x000000008e700000, 0x000000008e700000|100%|HC|  |TAMS 0x000000008e700000, 0x000000008e600000| Complete 
| 231|0x000000008e700000, 0x000000008e800000, 0x000000008e800000|100%|HS|  |TAMS 0x000000008e800000, 0x000000008e700000| Complete 
| 232|0x000000008e800000, 0x000000008e900000, 0x000000008e900000|100%|HC|  |TAMS 0x000000008e900000, 0x000000008e800000| Complete 
| 233|0x000000008e900000, 0x000000008ea00000, 0x000000008ea00000|100%|HS|  |TAMS 0x000000008e900000, 0x000000008e900000| Complete 
| 234|0x000000008ea00000, 0x000000008eb00000, 0x000000008eb00000|100%|HC|  |TAMS 0x000000008ea00000, 0x000000008ea00000| Complete 
| 235|0x000000008eb00000, 0x000000008ec00000, 0x000000008ec00000|100%|HS|  |TAMS 0x000000008eb00000, 0x000000008eb00000| Complete 
| 236|0x000000008ec00000, 0x000000008ed00000, 0x000000008ed00000|100%|HC|  |TAMS 0x000000008ec00000, 0x000000008ec00000| Complete 
| 237|0x000000008ed00000, 0x000000008ed00000, 0x000000008ee00000|  0%| F|  |TAMS 0x000000008ed00000, 0x000000008ed00000| Untracked 
| 238|0x000000008ee00000, 0x000000008ee00000, 0x000000008ef00000|  0%| F|  |TAMS 0x000000008ee00000, 0x000000008ee00000| Untracked 
| 239|0x000000008ef00000, 0x000000008f000000, 0x000000008f000000|100%|HS|  |TAMS 0x000000008ef00000, 0x000000008ef00000| Complete 
| 240|0x000000008f000000, 0x000000008f100000, 0x000000008f100000|100%|HC|  |TAMS 0x000000008f000000, 0x000000008f000000| Complete 
| 241|0x000000008f100000, 0x000000008f200000, 0x000000008f200000|100%|HS|  |TAMS 0x000000008f100000, 0x000000008f100000| Complete 
| 242|0x000000008f200000, 0x000000008f300000, 0x000000008f300000|100%|HC|  |TAMS 0x000000008f200000, 0x000000008f200000| Complete 
| 243|0x000000008f300000, 0x000000008f400000, 0x000000008f400000|100%|HS|  |TAMS 0x000000008f300000, 0x000000008f300000| Complete 
| 244|0x000000008f400000, 0x000000008f500000, 0x000000008f500000|100%|HC|  |TAMS 0x000000008f400000, 0x000000008f400000| Complete 
| 245|0x000000008f500000, 0x000000008f600000, 0x000000008f600000|100%|HS|  |TAMS 0x000000008f500000, 0x000000008f500000| Complete 
| 246|0x000000008f600000, 0x000000008f700000, 0x000000008f700000|100%|HC|  |TAMS 0x000000008f600000, 0x000000008f600000| Complete 
| 247|0x000000008f700000, 0x000000008f800000, 0x000000008f800000|100%|HS|  |TAMS 0x000000008f700000, 0x000000008f700000| Complete 
| 248|0x000000008f800000, 0x000000008f900000, 0x000000008f900000|100%|HC|  |TAMS 0x000000008f800000, 0x000000008f800000| Complete 
| 249|0x000000008f900000, 0x000000008fa00000, 0x000000008fa00000|100%|HS|  |TAMS 0x000000008f900000, 0x000000008f900000| Complete 
| 250|0x000000008fa00000, 0x000000008fb00000, 0x000000008fb00000|100%|HC|  |TAMS 0x000000008fa00000, 0x000000008fa00000| Complete 
| 251|0x000000008fb00000, 0x000000008fc00000, 0x000000008fc00000|100%|HS|  |TAMS 0x000000008fb00000, 0x000000008fb00000| Complete 
| 252|0x000000008fc00000, 0x000000008fd00000, 0x000000008fd00000|100%|HC|  |TAMS 0x000000008fc00000, 0x000000008fc00000| Complete 
| 253|0x000000008fd00000, 0x000000008fe00000, 0x000000008fe00000|100%|HS|  |TAMS 0x000000008fd00000, 0x000000008fd00000| Complete 
| 254|0x000000008fe00000, 0x000000008ff00000, 0x000000008ff00000|100%|HC|  |TAMS 0x000000008fe00000, 0x000000008fe00000| Complete 
| 255|0x000000008ff00000, 0x0000000090000000, 0x0000000090000000|100%|HS|  |TAMS 0x000000008ff00000, 0x000000008ff00000| Complete 
| 256|0x0000000090000000, 0x0000000090100000, 0x0000000090100000|100%|HC|  |TAMS 0x0000000090000000, 0x0000000090000000| Complete 
| 257|0x0000000090100000, 0x0000000090200000, 0x0000000090200000|100%|HS|  |TAMS 0x0000000090100000, 0x0000000090100000| Complete 
| 258|0x0000000090200000, 0x0000000090300000, 0x0000000090300000|100%|HC|  |TAMS 0x0000000090200000, 0x0000000090200000| Complete 
| 259|0x0000000090300000, 0x0000000090400000, 0x0000000090400000|100%|HS|  |TAMS 0x0000000090300000, 0x0000000090300000| Complete 
| 260|0x0000000090400000, 0x0000000090500000, 0x0000000090500000|100%|HC|  |TAMS 0x0000000090400000, 0x0000000090400000| Complete 
| 261|0x0000000090500000, 0x0000000090600000, 0x0000000090600000|100%|HS|  |TAMS 0x0000000090500000, 0x0000000090500000| Complete 
| 262|0x0000000090600000, 0x0000000090700000, 0x0000000090700000|100%|HC|  |TAMS 0x0000000090600000, 0x0000000090600000| Complete 
| 263|0x0000000090700000, 0x0000000090800000, 0x0000000090800000|100%|HS|  |TAMS 0x0000000090700000, 0x0000000090700000| Complete 
| 264|0x0000000090800000, 0x0000000090900000, 0x0000000090900000|100%|HC|  |TAMS 0x0000000090800000, 0x0000000090800000| Complete 
| 265|0x0000000090900000, 0x0000000090a00000, 0x0000000090a00000|100%|HS|  |TAMS 0x0000000090900000, 0x0000000090900000| Complete 
| 266|0x0000000090a00000, 0x0000000090b00000, 0x0000000090b00000|100%|HC|  |TAMS 0x0000000090a00000, 0x0000000090a00000| Complete 
| 267|0x0000000090b00000, 0x0000000090c00000, 0x0000000090c00000|100%|HS|  |TAMS 0x0000000090b00000, 0x0000000090b00000| Complete 
| 268|0x0000000090c00000, 0x0000000090d00000, 0x0000000090d00000|100%|HC|  |TAMS 0x0000000090c00000, 0x0000000090c00000| Complete 
| 269|0x0000000090d00000, 0x0000000090e00000, 0x0000000090e00000|100%|HS|  |TAMS 0x0000000090d00000, 0x0000000090d00000| Complete 
| 270|0x0000000090e00000, 0x0000000090f00000, 0x0000000090f00000|100%|HC|  |TAMS 0x0000000090e00000, 0x0000000090e00000| Complete 
| 271|0x0000000090f00000, 0x0000000091000000, 0x0000000091000000|100%|HS|  |TAMS 0x0000000090f00000, 0x0000000090f00000| Complete 
| 272|0x0000000091000000, 0x0000000091100000, 0x0000000091100000|100%|HC|  |TAMS 0x0000000091000000, 0x0000000091000000| Complete 
| 273|0x0000000091100000, 0x0000000091200000, 0x0000000091200000|100%|HS|  |TAMS 0x0000000091100000, 0x0000000091100000| Complete 
| 274|0x0000000091200000, 0x0000000091300000, 0x0000000091300000|100%|HC|  |TAMS 0x0000000091200000, 0x0000000091200000| Complete 
| 275|0x0000000091300000, 0x0000000091300000, 0x0000000091400000|  0%| F|  |TAMS 0x0000000091300000, 0x0000000091300000| Untracked 
| 276|0x0000000091400000, 0x0000000091500000, 0x0000000091500000|100%|HS|  |TAMS 0x0000000091500000, 0x0000000091400000| Complete 
| 277|0x0000000091500000, 0x0000000091600000, 0x0000000091600000|100%|HC|  |TAMS 0x0000000091600000, 0x0000000091500000| Complete 
| 278|0x0000000091600000, 0x0000000091700000, 0x0000000091700000|100%|HS|  |TAMS 0x0000000091600000, 0x0000000091600000| Complete 
| 279|0x0000000091700000, 0x0000000091800000, 0x0000000091800000|100%|HC|  |TAMS 0x0000000091700000, 0x0000000091700000| Complete 
| 280|0x0000000091800000, 0x0000000091900000, 0x0000000091900000|100%|HS|  |TAMS 0x0000000091800000, 0x0000000091800000| Complete 
| 281|0x0000000091900000, 0x0000000091a00000, 0x0000000091a00000|100%|HC|  |TAMS 0x0000000091900000, 0x0000000091900000| Complete 
| 282|0x0000000091a00000, 0x0000000091b00000, 0x0000000091b00000|100%|HS|  |TAMS 0x0000000091b00000, 0x0000000091a00000| Complete 
| 283|0x0000000091b00000, 0x0000000091c00000, 0x0000000091c00000|100%|HC|  |TAMS 0x0000000091c00000, 0x0000000091b00000| Complete 
| 284|0x0000000091c00000, 0x0000000091d00000, 0x0000000091d00000|100%|HS|  |TAMS 0x0000000091c00000, 0x0000000091c00000| Complete 
| 285|0x0000000091d00000, 0x0000000091e00000, 0x0000000091e00000|100%|HC|  |TAMS 0x0000000091d00000, 0x0000000091d00000| Complete 
| 286|0x0000000091e00000, 0x0000000091f00000, 0x0000000091f00000|100%|HS|  |TAMS 0x0000000091e00000, 0x0000000091e00000| Complete 
| 287|0x0000000091f00000, 0x0000000092000000, 0x0000000092000000|100%|HC|  |TAMS 0x0000000091f00000, 0x0000000091f00000| Complete 
| 288|0x0000000092000000, 0x0000000092100000, 0x0000000092100000|100%|HS|  |TAMS 0x0000000092000000, 0x0000000092000000| Complete 
| 289|0x0000000092100000, 0x0000000092200000, 0x0000000092200000|100%|HC|  |TAMS 0x0000000092100000, 0x0000000092100000| Complete 
| 290|0x0000000092200000, 0x0000000092300000, 0x0000000092300000|100%|HS|  |TAMS 0x0000000092200000, 0x0000000092200000| Complete 
| 291|0x0000000092300000, 0x0000000092400000, 0x0000000092400000|100%|HC|  |TAMS 0x0000000092300000, 0x0000000092300000| Complete 
| 292|0x0000000092400000, 0x0000000092400000, 0x0000000092500000|  0%| F|  |TAMS 0x0000000092400000, 0x0000000092400000| Untracked 
| 293|0x0000000092500000, 0x0000000092580a60, 0x0000000092600000| 50%| E|  |TAMS 0x0000000092500000, 0x0000000092500000| Complete 
| 294|0x0000000092600000, 0x0000000092700000, 0x0000000092700000|100%| E|CS|TAMS 0x0000000092600000, 0x0000000092600000| Complete 
| 295|0x0000000092700000, 0x0000000092800000, 0x0000000092800000|100%| E|CS|TAMS 0x0000000092700000, 0x0000000092700000| Complete 
| 296|0x0000000092800000, 0x0000000092900000, 0x0000000092900000|100%| O|  |TAMS 0x0000000092900000, 0x0000000092800000| Untracked 
| 297|0x0000000092900000, 0x0000000092a00000, 0x0000000092a00000|100%| O|  |TAMS 0x0000000092a00000, 0x0000000092900000| Untracked 
| 298|0x0000000092a00000, 0x0000000092b00000, 0x0000000092b00000|100%| O|  |TAMS 0x0000000092b00000, 0x0000000092a00000| Untracked 
| 299|0x0000000092b00000, 0x0000000092c00000, 0x0000000092c00000|100%| O|  |TAMS 0x0000000092c00000, 0x0000000092b00000| Untracked 
| 300|0x0000000092c00000, 0x0000000092d00000, 0x0000000092d00000|100%| O|  |TAMS 0x0000000092d00000, 0x0000000092c00000| Untracked 
| 301|0x0000000092d00000, 0x0000000092e00000, 0x0000000092e00000|100%| O|  |TAMS 0x0000000092e00000, 0x0000000092d00000| Untracked 
| 302|0x0000000092e00000, 0x0000000092f00000, 0x0000000092f00000|100%| O|  |TAMS 0x0000000092f00000, 0x0000000092e00000| Untracked 
| 303|0x0000000092f00000, 0x0000000093000000, 0x0000000093000000|100%| O|  |TAMS 0x0000000093000000, 0x0000000092f00000| Untracked 
| 304|0x0000000093000000, 0x0000000093100000, 0x0000000093100000|100%| O|  |TAMS 0x0000000093100000, 0x0000000093000000| Updating 
| 305|0x0000000093100000, 0x0000000093200000, 0x0000000093200000|100%| O|  |TAMS 0x0000000093200000, 0x0000000093100000| Untracked 
| 306|0x0000000093200000, 0x0000000093300000, 0x0000000093300000|100%| O|  |TAMS 0x0000000093300000, 0x0000000093200000| Untracked 
| 307|0x0000000093300000, 0x0000000093400000, 0x0000000093400000|100%| O|  |TAMS 0x0000000093400000, 0x0000000093300000| Untracked 
| 308|0x0000000093400000, 0x0000000093500000, 0x0000000093500000|100%| E|CS|TAMS 0x0000000093400000, 0x0000000093400000| Complete 
| 309|0x0000000093500000, 0x0000000093505240, 0x0000000093600000|  2%| S|CS|TAMS 0x0000000093500000, 0x0000000093500000| Complete 
| 310|0x0000000093600000, 0x0000000093700000, 0x0000000093700000|100%| E|CS|TAMS 0x0000000093600000, 0x0000000093600000| Complete 
| 311|0x0000000093700000, 0x0000000093800000, 0x0000000093800000|100%| E|CS|TAMS 0x0000000093700000, 0x0000000093700000| Complete 
| 312|0x0000000093800000, 0x0000000093900000, 0x0000000093900000|100%| E|CS|TAMS 0x0000000093800000, 0x0000000093800000| Complete 
| 313|0x0000000093900000, 0x0000000093a00000, 0x0000000093a00000|100%| E|CS|TAMS 0x0000000093900000, 0x0000000093900000| Complete 
| 314|0x0000000093a00000, 0x0000000093b00000, 0x0000000093b00000|100%|HS|  |TAMS 0x0000000093a00000, 0x0000000093a00000| Complete 
| 315|0x0000000093b00000, 0x0000000093c00000, 0x0000000093c00000|100%|HC|  |TAMS 0x0000000093b00000, 0x0000000093b00000| Complete 
| 316|0x0000000093c00000, 0x0000000093d00000, 0x0000000093d00000|100%|HS|  |TAMS 0x0000000093c00000, 0x0000000093c00000| Complete 
| 317|0x0000000093d00000, 0x0000000093e00000, 0x0000000093e00000|100%|HC|  |TAMS 0x0000000093d00000, 0x0000000093d00000| Complete 
| 318|0x0000000093e00000, 0x0000000093f00000, 0x0000000093f00000|100%|HS|  |TAMS 0x0000000093e00000, 0x0000000093e00000| Complete 
| 319|0x0000000093f00000, 0x0000000094000000, 0x0000000094000000|100%|HC|  |TAMS 0x0000000093f00000, 0x0000000093f00000| Complete 
| 320|0x0000000094000000, 0x0000000094100000, 0x0000000094100000|100%|HS|  |TAMS 0x0000000094000000, 0x0000000094000000| Complete 
| 321|0x0000000094100000, 0x0000000094200000, 0x0000000094200000|100%|HC|  |TAMS 0x0000000094100000, 0x0000000094100000| Complete 
| 322|0x0000000094200000, 0x0000000094300000, 0x0000000094300000|100%|HS|  |TAMS 0x0000000094200000, 0x0000000094200000| Complete 
| 323|0x0000000094300000, 0x0000000094400000, 0x0000000094400000|100%|HC|  |TAMS 0x0000000094300000, 0x0000000094300000| Complete 
| 324|0x0000000094400000, 0x0000000094500000, 0x0000000094500000|100%|HS|  |TAMS 0x0000000094400000, 0x0000000094400000| Complete 
| 325|0x0000000094500000, 0x0000000094600000, 0x0000000094600000|100%|HC|  |TAMS 0x0000000094500000, 0x0000000094500000| Complete 
| 326|0x0000000094600000, 0x0000000094700000, 0x0000000094700000|100%|HS|  |TAMS 0x0000000094600000, 0x0000000094600000| Complete 
| 327|0x0000000094700000, 0x0000000094800000, 0x0000000094800000|100%|HC|  |TAMS 0x0000000094700000, 0x0000000094700000| Complete 
| 328|0x0000000094800000, 0x0000000094900000, 0x0000000094900000|100%|HS|  |TAMS 0x0000000094800000, 0x0000000094800000| Complete 
| 329|0x0000000094900000, 0x0000000094a00000, 0x0000000094a00000|100%|HC|  |TAMS 0x0000000094900000, 0x0000000094900000| Complete 
| 330|0x0000000094a00000, 0x0000000094b00000, 0x0000000094b00000|100%|HS|  |TAMS 0x0000000094a00000, 0x0000000094a00000| Complete 
| 331|0x0000000094b00000, 0x0000000094c00000, 0x0000000094c00000|100%|HC|  |TAMS 0x0000000094b00000, 0x0000000094b00000| Complete 
| 332|0x0000000094c00000, 0x0000000094d00000, 0x0000000094d00000|100%|HS|  |TAMS 0x0000000094c00000, 0x0000000094c00000| Complete 
| 333|0x0000000094d00000, 0x0000000094e00000, 0x0000000094e00000|100%|HC|  |TAMS 0x0000000094d00000, 0x0000000094d00000| Complete 
| 334|0x0000000094e00000, 0x0000000094f00000, 0x0000000094f00000|100%|HS|  |TAMS 0x0000000094e00000, 0x0000000094e00000| Complete 
| 335|0x0000000094f00000, 0x0000000095000000, 0x0000000095000000|100%|HC|  |TAMS 0x0000000094f00000, 0x0000000094f00000| Complete 
| 336|0x0000000095000000, 0x0000000095100000, 0x0000000095100000|100%|HS|  |TAMS 0x0000000095000000, 0x0000000095000000| Complete 
| 337|0x0000000095100000, 0x0000000095200000, 0x0000000095200000|100%|HC|  |TAMS 0x0000000095100000, 0x0000000095100000| Complete 
| 338|0x0000000095200000, 0x0000000095300000, 0x0000000095300000|100%|HS|  |TAMS 0x0000000095200000, 0x0000000095200000| Complete 
| 339|0x0000000095300000, 0x0000000095400000, 0x0000000095400000|100%|HC|  |TAMS 0x0000000095300000, 0x0000000095300000| Complete 
| 340|0x0000000095400000, 0x0000000095500000, 0x0000000095500000|100%|HS|  |TAMS 0x0000000095400000, 0x0000000095400000| Complete 
| 341|0x0000000095500000, 0x0000000095600000, 0x0000000095600000|100%|HC|  |TAMS 0x0000000095500000, 0x0000000095500000| Complete 
| 342|0x0000000095600000, 0x0000000095700000, 0x0000000095700000|100%|HS|  |TAMS 0x0000000095600000, 0x0000000095600000| Complete 
| 343|0x0000000095700000, 0x0000000095800000, 0x0000000095800000|100%|HC|  |TAMS 0x0000000095700000, 0x0000000095700000| Complete 
| 344|0x0000000095800000, 0x0000000095900000, 0x0000000095900000|100%|HS|  |TAMS 0x0000000095800000, 0x0000000095800000| Complete 
| 345|0x0000000095900000, 0x0000000095a00000, 0x0000000095a00000|100%|HC|  |TAMS 0x0000000095900000, 0x0000000095900000| Complete 
| 346|0x0000000095a00000, 0x0000000095b00000, 0x0000000095b00000|100%|HS|  |TAMS 0x0000000095a00000, 0x0000000095a00000| Complete 
| 347|0x0000000095b00000, 0x0000000095c00000, 0x0000000095c00000|100%|HC|  |TAMS 0x0000000095b00000, 0x0000000095b00000| Complete 
| 348|0x0000000095c00000, 0x0000000095d00000, 0x0000000095d00000|100%|HS|  |TAMS 0x0000000095c00000, 0x0000000095c00000| Complete 
| 349|0x0000000095d00000, 0x0000000095e00000, 0x0000000095e00000|100%|HC|  |TAMS 0x0000000095d00000, 0x0000000095d00000| Complete 
| 350|0x0000000095e00000, 0x0000000095f00000, 0x0000000095f00000|100%|HS|  |TAMS 0x0000000095e00000, 0x0000000095e00000| Complete 
| 351|0x0000000095f00000, 0x0000000096000000, 0x0000000096000000|100%|HC|  |TAMS 0x0000000095f00000, 0x0000000095f00000| Complete 
| 352|0x0000000096000000, 0x0000000096100000, 0x0000000096100000|100%|HS|  |TAMS 0x0000000096000000, 0x0000000096000000| Complete 
| 353|0x0000000096100000, 0x0000000096200000, 0x0000000096200000|100%|HC|  |TAMS 0x0000000096100000, 0x0000000096100000| Complete 
| 354|0x0000000096200000, 0x0000000096300000, 0x0000000096300000|100%|HS|  |TAMS 0x0000000096200000, 0x0000000096200000| Complete 
| 355|0x0000000096300000, 0x0000000096400000, 0x0000000096400000|100%|HC|  |TAMS 0x0000000096300000, 0x0000000096300000| Complete 
| 356|0x0000000096400000, 0x0000000096500000, 0x0000000096500000|100%|HS|  |TAMS 0x0000000096400000, 0x0000000096400000| Complete 
| 357|0x0000000096500000, 0x0000000096600000, 0x0000000096600000|100%|HC|  |TAMS 0x0000000096500000, 0x0000000096500000| Complete 
| 358|0x0000000096600000, 0x0000000096700000, 0x0000000096700000|100%|HS|  |TAMS 0x0000000096600000, 0x0000000096600000| Complete 
| 359|0x0000000096700000, 0x0000000096800000, 0x0000000096800000|100%|HC|  |TAMS 0x0000000096700000, 0x0000000096700000| Complete 
| 360|0x0000000096800000, 0x0000000096900000, 0x0000000096900000|100%|HS|  |TAMS 0x0000000096800000, 0x0000000096800000| Complete 
| 361|0x0000000096900000, 0x0000000096a00000, 0x0000000096a00000|100%|HC|  |TAMS 0x0000000096900000, 0x0000000096900000| Complete 
| 362|0x0000000096a00000, 0x0000000096b00000, 0x0000000096b00000|100%|HS|  |TAMS 0x0000000096a00000, 0x0000000096a00000| Complete 
| 363|0x0000000096b00000, 0x0000000096c00000, 0x0000000096c00000|100%|HC|  |TAMS 0x0000000096b00000, 0x0000000096b00000| Complete 
| 364|0x0000000096c00000, 0x0000000096d00000, 0x0000000096d00000|100%|HS|  |TAMS 0x0000000096c00000, 0x0000000096c00000| Complete 
| 365|0x0000000096d00000, 0x0000000096e00000, 0x0000000096e00000|100%|HC|  |TAMS 0x0000000096d00000, 0x0000000096d00000| Complete 
| 366|0x0000000096e00000, 0x0000000096f00000, 0x0000000096f00000|100%|HS|  |TAMS 0x0000000096e00000, 0x0000000096e00000| Complete 
| 367|0x0000000096f00000, 0x0000000097000000, 0x0000000097000000|100%|HC|  |TAMS 0x0000000096f00000, 0x0000000096f00000| Complete 
| 368|0x0000000097000000, 0x0000000097100000, 0x0000000097100000|100%|HS|  |TAMS 0x0000000097000000, 0x0000000097000000| Complete 
| 369|0x0000000097100000, 0x0000000097200000, 0x0000000097200000|100%|HC|  |TAMS 0x0000000097100000, 0x0000000097100000| Complete 
| 370|0x0000000097200000, 0x0000000097300000, 0x0000000097300000|100%|HS|  |TAMS 0x0000000097200000, 0x0000000097200000| Complete 
| 371|0x0000000097300000, 0x0000000097400000, 0x0000000097400000|100%|HC|  |TAMS 0x0000000097300000, 0x0000000097300000| Complete 
| 372|0x0000000097400000, 0x0000000097500000, 0x0000000097500000|100%|HS|  |TAMS 0x0000000097400000, 0x0000000097400000| Complete 
| 373|0x0000000097500000, 0x0000000097600000, 0x0000000097600000|100%|HC|  |TAMS 0x0000000097500000, 0x0000000097500000| Complete 
| 374|0x0000000097600000, 0x0000000097700000, 0x0000000097700000|100%|HS|  |TAMS 0x0000000097600000, 0x0000000097600000| Complete 
| 375|0x0000000097700000, 0x0000000097800000, 0x0000000097800000|100%|HC|  |TAMS 0x0000000097700000, 0x0000000097700000| Complete 
| 376|0x0000000097800000, 0x0000000097900000, 0x0000000097900000|100%|HS|  |TAMS 0x0000000097800000, 0x0000000097800000| Complete 
| 377|0x0000000097900000, 0x0000000097a00000, 0x0000000097a00000|100%|HC|  |TAMS 0x0000000097900000, 0x0000000097900000| Complete 
| 378|0x0000000097a00000, 0x0000000097b00000, 0x0000000097b00000|100%|HS|  |TAMS 0x0000000097a00000, 0x0000000097a00000| Complete 
| 379|0x0000000097b00000, 0x0000000097c00000, 0x0000000097c00000|100%|HC|  |TAMS 0x0000000097b00000, 0x0000000097b00000| Complete 
| 380|0x0000000097c00000, 0x0000000097d00000, 0x0000000097d00000|100%|HS|  |TAMS 0x0000000097c00000, 0x0000000097c00000| Complete 
| 381|0x0000000097d00000, 0x0000000097e00000, 0x0000000097e00000|100%|HC|  |TAMS 0x0000000097d00000, 0x0000000097d00000| Complete 
| 382|0x0000000097e00000, 0x0000000097f00000, 0x0000000097f00000|100%|HS|  |TAMS 0x0000000097e00000, 0x0000000097e00000| Complete 
| 383|0x0000000097f00000, 0x0000000098000000, 0x0000000098000000|100%|HC|  |TAMS 0x0000000097f00000, 0x0000000097f00000| Complete 
| 384|0x0000000098000000, 0x0000000098100000, 0x0000000098100000|100%|HS|  |TAMS 0x0000000098000000, 0x0000000098000000| Complete 
| 385|0x0000000098100000, 0x0000000098200000, 0x0000000098200000|100%|HC|  |TAMS 0x0000000098100000, 0x0000000098100000| Complete 
| 386|0x0000000098200000, 0x0000000098300000, 0x0000000098300000|100%|HS|  |TAMS 0x0000000098200000, 0x0000000098200000| Complete 
| 387|0x0000000098300000, 0x0000000098400000, 0x0000000098400000|100%|HC|  |TAMS 0x0000000098300000, 0x0000000098300000| Complete 
| 388|0x0000000098400000, 0x0000000098500000, 0x0000000098500000|100%|HS|  |TAMS 0x0000000098400000, 0x0000000098400000| Complete 
| 389|0x0000000098500000, 0x0000000098600000, 0x0000000098600000|100%|HC|  |TAMS 0x0000000098500000, 0x0000000098500000| Complete 
| 390|0x0000000098600000, 0x0000000098700000, 0x0000000098700000|100%|HS|  |TAMS 0x0000000098600000, 0x0000000098600000| Complete 
| 391|0x0000000098700000, 0x0000000098800000, 0x0000000098800000|100%|HC|  |TAMS 0x0000000098700000, 0x0000000098700000| Complete 
| 392|0x0000000098800000, 0x0000000098900000, 0x0000000098900000|100%|HS|  |TAMS 0x0000000098800000, 0x0000000098800000| Complete 
| 393|0x0000000098900000, 0x0000000098a00000, 0x0000000098a00000|100%|HC|  |TAMS 0x0000000098900000, 0x0000000098900000| Complete 
| 394|0x0000000098a00000, 0x0000000098b00000, 0x0000000098b00000|100%|HS|  |TAMS 0x0000000098a00000, 0x0000000098a00000| Complete 
| 395|0x0000000098b00000, 0x0000000098c00000, 0x0000000098c00000|100%|HC|  |TAMS 0x0000000098b00000, 0x0000000098b00000| Complete 
| 396|0x0000000098c00000, 0x0000000098d00000, 0x0000000098d00000|100%|HS|  |TAMS 0x0000000098c00000, 0x0000000098c00000| Complete 
| 397|0x0000000098d00000, 0x0000000098e00000, 0x0000000098e00000|100%|HC|  |TAMS 0x0000000098d00000, 0x0000000098d00000| Complete 
| 398|0x0000000098e00000, 0x0000000098f00000, 0x0000000098f00000|100%|HS|  |TAMS 0x0000000098e00000, 0x0000000098e00000| Complete 
| 399|0x0000000098f00000, 0x0000000099000000, 0x0000000099000000|100%|HC|  |TAMS 0x0000000098f00000, 0x0000000098f00000| Complete 
| 400|0x0000000099000000, 0x0000000099100000, 0x0000000099100000|100%|HS|  |TAMS 0x0000000099000000, 0x0000000099000000| Complete 
| 401|0x0000000099100000, 0x0000000099200000, 0x0000000099200000|100%|HC|  |TAMS 0x0000000099100000, 0x0000000099100000| Complete 
| 402|0x0000000099200000, 0x0000000099300000, 0x0000000099300000|100%|HS|  |TAMS 0x0000000099200000, 0x0000000099200000| Complete 
| 403|0x0000000099300000, 0x0000000099400000, 0x0000000099400000|100%|HC|  |TAMS 0x0000000099300000, 0x0000000099300000| Complete 
| 404|0x0000000099400000, 0x0000000099500000, 0x0000000099500000|100%|HS|  |TAMS 0x0000000099400000, 0x0000000099400000| Complete 
| 405|0x0000000099500000, 0x0000000099600000, 0x0000000099600000|100%|HC|  |TAMS 0x0000000099500000, 0x0000000099500000| Complete 
| 406|0x0000000099600000, 0x0000000099700000, 0x0000000099700000|100%|HS|  |TAMS 0x0000000099600000, 0x0000000099600000| Complete 
| 407|0x0000000099700000, 0x0000000099800000, 0x0000000099800000|100%|HC|  |TAMS 0x0000000099700000, 0x0000000099700000| Complete 
| 408|0x0000000099800000, 0x0000000099900000, 0x0000000099900000|100%|HS|  |TAMS 0x0000000099800000, 0x0000000099800000| Complete 
| 409|0x0000000099900000, 0x0000000099a00000, 0x0000000099a00000|100%|HC|  |TAMS 0x0000000099900000, 0x0000000099900000| Complete 
| 410|0x0000000099a00000, 0x0000000099b00000, 0x0000000099b00000|100%|HS|  |TAMS 0x0000000099a00000, 0x0000000099a00000| Complete 
| 411|0x0000000099b00000, 0x0000000099c00000, 0x0000000099c00000|100%|HC|  |TAMS 0x0000000099b00000, 0x0000000099b00000| Complete 
| 412|0x0000000099c00000, 0x0000000099d00000, 0x0000000099d00000|100%|HS|  |TAMS 0x0000000099c00000, 0x0000000099c00000| Complete 
| 413|0x0000000099d00000, 0x0000000099e00000, 0x0000000099e00000|100%|HC|  |TAMS 0x0000000099d00000, 0x0000000099d00000| Complete 
|2045|0x00000000ffd00000, 0x00000000ffd0f400, 0x00000000ffe00000|  5%| O|  |TAMS 0x00000000ffd0f400, 0x00000000ffd00000| Updating 
|2046|0x00000000ffe00000, 0x00000000fff00000, 0x00000000fff00000|100%| O|  |TAMS 0x00000000fff00000, 0x00000000ffe00000| Untracked 
|2047|0x00000000fff00000, 0x0000000100000000, 0x0000000100000000|100%| O|  |TAMS 0x0000000100000000, 0x00000000fff00000| Untracked 

Card table byte_map: [0x00000197d35b0000,0x00000197d39b0000] _byte_map_base: 0x00000197d31b0000

Marking Bits (Prev, Next): (CMBitMap*) 0x00000197bbe0da30, (CMBitMap*) 0x00000197bbe0da70
 Prev Bits: [0x00000197d3db0000, 0x00000197d5db0000)
 Next Bits: [0x00000197d5db0000, 0x00000197d7db0000)

Polling page: 0x00000197bb560000

Metaspace:

Usage:
  Non-class:     96.31 MB used.
      Class:     15.50 MB used.
       Both:    111.80 MB used.

Virtual space:
  Non-class space:      128.00 MB reserved,      96.81 MB ( 76%) committed,  2 nodes.
      Class space:        1.00 GB reserved,      16.06 MB (  2%) committed,  1 nodes.
             Both:        1.12 GB reserved,     112.88 MB ( 10%) committed. 

Chunk freelists:
   Non-Class:  14.26 MB
       Class:  15.96 MB
        Both:  30.22 MB

MaxMetaspaceSize: unlimited
CompressedClassSpaceSize: 1.00 GB
Initial GC threshold: 21.00 MB
Current GC threshold: 184.62 MB
CDS: on
MetaspaceReclaimPolicy: balanced
 - commit_granule_bytes: 65536.
 - commit_granule_words: 8192.
 - virtual_space_node_default_size: 8388608.
 - enlarge_chunks_in_place: 1.
 - new_chunks_are_fully_committed: 0.
 - uncommit_free_chunks: 1.
 - use_allocation_guard: 0.
 - handle_deallocations: 1.


Internal statistics:

num_allocs_failed_limit: 15.
num_arena_births: 1966.
num_arena_deaths: 140.
num_vsnodes_births: 3.
num_vsnodes_deaths: 0.
num_space_committed: 1807.
num_space_uncommitted: 2.
num_chunks_returned_to_freelist: 239.
num_chunks_taken_from_freelist: 7554.
num_chunk_merges: 72.
num_chunk_splits: 4550.
num_chunks_enlarged: 2636.
num_inconsistent_stats: 0.

CodeHeap 'non-profiled nmethods': size=119168Kb used=11969Kb max_used=11969Kb free=107198Kb
 bounds [0x00000197cb4d0000, 0x00000197cc090000, 0x00000197d2930000]
CodeHeap 'profiled nmethods': size=119104Kb used=37074Kb max_used=37074Kb free=82029Kb
 bounds [0x00000197c3930000, 0x00000197c5d70000, 0x00000197cad80000]
CodeHeap 'non-nmethods': size=7488Kb used=3439Kb max_used=3488Kb free=4048Kb
 bounds [0x00000197cad80000, 0x00000197cb0f0000, 0x00000197cb4d0000]
 total_blobs=17809 nmethods=16970 adapters=744
 compilation: enabled
              stopped_count=0, restarted_count=0
 full_count=0

Compilation events (20 events):
Event: 28.333 Thread 0x0000019824f98bd0 20359       4       java.security.MessageDigest::digest (49 bytes)
Event: 28.349 Thread 0x0000019824f98bd0 nmethod 20359 0x00000197cc07da90 code [0x00000197cc07dc60, 0x00000197cc07e3d8]
Event: 28.349 Thread 0x0000019824f98bd0 20360   !   4       java.lang.ref.ReferenceQueue::remove (125 bytes)
Event: 28.357 Thread 0x0000019824f98bd0 nmethod 20360 0x00000197cc07ea90 code [0x00000197cc07ec60, 0x00000197cc07f4f0]
Event: 28.362 Thread 0x0000019820171010 20361       1       com.android.apksig.internal.apk.ApkSigningBlockUtils$ChunkDigests::access$1000 (5 bytes)
Event: 28.362 Thread 0x0000019820171010 nmethod 20361 0x00000197cc07f790 code [0x00000197cc07f920, 0x00000197cc07f9d8]
Event: 28.365 Thread 0x0000019820061df0 20362       3       java.security.MessageDigest::update (45 bytes)
Event: 28.366 Thread 0x0000019820061df0 nmethod 20362 0x00000197c5d63990 code [0x00000197c5d63b80, 0x00000197c5d64048]
Event: 28.394 Thread 0x0000019820167c30 20363   !   3       com.android.apksig.internal.util.FileChannelDataSource::size (27 bytes)
Event: 28.394 Thread 0x0000019820167c30 nmethod 20363 0x00000197c5d64210 code [0x00000197c5d643c0, 0x00000197c5d645c8]
Event: 28.415 Thread 0x0000019820167c30 20364       1       com.android.apksig.internal.apk.ApkSigningBlockUtils$ChunkSupplier$Chunk::access$700 (5 bytes)
Event: 28.416 Thread 0x0000019820167c30 nmethod 20364 0x00000197cc07fa90 code [0x00000197cc07fc20, 0x00000197cc07fcd8]
Event: 28.416 Thread 0x0000019820168200 20365       1       com.android.apksig.internal.apk.ApkSigningBlockUtils$ChunkDigests::access$400 (5 bytes)
Event: 28.416 Thread 0x0000019820171010 20366       1       com.android.apksig.internal.apk.ApkSigningBlockUtils$ChunkSupplier$Chunk::access$600 (5 bytes)
Event: 28.417 Thread 0x0000019820168200 nmethod 20365 0x00000197cc07fd90 code [0x00000197cc07ff20, 0x00000197cc07ffd8]
Event: 28.417 Thread 0x0000019820171010 nmethod 20366 0x00000197cc080090 code [0x00000197cc080220, 0x00000197cc0802d8]
Event: 28.417 Thread 0x0000019820061df0 20367       1       com.android.apksig.internal.apk.ApkSigningBlockUtils$ChunkSupplier$Chunk::access$800 (5 bytes)
Event: 28.419 Thread 0x0000019820061df0 nmethod 20367 0x00000197cc080390 code [0x00000197cc080520, 0x00000197cc0805d8]
Event: 28.503 Thread 0x0000019820167c30 20368       3       java.nio.ByteBuffer::rewind (5 bytes)
Event: 28.504 Thread 0x0000019820167c30 nmethod 20368 0x00000197c5d64710 code [0x00000197c5d648c0, 0x00000197c5d64a88]

GC Heap History (20 events):
Event: 23.773 GC heap before
{Heap before GC invocations=37 (full 0):
 garbage-first heap   total 318464K, used 258232K [0x0000000080000000, 0x0000000100000000)
  region size 1024K, 96 young (98304K), 4 survivors (4096K)
 Metaspace       used 93897K, committed 94976K, reserved 1179648K
  class space    used 12636K, committed 13184K, reserved 1048576K
}
Event: 23.775 GC heap after
{Heap after GC invocations=38 (full 0):
 garbage-first heap   total 318464K, used 165874K [0x0000000080000000, 0x0000000100000000)
  region size 1024K, 5 young (5120K), 5 survivors (5120K)
 Metaspace       used 93897K, committed 94976K, reserved 1179648K
  class space    used 12636K, committed 13184K, reserved 1048576K
}
Event: 24.891 GC heap before
{Heap before GC invocations=38 (full 0):
 garbage-first heap   total 318464K, used 236530K [0x0000000080000000, 0x0000000100000000)
  region size 1024K, 76 young (77824K), 5 survivors (5120K)
 Metaspace       used 101600K, committed 102720K, reserved 1179648K
  class space    used 14050K, committed 14656K, reserved 1048576K
}
Event: 24.897 GC heap after
{Heap after GC invocations=39 (full 0):
 garbage-first heap   total 318464K, used 169800K [0x0000000080000000, 0x0000000100000000)
  region size 1024K, 8 young (8192K), 8 survivors (8192K)
 Metaspace       used 101600K, committed 102720K, reserved 1179648K
  class space    used 14050K, committed 14656K, reserved 1048576K
}
Event: 25.665 GC heap before
{Heap before GC invocations=40 (full 0):
 garbage-first heap   total 318464K, used 262984K [0x0000000080000000, 0x0000000100000000)
  region size 1024K, 101 young (103424K), 8 survivors (8192K)
 Metaspace       used 105343K, committed 106432K, reserved 1179648K
  class space    used 14643K, committed 15232K, reserved 1048576K
}
Event: 25.670 GC heap after
{Heap after GC invocations=41 (full 0):
 garbage-first heap   total 318464K, used 167111K [0x0000000080000000, 0x0000000100000000)
  region size 1024K, 5 young (5120K), 5 survivors (5120K)
 Metaspace       used 105343K, committed 106432K, reserved 1179648K
  class space    used 14643K, committed 15232K, reserved 1048576K
}
Event: 25.755 GC heap before
{Heap before GC invocations=41 (full 0):
 garbage-first heap   total 318464K, used 176327K [0x0000000080000000, 0x0000000100000000)
  region size 1024K, 15 young (15360K), 5 survivors (5120K)
 Metaspace       used 105424K, committed 106496K, reserved 1179648K
  class space    used 14645K, committed 15232K, reserved 1048576K
}
Event: 25.762 GC heap after
{Heap after GC invocations=42 (full 0):
 garbage-first heap   total 318464K, used 137587K [0x0000000080000000, 0x0000000100000000)
  region size 1024K, 2 young (2048K), 2 survivors (2048K)
 Metaspace       used 105424K, committed 106496K, reserved 1179648K
  class space    used 14645K, committed 15232K, reserved 1048576K
}
Event: 27.498 GC heap before
{Heap before GC invocations=42 (full 0):
 garbage-first heap   total 318464K, used 263539K [0x0000000080000000, 0x0000000100000000)
  region size 1024K, 126 young (129024K), 2 survivors (2048K)
 Metaspace       used 112090K, committed 113216K, reserved 1179648K
  class space    used 15573K, committed 16128K, reserved 1048576K
}
Event: 27.504 GC heap after
{Heap after GC invocations=43 (full 0):
 garbage-first heap   total 318464K, used 142796K [0x0000000080000000, 0x0000000100000000)
  region size 1024K, 7 young (7168K), 7 survivors (7168K)
 Metaspace       used 112090K, committed 113216K, reserved 1179648K
  class space    used 15573K, committed 16128K, reserved 1048576K
}
Event: 28.336 GC heap before
{Heap before GC invocations=44 (full 0):
 garbage-first heap   total 318464K, used 304588K [0x0000000080000000, 0x0000000100000000)
  region size 1024K, 62 young (63488K), 7 survivors (7168K)
 Metaspace       used 114496K, committed 115584K, reserved 1179648K
  class space    used 15869K, committed 16448K, reserved 1048576K
}
Event: 28.343 GC heap after
{Heap after GC invocations=45 (full 0):
 garbage-first heap   total 321536K, used 208755K [0x0000000080000000, 0x0000000100000000)
  region size 1024K, 14 young (14336K), 14 survivors (14336K)
 Metaspace       used 114496K, committed 115584K, reserved 1179648K
  class space    used 15869K, committed 16448K, reserved 1048576K
}
Event: 28.373 GC heap before
{Heap before GC invocations=45 (full 0):
 garbage-first heap   total 321536K, used 305011K [0x0000000080000000, 0x0000000100000000)
  region size 1024K, 15 young (15360K), 14 survivors (14336K)
 Metaspace       used 114496K, committed 115584K, reserved 1179648K
  class space    used 15869K, committed 16448K, reserved 1048576K
}
Event: 28.380 GC heap after
{Heap after GC invocations=46 (full 0):
 garbage-first heap   total 324608K, used 206537K [0x0000000080000000, 0x0000000100000000)
  region size 1024K, 2 young (2048K), 2 survivors (2048K)
 Metaspace       used 114496K, committed 115584K, reserved 1179648K
  class space    used 15869K, committed 16448K, reserved 1048576K
}
Event: 28.410 GC heap before
{Heap before GC invocations=46 (full 0):
 garbage-first heap   total 324608K, used 299721K [0x0000000080000000, 0x0000000100000000)
  region size 1024K, 10 young (10240K), 2 survivors (2048K)
 Metaspace       used 114496K, committed 115584K, reserved 1179648K
  class space    used 15869K, committed 16448K, reserved 1048576K
}
Event: 28.412 GC heap after
{Heap after GC invocations=47 (full 0):
 garbage-first heap   total 324608K, used 211249K [0x0000000080000000, 0x0000000100000000)
  region size 1024K, 1 young (1024K), 1 survivors (1024K)
 Metaspace       used 114496K, committed 115584K, reserved 1179648K
  class space    used 15869K, committed 16448K, reserved 1048576K
}
Event: 28.413 GC heap before
{Heap before GC invocations=47 (full 0):
 garbage-first heap   total 324608K, used 214321K [0x0000000080000000, 0x0000000100000000)
  region size 1024K, 3 young (3072K), 1 survivors (1024K)
 Metaspace       used 114496K, committed 115584K, reserved 1179648K
  class space    used 15869K, committed 16448K, reserved 1048576K
}
Event: 28.415 GC heap after
{Heap after GC invocations=48 (full 0):
 garbage-first heap   total 324608K, used 206990K [0x0000000080000000, 0x0000000100000000)
  region size 1024K, 1 young (1024K), 1 survivors (1024K)
 Metaspace       used 114496K, committed 115584K, reserved 1179648K
  class space    used 15869K, committed 16448K, reserved 1048576K
}
Event: 28.417 GC heap before
{Heap before GC invocations=48 (full 0):
 garbage-first heap   total 324608K, used 216206K [0x0000000080000000, 0x0000000100000000)
  region size 1024K, 4 young (4096K), 1 survivors (1024K)
 Metaspace       used 114496K, committed 115584K, reserved 1179648K
  class space    used 15869K, committed 16448K, reserved 1048576K
}
Event: 28.419 GC heap after
{Heap after GC invocations=49 (full 0):
 garbage-first heap   total 324608K, used 206929K [0x0000000080000000, 0x0000000100000000)
  region size 1024K, 1 young (1024K), 1 survivors (1024K)
 Metaspace       used 114496K, committed 115584K, reserved 1179648K
  class space    used 15869K, committed 16448K, reserved 1048576K
}

Dll operation events (15 events):
Event: 0.008 Loaded shared library C:\Program Files\Eclipse Adoptium\jdk-17.0.19.10-hotspot\bin\java.dll
Event: 0.025 Loaded shared library C:\Program Files\Eclipse Adoptium\jdk-17.0.19.10-hotspot\bin\jsvml.dll
Event: 0.058 Loaded shared library C:\Program Files\Eclipse Adoptium\jdk-17.0.19.10-hotspot\bin\zip.dll
Event: 0.060 Loaded shared library C:\Program Files\Eclipse Adoptium\jdk-17.0.19.10-hotspot\bin\instrument.dll
Event: 0.064 Loaded shared library C:\Program Files\Eclipse Adoptium\jdk-17.0.19.10-hotspot\bin\net.dll
Event: 0.065 Loaded shared library C:\Program Files\Eclipse Adoptium\jdk-17.0.19.10-hotspot\bin\nio.dll
Event: 0.067 Loaded shared library C:\Program Files\Eclipse Adoptium\jdk-17.0.19.10-hotspot\bin\zip.dll
Event: 0.281 Loaded shared library C:\Program Files\Eclipse Adoptium\jdk-17.0.19.10-hotspot\bin\jimage.dll
Event: 0.476 Loaded shared library C:\Program Files\Eclipse Adoptium\jdk-17.0.19.10-hotspot\bin\verify.dll
Event: 0.630 Loaded shared library C:\Users\JoyRaptor\.gradle\native\1def1411415f61bf3af743bc5b6707747c0891f09f0c88961ee8f79bc544acac\windows-amd64\native-platform.dll
Event: 0.657 Loaded shared library C:\Users\JoyRaptor\.gradle\native\0.2.7\x86_64-windows-gnu\gradle-fileevents.dll
Event: 1.617 Loaded shared library C:\Program Files\Eclipse Adoptium\jdk-17.0.19.10-hotspot\bin\management.dll
Event: 1.619 Loaded shared library C:\Program Files\Eclipse Adoptium\jdk-17.0.19.10-hotspot\bin\management_ext.dll
Event: 1.750 Loaded shared library C:\Program Files\Eclipse Adoptium\jdk-17.0.19.10-hotspot\bin\extnet.dll
Event: 1.891 Loaded shared library C:\Program Files\Eclipse Adoptium\jdk-17.0.19.10-hotspot\bin\sunmscapi.dll

Deoptimization events (20 events):
Event: 27.922 Thread 0x00000198282ba150 DEOPT PACKING pc=0x00000197c4b1b277 sp=0x00000002838fd530
Event: 27.922 Thread 0x00000198282ba150 DEOPT UNPACKING pc=0x00000197cadd7143 sp=0x00000002838fc9b0 mode 0
Event: 27.922 Thread 0x00000198282ba150 DEOPT PACKING pc=0x00000197c486cb9c sp=0x00000002838fd500
Event: 27.922 Thread 0x00000198282ba150 DEOPT UNPACKING pc=0x00000197cadd7143 sp=0x00000002838fc980 mode 0
Event: 27.938 Thread 0x00000198282ba150 DEOPT PACKING pc=0x00000197c4b16e40 sp=0x00000002838fd760
Event: 27.938 Thread 0x00000198282ba150 DEOPT UNPACKING pc=0x00000197cadd7143 sp=0x00000002838fcc10 mode 0
Event: 27.939 Thread 0x00000198282bc9d0 DEOPT PACKING pc=0x00000197c4b16e40 sp=0x00000002832fdce0
Event: 27.939 Thread 0x00000198282bc9d0 DEOPT UNPACKING pc=0x00000197cadd7143 sp=0x00000002832fd190 mode 0
Event: 28.000 Thread 0x00000198282ba150 DEOPT PACKING pc=0x00000197c3acf591 sp=0x00000002838fdc60
Event: 28.000 Thread 0x00000198282ba150 DEOPT UNPACKING pc=0x00000197cadd7143 sp=0x00000002838fd150 mode 0
Event: 28.000 Thread 0x00000198282bc9d0 DEOPT PACKING pc=0x00000197c3acf591 sp=0x00000002832fde70
Event: 28.000 Thread 0x00000198282bc9d0 DEOPT UNPACKING pc=0x00000197cadd7143 sp=0x00000002832fd360 mode 0
Event: 28.000 Thread 0x00000198282bc9d0 Uncommon trap: trap_request=0xffffff45 fr.pc=0x00000197cb573e04 relative=0x0000000000000a44
Event: 28.000 Thread 0x00000198282bc9d0 Uncommon trap: reason=unstable_if action=reinterpret pc=0x00000197cb573e04 method=java.util.Properties$LineReader.readLine()I @ 117 c2
Event: 28.000 Thread 0x00000198282bc9d0 DEOPT PACKING pc=0x00000197cb573e04 sp=0x00000002832fdeb0
Event: 28.000 Thread 0x00000198282bc9d0 DEOPT UNPACKING pc=0x00000197cadd69a3 sp=0x00000002832fde68 mode 2
Event: 28.317 Thread 0x00000198253ce040 Uncommon trap: trap_request=0xffffff45 fr.pc=0x00000197cb6a43e0 relative=0x00000000000007a0
Event: 28.317 Thread 0x00000198253ce040 Uncommon trap: reason=unstable_if action=reinterpret pc=0x00000197cb6a43e0 method=sun.security.provider.SHA2.implReset()V @ 8 c2
Event: 28.317 Thread 0x00000198253ce040 DEOPT PACKING pc=0x00000197cb6a43e0 sp=0x0000000283bfec60
Event: 28.317 Thread 0x00000198253ce040 DEOPT UNPACKING pc=0x00000197cadd69a3 sp=0x0000000283bfeaa8 mode 2

Classes loaded (20 events):
Event: 28.192 Loading class java/security/cert/CertificateEncodingException
Event: 28.193 Loading class java/security/cert/CertificateEncodingException done
Event: 28.208 Loading class java/util/concurrent/ForkJoinTask$AdaptedCallable
Event: 28.208 Loading class java/util/concurrent/ForkJoinTask$AdaptedCallable done
Event: 28.215 Loading class java/util/zip/Deflater
Event: 28.215 Loading class java/util/zip/Deflater done
Event: 28.216 Loading class java/util/zip/Deflater$DeflaterZStreamRef
Event: 28.216 Loading class java/util/zip/Deflater$DeflaterZStreamRef done
Event: 28.288 Loading class java/nio/BufferOverflowException
Event: 28.288 Loading class java/nio/BufferOverflowException done
Event: 28.292 Loading class java/security/DigestException
Event: 28.292 Loading class java/security/DigestException done
Event: 28.294 Loading class java/security/InvalidAlgorithmParameterException
Event: 28.294 Loading class java/security/InvalidAlgorithmParameterException done
Event: 28.297 Loading class java/security/spec/InvalidKeySpecException
Event: 28.297 Loading class java/security/spec/InvalidKeySpecException done
Event: 28.306 Loading class java/security/spec/MGF1ParameterSpec
Event: 28.306 Loading class java/security/spec/MGF1ParameterSpec done
Event: 28.311 Loading class java/util/concurrent/ForkJoinTask$AdaptedRunnableAction
Event: 28.311 Loading class java/util/concurrent/ForkJoinTask$AdaptedRunnableAction done

Classes unloaded (20 events):
Event: 27.569 Thread 0x00000197dae47740 Unloading class 0x00000197dcd12000 'java/lang/invoke/LambdaForm$DMH+0x00000197dcd12000'
Event: 27.569 Thread 0x00000197dae47740 Unloading class 0x00000197dcd12400 'java/lang/invoke/LambdaForm$DMH+0x00000197dcd12400'
Event: 27.569 Thread 0x00000197dae47740 Unloading class 0x00000197dcd11c00 'java/lang/invoke/LambdaForm$DMH+0x00000197dcd11c00'
Event: 27.569 Thread 0x00000197dae47740 Unloading class 0x00000197dcd10000 'java/lang/invoke/LambdaForm$DMH+0x00000197dcd10000'
Event: 27.569 Thread 0x00000197dae47740 Unloading class 0x00000197dcd11000 'java/lang/invoke/LambdaForm$DMH+0x00000197dcd11000'
Event: 27.569 Thread 0x00000197dae47740 Unloading class 0x00000197dcd10c00 'java/lang/invoke/LambdaForm$DMH+0x00000197dcd10c00'
Event: 27.569 Thread 0x00000197dae47740 Unloading class 0x00000197dcd10800 'java/lang/invoke/LambdaForm$DMH+0x00000197dcd10800'
Event: 27.569 Thread 0x00000197dae47740 Unloading class 0x00000197dcbe3800 'jdk/internal/reflect/GeneratedSerializationConstructorAccessor368'
Event: 27.569 Thread 0x00000197dae47740 Unloading class 0x00000197dcbe3000 'jdk/internal/reflect/GeneratedSerializationConstructorAccessor369'
Event: 27.569 Thread 0x00000197dae47740 Unloading class 0x00000197dcbe2c00 'jdk/internal/reflect/GeneratedSerializationConstructorAccessor367'
Event: 27.569 Thread 0x00000197dae47740 Unloading class 0x00000197dcbe2800 'jdk/internal/reflect/GeneratedSerializationConstructorAccessor366'
Event: 27.569 Thread 0x00000197dae47740 Unloading class 0x00000197dcbe2000 'jdk/internal/reflect/GeneratedSerializationConstructorAccessor364'
Event: 27.569 Thread 0x00000197dae47740 Unloading class 0x00000197dcbe1c00 'jdk/internal/reflect/GeneratedSerializationConstructorAccessor363'
Event: 27.569 Thread 0x00000197dae47740 Unloading class 0x00000197dcbe1800 'jdk/internal/reflect/GeneratedSerializationConstructorAccessor362'
Event: 28.511 Thread 0x00000197dae47740 Unloading class 0x00000197dce78800 'java/lang/invoke/LambdaForm$DMH+0x00000197dce78800'
Event: 28.511 Thread 0x00000197dae47740 Unloading class 0x00000197dce78400 'java/lang/invoke/LambdaForm$DMH+0x00000197dce78400'
Event: 28.511 Thread 0x00000197dae47740 Unloading class 0x00000197dce74c00 'java/lang/invoke/LambdaForm$DMH+0x00000197dce74c00'
Event: 28.511 Thread 0x00000197dae47740 Unloading class 0x00000197dce75400 'java/lang/invoke/LambdaForm$DMH+0x00000197dce75400'
Event: 28.511 Thread 0x00000197dae47740 Unloading class 0x00000197dce74400 'java/lang/invoke/LambdaForm$DMH+0x00000197dce74400'
Event: 28.511 Thread 0x00000197dae47740 Unloading class 0x00000197dce74800 'java/lang/invoke/LambdaForm$DMH+0x00000197dce74800'

Classes redefined (0 events):
No events

Internal exceptions (20 events):
Event: 25.995 Thread 0x00000198282b5a70 Implicit null exception at 0x00000197cbbd874f to 0x00000197cbbd885c
Event: 26.058 Thread 0x00000198282b5a70 Exception <a 'java/lang/IncompatibleClassChangeError'{0x00000000925f0480}: Found class java.lang.Object, but interface was expected> (0x00000000925f0480) 
thrown [s\src\hotspot\share\interpreter\linkResolver.cpp, line 826]
Event: 26.076 Thread 0x00000198282b5a70 Exception <a 'sun/nio/fs/WindowsException'{0x00000000924c9430}> (0x00000000924c9430) 
thrown [s\src\hotspot\share\prims\jni.cpp, line 516]
Event: 26.079 Thread 0x00000198282b5a70 Exception <a 'sun/nio/fs/WindowsException'{0x00000000924cfb88}> (0x00000000924cfb88) 
thrown [s\src\hotspot\share\prims\jni.cpp, line 516]
Event: 26.081 Thread 0x00000198282b5a70 Exception <a 'sun/nio/fs/WindowsException'{0x00000000924d5790}> (0x00000000924d5790) 
thrown [s\src\hotspot\share\prims\jni.cpp, line 516]
Event: 26.301 Thread 0x00000198262c2af0 Exception <a 'java/lang/NoSuchMethodError'{0x000000009094d3e8}: static Lkotlin/InitializedLazyImpl;.<clinit>()V> (0x000000009094d3e8) 
thrown [s\src\hotspot\share\prims\jni.cpp, line 1112]
Event: 26.387 Thread 0x00000198282b9730 Exception <a 'sun/nio/fs/WindowsException'{0x000000008f838d20}> (0x000000008f838d20) 
thrown [s\src\hotspot\share\prims\jni.cpp, line 516]
Event: 26.576 Thread 0x00000198282b5f80 Exception <a 'java/lang/NoSuchMethodError'{0x000000008effe8e8}: 'long java.lang.invoke.DirectMethodHandle$Holder.invokeStatic(java.lang.Object, java.lang.Object, java.lang.Object)'> (0x000000008effe8e8) 
thrown [s\src\hotspot\share\interpreter\linkResolver.cpp, line 759]
Event: 26.697 Thread 0x00000198282b5f80 Exception <a 'sun/nio/fs/WindowsException'{0x000000008e9983e0}> (0x000000008e9983e0) 
thrown [s\src\hotspot\share\prims\jni.cpp, line 516]
Event: 27.485 Thread 0x00000198262c2af0 Exception <a 'java/lang/NoSuchMethodError'{0x000000008baf1000}: static [Ljava/lang/Object;.<clinit>()V> (0x000000008baf1000) 
thrown [s\src\hotspot\share\prims\jni.cpp, line 1112]
Event: 27.488 Thread 0x00000198262c2af0 Exception <a 'java/lang/NoSuchMethodError'{0x000000008b91f270}: static Lcom/android/build/api/variant/impl/SerializableApplicationMultiOutputHandler;.<clinit>()V> (0x000000008b91f270) 
thrown [s\src\hotspot\share\prims\jni.cpp, line 1112]
Event: 27.488 Thread 0x00000198262c2af0 Exception <a 'java/lang/NoSuchMethodError'{0x000000008b936128}: static Lcom/android/build/api/variant/impl/VariantOutputImpl$SerializedForm;.<clinit>()V> (0x000000008b936128) 
thrown [s\src\hotspot\share\prims\jni.cpp, line 1112]
Event: 27.489 Thread 0x00000198262c2af0 Exception <a 'java/lang/NoSuchMethodError'{0x000000008b94afa8}: static Lcom/android/build/api/variant/impl/VariantOutputConfigurationImpl;.<clinit>()V> (0x000000008b94afa8) 
thrown [s\src\hotspot\share\prims\jni.cpp, line 1112]
Event: 27.492 Thread 0x00000198262c2af0 Exception <a 'java/lang/NoSuchMethodError'{0x000000008b980ba0}: static Lcom/android/build/api/variant/impl/FilterConfigurationImpl;.<clinit>()V> (0x000000008b980ba0) 
thrown [s\src\hotspot\share\prims\jni.cpp, line 1112]
Event: 27.871 Thread 0x00000198282bc9d0 Implicit null exception at 0x00000197cbfd6029 to 0x00000197cbfd664c
Event: 27.871 Thread 0x00000198282ba150 Implicit null exception at 0x00000197cbfd6029 to 0x00000197cbfd664c
Event: 27.872 Thread 0x00000198282bc9d0 Implicit null exception at 0x00000197cb699c10 to 0x00000197cb699d74
Event: 27.872 Thread 0x00000198282ba150 Implicit null exception at 0x00000197cb699c10 to 0x00000197cb699d74
Event: 27.873 Thread 0x00000198282bc9d0 Implicit null exception at 0x00000197cb6b8e97 to 0x00000197cb6c0304
Event: 28.317 Thread 0x00000198253ce040 Implicit null exception at 0x00000197cb6a3d21 to 0x00000197cb6a43a8

VM Operations (20 events):
Event: 27.632 Executing VM operation: HandshakeAllThreads done
Event: 27.636 Executing VM operation: G1PauseCleanup
Event: 27.641 Executing VM operation: G1PauseCleanup done
Event: 27.705 Executing VM operation: HandshakeAllThreads
Event: 27.705 Executing VM operation: HandshakeAllThreads done
Event: 27.708 Executing VM operation: HandshakeAllThreads
Event: 27.708 Executing VM operation: HandshakeAllThreads done
Event: 28.336 Executing VM operation: G1CollectForAllocation
Event: 28.343 Executing VM operation: G1CollectForAllocation done
Event: 28.373 Executing VM operation: G1CollectForAllocation
Event: 28.381 Executing VM operation: G1CollectForAllocation done
Event: 28.410 Executing VM operation: G1TryInitiateConcMark
Event: 28.412 Executing VM operation: G1TryInitiateConcMark done
Event: 28.413 Executing VM operation: G1TryInitiateConcMark
Event: 28.415 Executing VM operation: G1TryInitiateConcMark done
Event: 28.415 Executing VM operation: G1TryInitiateConcMark
Event: 28.416 Executing VM operation: G1TryInitiateConcMark done
Event: 28.417 Executing VM operation: G1TryInitiateConcMark
Event: 28.419 Executing VM operation: G1TryInitiateConcMark done
Event: 28.510 Executing VM operation: G1PauseRemark

Memory protections (0 events):
No events

Nmethod flushes (20 events):
Event: 27.646 Thread 0x0000019820062f90 flushing  nmethod 0x00000197c4d5c410
Event: 27.646 Thread 0x0000019820062f90 flushing  nmethod 0x00000197c4d5ca10
Event: 27.646 Thread 0x0000019820062f90 flushing  nmethod 0x00000197c4d5d310
Event: 27.646 Thread 0x0000019820062f90 flushing  nmethod 0x00000197c4d5eb10
Event: 27.646 Thread 0x0000019820062f90 flushing  nmethod 0x00000197c4d5f210
Event: 27.646 Thread 0x0000019820062f90 flushing  nmethod 0x00000197c4d5f710
Event: 27.646 Thread 0x0000019820062f90 flushing  nmethod 0x00000197c4d5ff10
Event: 27.646 Thread 0x0000019820062f90 flushing  nmethod 0x00000197c4d60310
Event: 27.646 Thread 0x0000019820062f90 flushing  nmethod 0x00000197c4d60790
Event: 27.646 Thread 0x0000019820062f90 flushing  nmethod 0x00000197c4d60e90
Event: 27.646 Thread 0x0000019820062f90 flushing  nmethod 0x00000197c4d61510
Event: 27.646 Thread 0x0000019820062f90 flushing  nmethod 0x00000197c4d61a10
Event: 27.646 Thread 0x0000019820062f90 flushing  nmethod 0x00000197c4d61d90
Event: 27.646 Thread 0x0000019820062f90 flushing  nmethod 0x00000197c4d6d410
Event: 27.646 Thread 0x0000019820062f90 flushing  nmethod 0x00000197c4d6da10
Event: 27.646 Thread 0x0000019820062f90 flushing  nmethod 0x00000197c4dd5c10
Event: 27.646 Thread 0x0000019820062f90 flushing  nmethod 0x00000197c4dd6210
Event: 27.646 Thread 0x0000019820062f90 flushing  nmethod 0x00000197c4dd6710
Event: 27.647 Thread 0x0000019820062f90 flushing  nmethod 0x00000197c4f51e10
Event: 27.647 Thread 0x0000019820062f90 flushing  nmethod 0x00000197c4f52e10

Events (20 events):
Event: 25.351 Thread 0x0000019820168200 Thread added: 0x0000019825019af0
Event: 26.952 Thread 0x0000019825019af0 Thread exited: 0x0000019825019af0
Event: 27.099 Thread 0x0000019825964d10 Thread exited: 0x0000019825964d10
Event: 27.495 Thread 0x0000019820061df0 Thread added: 0x0000019824f98bd0
Event: 28.209 Thread 0x00000198282bc9d0 Thread added: 0x00000198297daf50
Event: 28.209 Thread 0x00000198282bab70 Thread added: 0x00000198286c9300
Event: 28.209 Thread 0x00000198282ba150 Thread added: 0x00000198253ce040
Event: 28.312 Thread 0x00000198282bab70 Thread added: 0x00000198253ce550
Event: 28.312 Thread 0x00000198282bc9d0 Thread added: 0x0000019828472180
Event: 28.312 Thread 0x00000198282ba150 Thread added: 0x00000198297d4e20
Event: 28.314 Thread 0x00000198297d4e20 Thread added: 0x0000019829d0d050
Event: 28.314 Thread 0x00000198253ce550 Thread added: 0x00000198286c9d20
Event: 28.314 Thread 0x0000019828472180 Thread added: 0x0000019828f00770
Event: 28.315 Thread 0x0000019829d0d050 Thread added: 0x0000019828472690
Event: 28.315 Thread 0x0000019828f00770 Thread added: 0x00000198253cea60
Event: 28.315 Thread 0x00000198286c9d20 Thread added: 0x00000198297d5330
Event: 28.316 Thread 0x00000198253cea60 Thread added: 0x00000198297db460
Event: 28.316 Thread 0x0000019828472690 Thread added: 0x0000019828f00260
Event: 28.316 Thread 0x00000198297d5330 Thread added: 0x0000019823b07830
Event: 28.503 Thread 0x0000019824f98bd0 Thread exited: 0x0000019824f98bd0


Dynamic libraries:
0x00007ff61baf0000 - 0x00007ff61bafe000 	C:\Program Files\Eclipse Adoptium\jdk-17.0.19.10-hotspot\bin\java.exe
0x00007ffb04050000 - 0x00007ffb04267000 	C:\WINDOWS\SYSTEM32\ntdll.dll
0x00007ffb02650000 - 0x00007ffb02714000 	C:\WINDOWS\System32\KERNEL32.DLL
0x00007ffb01360000 - 0x00007ffb01717000 	C:\WINDOWS\System32\KERNELBASE.dll
0x00007ffb01870000 - 0x00007ffb01981000 	C:\WINDOWS\System32\ucrtbase.dll
0x00007ffacf920000 - 0x00007ffacf93e000 	C:\Program Files\Eclipse Adoptium\jdk-17.0.19.10-hotspot\bin\VCRUNTIME140.dll
0x00007ffacd870000 - 0x00007ffacd888000 	C:\Program Files\Eclipse Adoptium\jdk-17.0.19.10-hotspot\bin\jli.dll
0x00007ffb03d90000 - 0x00007ffb03f3f000 	C:\WINDOWS\System32\USER32.dll
0x00007ffae1d20000 - 0x00007ffae1fb3000 	C:\WINDOWS\WinSxS\amd64_microsoft.windows.common-controls_6595b64144ccf1df_6.0.22621.3672_none_2713b9d173822955\COMCTL32.dll
0x00007ffb01720000 - 0x00007ffb01746000 	C:\WINDOWS\System32\win32u.dll
0x00007ffb03f40000 - 0x00007ffb03fe7000 	C:\WINDOWS\System32\msvcrt.dll
0x00007ffb02390000 - 0x00007ffb023b9000 	C:\WINDOWS\System32\GDI32.dll
0x00007ffb01b00000 - 0x00007ffb01c18000 	C:\WINDOWS\System32\gdi32full.dll
0x00007ffb01ce0000 - 0x00007ffb01d7a000 	C:\WINDOWS\System32\msvcp_win.dll
0x00007ffb03cd0000 - 0x00007ffb03d01000 	C:\WINDOWS\System32\IMM32.DLL
0x00007ffae2b70000 - 0x00007ffae2b7c000 	C:\Program Files\Eclipse Adoptium\jdk-17.0.19.10-hotspot\bin\vcruntime140_1.dll
0x00007ffab1d80000 - 0x00007ffab1e0d000 	C:\Program Files\Eclipse Adoptium\jdk-17.0.19.10-hotspot\bin\msvcp140.dll
0x00007ffa17fb0000 - 0x00007ffa18c1c000 	C:\Program Files\Eclipse Adoptium\jdk-17.0.19.10-hotspot\bin\server\jvm.dll
0x00007ffb03140000 - 0x00007ffb031f2000 	C:\WINDOWS\System32\ADVAPI32.dll
0x00007ffb03200000 - 0x00007ffb032a8000 	C:\WINDOWS\System32\sechost.dll
0x00007ffb017d0000 - 0x00007ffb017f8000 	C:\WINDOWS\System32\bcrypt.dll
0x00007ffb023c0000 - 0x00007ffb024d4000 	C:\WINDOWS\System32\RPCRT4.dll
0x00007ffb02720000 - 0x00007ffb02791000 	C:\WINDOWS\System32\WS2_32.dll
0x00007ffb00210000 - 0x00007ffb0025d000 	C:\WINDOWS\SYSTEM32\POWRPROF.dll
0x00007ffaf3700000 - 0x00007ffaf370a000 	C:\WINDOWS\SYSTEM32\VERSION.dll
0x00007ffafac90000 - 0x00007ffafacc4000 	C:\WINDOWS\SYSTEM32\WINMM.dll
0x00007ffb001f0000 - 0x00007ffb00203000 	C:\WINDOWS\SYSTEM32\UMPDC.dll
0x00007ffb004a0000 - 0x00007ffb004b8000 	C:\WINDOWS\SYSTEM32\kernel.appcore.dll
0x00007ffae2890000 - 0x00007ffae289a000 	C:\Program Files\Eclipse Adoptium\jdk-17.0.19.10-hotspot\bin\jimage.dll
0x00007ffafe280000 - 0x00007ffafe4b2000 	C:\WINDOWS\SYSTEM32\DBGHELP.DLL
0x00007ffb01f80000 - 0x00007ffb0230e000 	C:\WINDOWS\System32\combase.dll
0x00007ffb01ea0000 - 0x00007ffb01f77000 	C:\WINDOWS\System32\OLEAUT32.dll
0x00007ffaec7b0000 - 0x00007ffaec7e2000 	C:\WINDOWS\SYSTEM32\dbgcore.DLL
0x00007ffb01750000 - 0x00007ffb017cb000 	C:\WINDOWS\System32\bcryptPrimitives.dll
0x00007ffaddd00000 - 0x00007ffaddd0e000 	C:\Program Files\Eclipse Adoptium\jdk-17.0.19.10-hotspot\bin\instrument.dll
0x00007ffac0d10000 - 0x00007ffac0d35000 	C:\Program Files\Eclipse Adoptium\jdk-17.0.19.10-hotspot\bin\java.dll
0x00007ffaa9b90000 - 0x00007ffaa9c67000 	C:\Program Files\Eclipse Adoptium\jdk-17.0.19.10-hotspot\bin\jsvml.dll
0x00007ffb03460000 - 0x00007ffb03cc9000 	C:\WINDOWS\System32\SHELL32.dll
0x00007ffaff2d0000 - 0x00007ffaffbcf000 	C:\WINDOWS\SYSTEM32\windows.storage.dll
0x00007ffaff190000 - 0x00007ffaff2cf000 	C:\WINDOWS\SYSTEM32\wintypes.dll
0x00007ffb02550000 - 0x00007ffb02649000 	C:\WINDOWS\System32\SHCORE.dll
0x00007ffb02330000 - 0x00007ffb0238e000 	C:\WINDOWS\System32\shlwapi.dll
0x00007ffb01290000 - 0x00007ffb012b7000 	C:\WINDOWS\SYSTEM32\profapi.dll
0x00007ffac8ac0000 - 0x00007ffac8ad8000 	C:\Program Files\Eclipse Adoptium\jdk-17.0.19.10-hotspot\bin\zip.dll
0x00007ffacd5e0000 - 0x00007ffacd5fa000 	C:\Program Files\Eclipse Adoptium\jdk-17.0.19.10-hotspot\bin\net.dll
0x00007ffafcff0000 - 0x00007ffafd126000 	C:\WINDOWS\SYSTEM32\WINHTTP.dll
0x00007ffb00910000 - 0x00007ffb00979000 	C:\WINDOWS\system32\mswsock.dll
0x00007ffacc8c0000 - 0x00007ffacc8d6000 	C:\Program Files\Eclipse Adoptium\jdk-17.0.19.10-hotspot\bin\nio.dll
0x00007ffae25a0000 - 0x00007ffae25b0000 	C:\Program Files\Eclipse Adoptium\jdk-17.0.19.10-hotspot\bin\verify.dll
0x00007ffabdec0000 - 0x00007ffabdee7000 	C:\Users\JoyRaptor\.gradle\native\1def1411415f61bf3af743bc5b6707747c0891f09f0c88961ee8f79bc544acac\windows-amd64\native-platform.dll
0x00007ffaaf490000 - 0x00007ffaaf508000 	C:\Users\JoyRaptor\.gradle\native\0.2.7\x86_64-windows-gnu\gradle-fileevents.dll
0x00007ffadfb50000 - 0x00007ffadfb5a000 	C:\Program Files\Eclipse Adoptium\jdk-17.0.19.10-hotspot\bin\management.dll
0x00007ffade4b0000 - 0x00007ffade4bc000 	C:\Program Files\Eclipse Adoptium\jdk-17.0.19.10-hotspot\bin\management_ext.dll
0x00007ffb01d90000 - 0x00007ffb01d98000 	C:\WINDOWS\System32\PSAPI.DLL
0x00007ffafff30000 - 0x00007ffafff5d000 	C:\WINDOWS\SYSTEM32\IPHLPAPI.DLL
0x00007ffb02a10000 - 0x00007ffb02a19000 	C:\WINDOWS\System32\NSI.dll
0x00007ffafcaa0000 - 0x00007ffafcab9000 	C:\WINDOWS\SYSTEM32\dhcpcsvc6.DLL
0x00007ffafca80000 - 0x00007ffafca9f000 	C:\WINDOWS\SYSTEM32\dhcpcsvc.DLL
0x00007ffafff60000 - 0x00007ffb00062000 	C:\WINDOWS\SYSTEM32\DNSAPI.dll
0x00007ffade420000 - 0x00007ffade429000 	C:\Program Files\Eclipse Adoptium\jdk-17.0.19.10-hotspot\bin\extnet.dll
0x00007ffb00b70000 - 0x00007ffb00b8b000 	C:\WINDOWS\SYSTEM32\CRYPTSP.dll
0x00007ffb00400000 - 0x00007ffb00435000 	C:\WINDOWS\system32\rsaenh.dll
0x00007ffb00a00000 - 0x00007ffb00a28000 	C:\WINDOWS\SYSTEM32\USERENV.dll
0x00007ffb00b60000 - 0x00007ffb00b6c000 	C:\WINDOWS\SYSTEM32\CRYPTBASE.dll
0x00007ffaddc50000 - 0x00007ffaddc5e000 	C:\Program Files\Eclipse Adoptium\jdk-17.0.19.10-hotspot\bin\sunmscapi.dll
0x00007ffb01990000 - 0x00007ffb01af6000 	C:\WINDOWS\System32\CRYPT32.dll
0x00007ffb00d20000 - 0x00007ffb00d4d000 	C:\WINDOWS\SYSTEM32\ncrypt.dll
0x00007ffb00ce0000 - 0x00007ffb00d17000 	C:\WINDOWS\SYSTEM32\NTASN1.dll
0x00007ffacfd80000 - 0x00007ffacfd88000 	C:\WINDOWS\system32\wshunix.dll

dbghelp: loaded successfully - version: 4.0.5 - missing functions: none
symbol engine: initialized successfully - sym options: 0x614 - pdb path: .;C:\Program Files\Eclipse Adoptium\jdk-17.0.19.10-hotspot\bin;C:\WINDOWS\SYSTEM32;C:\WINDOWS\WinSxS\amd64_microsoft.windows.common-controls_6595b64144ccf1df_6.0.22621.3672_none_2713b9d173822955;C:\Program Files\Eclipse Adoptium\jdk-17.0.19.10-hotspot\bin\server;C:\Users\JoyRaptor\.gradle\native\1def1411415f61bf3af743bc5b6707747c0891f09f0c88961ee8f79bc544acac\windows-amd64;C:\Users\JoyRaptor\.gradle\native\0.2.7\x86_64-windows-gnu

VM Arguments:
jvm_args: --add-opens=java.base/java.lang=ALL-UNNAMED --add-opens=java.base/java.lang.invoke=ALL-UNNAMED --add-opens=java.base/java.util=ALL-UNNAMED --add-opens=java.prefs/java.util.prefs=ALL-UNNAMED --add-exports=jdk.compiler/com.sun.tools.javac.api=ALL-UNNAMED --add-exports=jdk.compiler/com.sun.tools.javac.util=ALL-UNNAMED --add-opens=java.base/java.util=ALL-UNNAMED --add-opens=java.prefs/java.util.prefs=ALL-UNNAMED --add-opens=java.base/java.nio.charset=ALL-UNNAMED --add-opens=java.base/java.net=ALL-UNNAMED --add-opens=java.base/java.util.concurrent.atomic=ALL-UNNAMED --add-opens=java.xml/javax.xml.namespace=ALL-UNNAMED -Xmx2048m -Dfile.encoding=UTF-8 -Djava.io.tmpdir=C:/Temp -Duser.country=US -Duser.language=en -Duser.variant -javaagent:C:\Users\JoyRaptor\.gradle\wrapper\dists\gradle-8.13-bin\5xuhj0ry160q40clulazy9h7d\gradle-8.13\lib\agents\gradle-instrumentation-agent-8.13.jar 
java_command: org.gradle.launcher.daemon.bootstrap.GradleDaemon 8.13
java_class_path (initial): C:\Users\JoyRaptor\.gradle\wrapper\dists\gradle-8.13-bin\5xuhj0ry160q40clulazy9h7d\gradle-8.13\lib\gradle-daemon-main-8.13.jar
Launcher Type: SUN_STANDARD

[Global flags]
     intx CICompilerCount                          = 12                                        {product} {ergonomic}
     uint ConcGCThreads                            = 3                                         {product} {ergonomic}
     uint G1ConcRefinementThreads                  = 13                                        {product} {ergonomic}
   size_t G1HeapRegionSize                         = 1048576                                   {product} {ergonomic}
    uintx GCDrainStackTargetSize                   = 64                                        {product} {ergonomic}
   size_t InitialHeapSize                          = 262144000                                 {product} {ergonomic}
   size_t MarkStackSize                            = 4194304                                   {product} {ergonomic}
   size_t MaxHeapSize                              = 2147483648                                {product} {command line}
   size_t MaxNewSize                               = 1287651328                                {product} {ergonomic}
   size_t MinHeapDeltaBytes                        = 1048576                                   {product} {ergonomic}
   size_t MinHeapSize                              = 8388608                                   {product} {ergonomic}
    uintx NonNMethodCodeHeapSize                   = 7602480                                {pd product} {ergonomic}
    uintx NonProfiledCodeHeapSize                  = 122027880                              {pd product} {ergonomic}
    uintx ProfiledCodeHeapSize                     = 122027880                              {pd product} {ergonomic}
    uintx ReservedCodeCacheSize                    = 251658240                              {pd product} {ergonomic}
     bool SegmentedCodeCache                       = true                                      {product} {ergonomic}
   size_t SoftMaxHeapSize                          = 2147483648                             {manageable} {ergonomic}
     bool UseCompressedClassPointers               = true                           {product lp64_product} {ergonomic}
     bool UseCompressedOops                        = true                           {product lp64_product} {ergonomic}
     bool UseG1GC                                  = true                                      {product} {ergonomic}
     bool UseLargePagesIndividualAllocation        = false                                  {pd product} {ergonomic}

Logging:
Log output configuration:
 #0: stdout all=warning uptime,level,tags
 #1: stderr all=off uptime,level,tags

Environment Variables:
JAVA_HOME=C:\Program Files\Eclipse Adoptium\jdk-17.0.19.10-hotspot
CLASSPATH=C:\+Projects\Screenrecorder\FadCam\\gradle\wrapper\gradle-wrapper.jar
PATH=C:\Users\JoyRaptor\miniconda3;C:\Users\JoyRaptor\miniconda3\Library\mingw-w64\bin;C:\Users\JoyRaptor\miniconda3\Library\usr\bin;C:\Users\JoyRaptor\miniconda3\Library\bin;C:\Users\JoyRaptor\miniconda3\Scripts;C:\Users\JoyRaptor\miniconda3\bin;C:\Users\JoyRaptor\miniconda3\condabin;C:\Program Files\Eclipse Adoptium\jdk-17.0.19.10-hotspot\bin;C:\Python314\Scripts;C:\Python314;C:\Program Files (x86)\Common Files\Intel\Shared Libraries\redist\intel64\compiler;C:\WINDOWS\system32;C:\WINDOWS;C:\WINDOWS\System32\Wbem;C:\WINDOWS\System32\WindowsPowerShell\v1.0;C:\WINDOWS\System32\OpenSSH;C:\Program Files\Go\bin;C:\Program Files\dotnet;C:\Program Files\Git\cmd;C:\Program Files\nodejs;C:\ProgramData\chocolatey\bin;C:\Users\JoyRaptor\AppData\Local\hermes\bin;C:\Users\JoyRaptor\AppData\Local\hermes\hermes-agent\venv\Scripts;C:\Users\JoyRaptor\.local\bin;C:\Users\JoyRaptor\miniconda3;C:\Users\JoyRaptor\miniconda3\Library\mingw-w64\bin;C:\Users\JoyRaptor\miniconda3\Library\usr\bin;C:\Users\JoyRaptor\miniconda3\Library\bin;C:\Users\JoyRaptor\miniconda3\Scripts;C:\Users\JoyRaptor\AppData\Local\Microsoft\WindowsApps;C:\Users\JoyRaptor\go\bin;C:\Users\JoyRaptor\AppData\Local\GitHubDesktop\bin;C:\Users\JoyRaptor\AppData\Local\Microsoft\WinGet\Packages\Gyan.FFmpeg_Microsoft.Winget.Source_8wekyb3d8bbwe\ffmpeg-7.0.2-full_build\bin;C:\Users\JoyRaptor\AppData\Local\Programs\Antigravity\bin;C:\Users\JoyRaptor\AppData\Roaming\npm;C:\Users\JoyRaptor\AppData\Local\Programs\Ollama;C:\Users\JoyRaptor\AppData\Local\Programs\Antigravity IDE\bin;C:\Users\JoyRaptor\AppData\Local\Microsoft\WinGet\Packages\BurntSushi.ripgrep.MSVC_Microsoft.Winget.Source_8wekyb3d8bbwe\ripgrep-15.1.0-x86_64-pc-windows-msvc;C:\Program Files\Obsidian
USERNAME=JoyRaptor
OS=Windows_NT
PROCESSOR_IDENTIFIER=Intel64 Family 6 Model 186 Stepping 2, GenuineIntel
TMP=C:\Users\JOYRAP~1\AppData\Local\Temp
TEMP=C:\Users\JOYRAP~1\AppData\Local\Temp



Periodic native trim disabled


---------------  S Y S T E M  ---------------

OS:
 Windows 11 , 64 bit Build 22621 (10.0.22621.3958)
OS uptime: 7 days 4:07 hours
Hyper-V role detected

CPU: total 16 (initial active 16) (8 cores per cpu, 2 threads per core) family 6 model 186 stepping 2 microcode 0x410e, cx8, cmov, fxsr, ht, mmx, 3dnowpref, sse, sse2, sse3, ssse3, sse4.1, sse4.2, popcnt, lzcnt, tsc, tscinvbit, avx, avx2, aes, erms, clmul, bmi1, bmi2, adx, sha, fma, vzeroupper, clflush, clflushopt, clwb, hv
Processor Information for processor 0
  Max Mhz: 2200, Current Mhz: 2200, Mhz Limit: 2200
Processor Information for processor 1
  Max Mhz: 2200, Current Mhz: 2200, Mhz Limit: 2200
Processor Information for processor 2
  Max Mhz: 2200, Current Mhz: 2200, Mhz Limit: 2200
Processor Information for processor 3
  Max Mhz: 2200, Current Mhz: 2200, Mhz Limit: 2200
Processor Information for processor 4
  Max Mhz: 2200, Current Mhz: 2200, Mhz Limit: 2200
Processor Information for processor 5
  Max Mhz: 2200, Current Mhz: 2200, Mhz Limit: 2200
Processor Information for processor 6
  Max Mhz: 2200, Current Mhz: 2200, Mhz Limit: 2200
Processor Information for processor 7
  Max Mhz: 2200, Current Mhz: 2200, Mhz Limit: 2200
Processor Information for processor 8
  Max Mhz: 2200, Current Mhz: 1600, Mhz Limit: 1584
Processor Information for processor 9
  Max Mhz: 2200, Current Mhz: 1600, Mhz Limit: 1584
Processor Information for processor 10
  Max Mhz: 2200, Current Mhz: 1600, Mhz Limit: 1584
Processor Information for processor 11
  Max Mhz: 2200, Current Mhz: 1600, Mhz Limit: 1584
Processor Information for processor 12
  Max Mhz: 2200, Current Mhz: 1600, Mhz Limit: 1584
Processor Information for processor 13
  Max Mhz: 2200, Current Mhz: 1600, Mhz Limit: 1584
Processor Information for processor 14
  Max Mhz: 2200, Current Mhz: 1600, Mhz Limit: 1584
Processor Information for processor 15
  Max Mhz: 2200, Current Mhz: 1600, Mhz Limit: 1584

Memory: 4k page, system-wide physical 15943M (542M free)
TotalPageFile size 65095M (AvailPageFile size 155M)
current process WorkingSet (physical memory assigned to process): 750M, peak: 750M
current process commit charge ("private bytes"): 856M, peak: 1119M

vm_info: OpenJDK 64-Bit Server VM (17.0.19+10) for windows-amd64 JRE (17.0.19+10), built on Apr 25 2026 08:04:44 by "admin" with MS VC++ 17.12 (VS2022)

END.
