--------- beginning of main
--------- beginning of system
08-30 16:54:16.566 D/E2FADE  (15133): onRowBodyDown WON BODY item=3dfa9d32-de9b-4a67-abe3-0fced71e71ad x=333.36914 y=194.50977
08-30 16:54:17.731 D/FADEDBG (15133): knob@DOWN item=3dfa9d32-de9b-4a67-abe3-0fced71e71ad x=225 y=131 knobIn=(239,29) d=16 knobOut=(1607,29) d=1382 r=47
08-30 16:54:17.731 D/E2FADE  (15133): onRowBodyDown WON FADE_IN item=3dfa9d32-de9b-4a67-abe3-0fced71e71ad x=225.66174 y=131.09668
08-30 16:54:17.809 D/FADEDBG (15133): fadeMove IN item=3dfa9d32-de9b-4a67-abe3-0fced71e71ad t=1849 start=0 end=17896 fadeDur=1849 WROTE
08-30 16:54:17.826 D/FADEDBG (15133): fadeMove IN item=3dfa9d32-de9b-4a67-abe3-0fced71e71ad t=1796 start=0 end=17896 fadeDur=1796 WROTE
08-30 16:54:17.842 D/FADEDBG (15133): fadeMove IN item=3dfa9d32-de9b-4a67-abe3-0fced71e71ad t=1581 start=0 end=17896 fadeDur=1581 WROTE
08-30 16:54:17.859 D/FADEDBG (15133): fadeMove IN item=3dfa9d32-de9b-4a67-abe3-0fced71e71ad t=1374 start=0 end=17896 fadeDur=1374 WROTE
08-30 16:54:17.875 D/FADEDBG (15133): fadeMove IN item=3dfa9d32-de9b-4a67-abe3-0fced71e71ad t=1243 start=0 end=17896 fadeDur=1243 WROTE
08-30 16:54:17.892 D/FADEDBG (15133): fadeMove IN item=3dfa9d32-de9b-4a67-abe3-0fced71e71ad t=1162 start=0 end=17896 fadeDur=1162 WROTE
08-30 16:54:17.909 D/FADEDBG (15133): fadeMove IN item=3dfa9d32-de9b-4a67-abe3-0fced71e71ad t=1121 start=0 end=17896 fadeDur=1121 WROTE
08-30 16:54:17.926 D/FADEDBG (15133): fadeMove IN item=3dfa9d32-de9b-4a67-abe3-0fced71e71ad t=1126 start=0 end=17896 fadeDur=1126 WROTE
08-30 16:54:17.943 D/FADEDBG (15133): fadeMove IN item=3dfa9d32-de9b-4a67-abe3-0fced71e71ad t=1186 start=0 end=17896 fadeDur=1186 WROTE
08-30 16:54:17.959 D/FADEDBG (15133): fadeMove IN item=3dfa9d32-de9b-4a67-abe3-0fced71e71ad t=1299 start=0 end=17896 fadeDur=1299 WROTE
08-30 16:54:17.976 D/FADEDBG (15133): fadeMove IN item=3dfa9d32-de9b-4a67-abe3-0fced71e71ad t=1442 start=0 end=17896 fadeDur=1442 WROTE
08-30 16:54:17.992 D/FADEDBG (15133): fadeMove IN item=3dfa9d32-de9b-4a67-abe3-0fced71e71ad t=1634 start=0 end=17896 fadeDur=1634 WROTE
08-30 16:54:18.010 D/FADEDBG (15133): fadeMove IN item=3dfa9d32-de9b-4a67-abe3-0fced71e71ad t=1880 start=0 end=17896 fadeDur=1880 WROTE
08-30 16:54:18.026 D/FADEDBG (15133): fadeMove IN item=3dfa9d32-de9b-4a67-abe3-0fced71e71ad t=2132 start=0 end=17896 fadeDur=2132 WROTE
08-30 16:54:18.043 D/FADEDBG (15133): fadeMove IN item=3dfa9d32-de9b-4a67-abe3-0fced71e71ad t=2373 start=0 end=17896 fadeDur=2373 WROTE
08-30 16:54:18.059 D/FADEDBG (15133): fadeMove IN item=3dfa9d32-de9b-4a67-abe3-0fced71e71ad t=2603 start=0 end=17896 fadeDur=2603 WROTE
08-30 16:54:18.076 D/FADEDBG (15133): fadeMove IN item=3dfa9d32-de9b-4a67-abe3-0fced71e71ad t=2801 start=0 end=17896 fadeDur=2801 WROTE
08-30 16:54:18.092 D/FADEDBG (15133): fadeMove IN item=3dfa9d32-de9b-4a67-abe3-0fced71e71ad t=2961 start=0 end=17896 fadeDur=2961 WROTE
08-30 16:54:18.109 D/FADEDBG (15133): fadeMove IN item=3dfa9d32-de9b-4a67-abe3-0fced71e71ad t=3075 start=0 end=17896 fadeDur=3075 WROTE
08-30 16:54:18.129 D/FADEDBG (15133): fadeMove IN item=3dfa9d32-de9b-4a67-abe3-0fced71e71ad t=3129 start=0 end=17896 fadeDur=3129 WROTE
08-30 16:54:18.159 D/FADEDBG (15133): fadeMove IN item=3dfa9d32-de9b-4a67-abe3-0fced71e71ad t=3077 start=0 end=17896 fadeDur=3077 WROTE
08-30 16:54:18.176 D/FADEDBG (15133): fadeMove IN item=3dfa9d32-de9b-4a67-abe3-0fced71e71ad t=2964 start=0 end=17896 fadeDur=2964 WROTE
08-30 16:54:18.193 D/FADEDBG (15133): fadeMove IN item=3dfa9d32-de9b-4a67-abe3-0fced71e71ad t=2775 start=0 end=17896 fadeDur=2775 WROTE
08-30 16:54:18.209 D/FADEDBG (15133): fadeMove IN item=3dfa9d32-de9b-4a67-abe3-0fced71e71ad t=2562 start=0 end=17896 fadeDur=2562 WROTE
08-30 16:54:18.226 D/FADEDBG (15133): fadeMove IN item=3dfa9d32-de9b-4a67-abe3-0fced71e71ad t=2346 start=0 end=17896 fadeDur=2346 WROTE
08-30 16:54:18.243 D/FADEDBG (15133): fadeMove IN item=3dfa9d32-de9b-4a67-abe3-0fced71e71ad t=2140 start=0 end=17896 fadeDur=2140 WROTE
08-30 16:54:18.260 D/FADEDBG (15133): fadeMove IN item=3dfa9d32-de9b-4a67-abe3-0fced71e71ad t=1961 start=0 end=17896 fadeDur=1961 WROTE
08-30 16:54:18.276 D/FADEDBG (15133): fadeMove IN item=3dfa9d32-de9b-4a67-abe3-0fced71e71ad t=1822 start=0 end=17896 fadeDur=1822 WROTE
08-30 16:54:18.293 D/FADEDBG (15133): fadeMove IN item=3dfa9d32-de9b-4a67-abe3-0fced71e71ad t=1722 start=0 end=17896 fadeDur=1722 WROTE
08-30 16:54:18.310 D/FADEDBG (15133): fadeMove IN item=3dfa9d32-de9b-4a67-abe3-0fced71e71ad t=1667 start=0 end=17896 fadeDur=1667 WROTE
08-30 16:54:18.326 D/FADEDBG (15133): fadeMove IN item=3dfa9d32-de9b-4a67-abe3-0fced71e71ad t=1646 start=0 end=17896 fadeDur=1646 WROTE
08-30 16:54:18.343 D/FADEDBG (15133): fadeMove IN item=3dfa9d32-de9b-4a67-abe3-0fced71e71ad t=1637 start=0 end=17896 fadeDur=1637 WROTE
08-30 16:54:18.359 D/FADEDBG (15133): fadeMove IN item=3dfa9d32-de9b-4a67-abe3-0fced71e71ad t=1635 start=0 end=17896 fadeDur=1635 WROTE
08-30 16:54:18.376 D/FADEDBG (15133): fadeMove IN item=3dfa9d32-de9b-4a67-abe3-0fced71e71ad t=1624 start=0 end=17896 fadeDur=1624 WROTE
08-30 16:54:18.394 D/FADEDBG (15133): fadeMove IN item=3dfa9d32-de9b-4a67-abe3-0fced71e71ad t=1609 start=0 end=17896 fadeDur=1609 WROTE
08-30 16:54:18.410 D/FADEDBG (15133): fadeMove IN item=3dfa9d32-de9b-4a67-abe3-0fced71e71ad t=1607 start=0 end=17896 fadeDur=1607 WROTE
08-30 16:54:18.426 D/FADEDBG (15133): fadeMove IN item=3dfa9d32-de9b-4a67-abe3-0fced71e71ad t=1605 start=0 end=17896 fadeDur=1605 WROTE
08-30 16:54:18.456 D/FADEDBG (15133): fadeMove IN item=3dfa9d32-de9b-4a67-abe3-0fced71e71ad t=1619 start=0 end=17896 fadeDur=1619 WROTE
08-30 16:54:18.892 D/E2FADE  (15133): onRowBodyDown WON BODY item=d9d26319-6992-426b-ac73-25ee43417e39 x=599.2848 y=253.04492
08-30 16:54:19.454 D/FADEDBG (15133): knob@DOWN item=d9d26319-6992-426b-ac73-25ee43417e39 x=445 y=182 knobIn=(451,102) d=14 knobOut=(1801,102) d=1356 r=47
08-30 16:54:19.454 D/E2FADE  (15133): onRowBodyDown WON FADE_IN item=d9d26319-6992-426b-ac73-25ee43417e39 x=445.03674 y=182.04395
08-30 16:54:19.528 D/FADEDBG (15133): fadeMove IN item=d9d26319-6992-426b-ac73-25ee43417e39 t=4067 start=4182 end=17896 fadeDur=0 ->0(<40ms)
08-30 16:54:19.544 D/FADEDBG (15133): fadeMove IN item=d9d26319-6992-426b-ac73-25ee43417e39 t=4019 start=4182 end=17896 fadeDur=0 ->0(<40ms)
08-30 16:54:19.561 D/FADEDBG (15133): fadeMove IN item=d9d26319-6992-426b-ac73-25ee43417e39 t=3829 start=4182 end=17896 fadeDur=0 ->0(<40ms)
08-30 16:54:19.577 D/FADEDBG (15133): fadeMove IN item=d9d26319-6992-426b-ac73-25ee43417e39 t=3618 start=4182 end=17896 fadeDur=0 ->0(<40ms)
08-30 16:54:19.594 D/FADEDBG (15133): fadeMove IN item=d9d26319-6992-426b-ac73-25ee43417e39 t=3453 start=4182 end=17896 fadeDur=0 ->0(<40ms)
08-30 16:54:19.611 D/FADEDBG (15133): fadeMove IN item=d9d26319-6992-426b-ac73-25ee43417e39 t=3328 start=4182 end=17896 fadeDur=0 ->0(<40ms)
08-30 16:54:19.628 D/FADEDBG (15133): fadeMove IN item=d9d26319-6992-426b-ac73-25ee43417e39 t=3241 start=4182 end=17896 fadeDur=0 ->0(<40ms)
08-30 16:54:19.644 D/FADEDBG (15133): fadeMove IN item=d9d26319-6992-426b-ac73-25ee43417e39 t=3191 start=4182 end=17896 fadeDur=0 ->0(<40ms)
08-30 16:54:19.661 D/FADEDBG (15133): fadeMove IN item=d9d26319-6992-426b-ac73-25ee43417e39 t=3174 start=4182 end=17896 fadeDur=0 ->0(<40ms)
08-30 16:54:19.678 D/FADEDBG (15133): fadeMove IN item=d9d26319-6992-426b-ac73-25ee43417e39 t=3168 start=4182 end=17896 fadeDur=0 ->0(<40ms)
08-30 16:54:19.695 D/FADEDBG (15133): fadeMove IN item=d9d26319-6992-426b-ac73-25ee43417e39 t=3167 start=4182 end=17896 fadeDur=0 ->0(<40ms)
08-30 16:54:19.728 D/FADEDBG (15133): fadeMove IN item=d9d26319-6992-426b-ac73-25ee43417e39 t=3184 start=4182 end=17896 fadeDur=0 ->0(<40ms)
08-30 16:54:19.744 D/FADEDBG (15133): fadeMove IN item=d9d26319-6992-426b-ac73-25ee43417e39 t=3206 start=4182 end=17896 fadeDur=0 ->0(<40ms)
08-30 16:54:19.761 D/FADEDBG (15133): fadeMove IN item=d9d26319-6992-426b-ac73-25ee43417e39 t=3243 start=4182 end=17896 fadeDur=0 ->0(<40ms)
08-30 16:54:19.778 D/FADEDBG (15133): fadeMove IN item=d9d26319-6992-426b-ac73-25ee43417e39 t=3305 start=4182 end=17896 fadeDur=0 ->0(<40ms)
08-30 16:54:19.794 D/FADEDBG (15133): fadeMove IN item=d9d26319-6992-426b-ac73-25ee43417e39 t=3399 start=4182 end=17896 fadeDur=0 ->0(<40ms)
08-30 16:54:19.811 D/FADEDBG (15133): fadeMove IN item=d9d26319-6992-426b-ac73-25ee43417e39 t=3511 start=4182 end=17896 fadeDur=0 ->0(<40ms)
08-30 16:54:19.828 D/FADEDBG (15133): fadeMove IN item=d9d26319-6992-426b-ac73-25ee43417e39 t=3649 start=4182 end=17896 fadeDur=0 ->0(<40ms)
08-30 16:54:19.845 D/FADEDBG (15133): fadeMove IN item=d9d26319-6992-426b-ac73-25ee43417e39 t=3829 start=4182 end=17896 fadeDur=0 ->0(<40ms)
08-30 16:54:19.861 D/FADEDBG (15133): fadeMove IN item=d9d26319-6992-426b-ac73-25ee43417e39 t=4052 start=4182 end=17896 fadeDur=0 ->0(<40ms)
08-30 16:54:19.878 D/FADEDBG (15133): fadeMove IN item=d9d26319-6992-426b-ac73-25ee43417e39 t=4288 start=4182 end=17896 fadeDur=106 WROTE
08-30 16:54:19.895 D/FADEDBG (15133): fadeMove IN item=d9d26319-6992-426b-ac73-25ee43417e39 t=4533 start=4182 end=17896 fadeDur=351 WROTE
08-30 16:54:19.911 D/FADEDBG (15133): fadeMove IN item=d9d26319-6992-426b-ac73-25ee43417e39 t=4768 start=4182 end=17896 fadeDur=586 WROTE
08-30 16:54:19.928 D/FADEDBG (15133): fadeMove IN item=d9d26319-6992-426b-ac73-25ee43417e39 t=5000 start=4182 end=17896 fadeDur=818 WROTE
08-30 16:54:19.945 D/FADEDBG (15133): fadeMove IN item=d9d26319-6992-426b-ac73-25ee43417e39 t=5242 start=4182 end=17896 fadeDur=1060 WROTE
08-30 16:54:19.961 D/FADEDBG (15133): fadeMove IN item=d9d26319-6992-426b-ac73-25ee43417e39 t=5425 start=4182 end=17896 fadeDur=1243 WROTE
08-30 16:54:19.978 D/FADEDBG (15133): fadeMove IN item=d9d26319-6992-426b-ac73-25ee43417e39 t=5578 start=4182 end=17896 fadeDur=1396 WROTE
08-30 16:54:19.995 D/FADEDBG (15133): fadeMove IN item=d9d26319-6992-426b-ac73-25ee43417e39 t=5690 start=4182 end=17896 fadeDur=1508 WROTE
08-30 16:54:20.012 D/FADEDBG (15133): fadeMove IN item=d9d26319-6992-426b-ac73-25ee43417e39 t=5760 start=4182 end=17896 fadeDur=1578 WROTE
08-30 16:54:20.028 D/FADEDBG (15133): fadeMove IN item=d9d26319-6992-426b-ac73-25ee43417e39 t=5788 start=4182 end=17896 fadeDur=1606 WROTE
08-30 16:54:20.045 D/FADEDBG (15133): fadeMove IN item=d9d26319-6992-426b-ac73-25ee43417e39 t=5769 start=4182 end=17896 fadeDur=1587 WROTE
08-30 16:54:20.062 D/FADEDBG (15133): fadeMove IN item=d9d26319-6992-426b-ac73-25ee43417e39 t=5706 start=4182 end=17896 fadeDur=1524 WROTE
08-30 16:54:20.078 D/FADEDBG (15133): fadeMove IN item=d9d26319-6992-426b-ac73-25ee43417e39 t=5590 start=4182 end=17896 fadeDur=1408 WROTE
08-30 16:54:20.095 D/FADEDBG (15133): fadeMove IN item=d9d26319-6992-426b-ac73-25ee43417e39 t=5424 start=4182 end=17896 fadeDur=1242 WROTE
08-30 16:54:20.112 D/FADEDBG (15133): fadeMove IN item=d9d26319-6992-426b-ac73-25ee43417e39 t=5206 start=4182 end=17896 fadeDur=1024 WROTE
08-30 16:54:20.130 D/FADEDBG (15133): fadeMove IN item=d9d26319-6992-426b-ac73-25ee43417e39 t=5000 start=4182 end=17896 fadeDur=818 WROTE
08-30 16:54:20.145 D/FADEDBG (15133): fadeMove IN item=d9d26319-6992-426b-ac73-25ee43417e39 t=4710 start=4182 end=17896 fadeDur=528 WROTE
08-30 16:54:20.162 D/FADEDBG (15133): fadeMove IN item=d9d26319-6992-426b-ac73-25ee43417e39 t=4500 start=4182 end=17896 fadeDur=318 WROTE
08-30 16:54:20.178 D/FADEDBG (15133): fadeMove IN item=d9d26319-6992-426b-ac73-25ee43417e39 t=4356 start=4182 end=17896 fadeDur=174 WROTE
08-30 16:54:20.195 D/FADEDBG (15133): fadeMove IN item=d9d26319-6992-426b-ac73-25ee43417e39 t=4245 start=4182 end=17896 fadeDur=63 WROTE
08-30 16:54:20.212 D/FADEDBG (15133): fadeMove IN item=d9d26319-6992-426b-ac73-25ee43417e39 t=4165 start=4182 end=17896 fadeDur=0 ->0(<40ms)
08-30 16:54:20.229 D/FADEDBG (15133): fadeMove IN item=d9d26319-6992-426b-ac73-25ee43417e39 t=4143 start=4182 end=17896 fadeDur=0 ->0(<40ms)
08-30 16:54:20.245 D/FADEDBG (15133): fadeMove IN item=d9d26319-6992-426b-ac73-25ee43417e39 t=4165 start=4182 end=17896 fadeDur=0 ->0(<40ms)
08-30 16:54:20.262 D/FADEDBG (15133): fadeMove IN item=d9d26319-6992-426b-ac73-25ee43417e39 t=4246 start=4182 end=17896 fadeDur=64 WROTE
08-30 16:54:20.279 D/FADEDBG (15133): fadeMove IN item=d9d26319-6992-426b-ac73-25ee43417e39 t=4379 start=4182 end=17896 fadeDur=197 WROTE
08-30 16:54:20.295 D/FADEDBG (15133): fadeMove IN item=d9d26319-6992-426b-ac73-25ee43417e39 t=4552 start=4182 end=17896 fadeDur=370 WROTE
08-30 16:54:20.312 D/FADEDBG (15133): fadeMove IN item=d9d26319-6992-426b-ac73-25ee43417e39 t=4766 start=4182 end=17896 fadeDur=584 WROTE
08-30 16:54:20.329 D/FADEDBG (15133): fadeMove IN item=d9d26319-6992-426b-ac73-25ee43417e39 t=5000 start=4182 end=17896 fadeDur=818 WROTE
08-30 16:54:20.346 D/FADEDBG (15133): fadeMove IN item=d9d26319-6992-426b-ac73-25ee43417e39 t=5171 start=4182 end=17896 fadeDur=989 WROTE
08-30 16:54:20.362 D/FADEDBG (15133): fadeMove IN item=d9d26319-6992-426b-ac73-25ee43417e39 t=5457 start=4182 end=17896 fadeDur=1275 WROTE
08-30 16:54:20.379 D/FADEDBG (15133): fadeMove IN item=d9d26319-6992-426b-ac73-25ee43417e39 t=5569 start=4182 end=17896 fadeDur=1387 WROTE
08-30 16:54:20.396 D/FADEDBG (15133): fadeMove IN item=d9d26319-6992-426b-ac73-25ee43417e39 t=5655 start=4182 end=17896 fadeDur=1473 WROTE
08-30 16:54:20.413 D/FADEDBG (15133): fadeMove IN item=d9d26319-6992-426b-ac73-25ee43417e39 t=5696 start=4182 end=17896 fadeDur=1514 WROTE
08-30 16:54:20.429 D/FADEDBG (15133): fadeMove IN item=d9d26319-6992-426b-ac73-25ee43417e39 t=5717 start=4182 end=17896 fadeDur=1535 WROTE
08-30 16:54:20.446 D/FADEDBG (15133): fadeMove IN item=d9d26319-6992-426b-ac73-25ee43417e39 t=5673 start=4182 end=17896 fadeDur=1491 WROTE
08-30 16:54:20.462 D/FADEDBG (15133): fadeMove IN item=d9d26319-6992-426b-ac73-25ee43417e39 t=5599 start=4182 end=17896 fadeDur=1417 WROTE
08-30 16:54:20.479 D/FADEDBG (15133): fadeMove IN item=d9d26319-6992-426b-ac73-25ee43417e39 t=5452 start=4182 end=17896 fadeDur=1270 WROTE
08-30 16:54:20.496 D/FADEDBG (15133): fadeMove IN item=d9d26319-6992-426b-ac73-25ee43417e39 t=5286 start=4182 end=17896 fadeDur=1104 WROTE
08-30 16:54:20.513 D/FADEDBG (15133): fadeMove IN item=d9d26319-6992-426b-ac73-25ee43417e39 t=5000 start=4182 end=17896 fadeDur=818 WROTE
08-30 16:54:20.530 D/FADEDBG (15133): fadeMove IN item=d9d26319-6992-426b-ac73-25ee43417e39 t=5000 start=4182 end=17896 fadeDur=818 WROTE
08-30 16:54:20.546 D/FADEDBG (15133): fadeMove IN item=d9d26319-6992-426b-ac73-25ee43417e39 t=5000 start=4182 end=17896 fadeDur=818 WROTE
08-30 16:54:20.563 D/FADEDBG (15133): fadeMove IN item=d9d26319-6992-426b-ac73-25ee43417e39 t=5000 start=4182 end=17896 fadeDur=818 WROTE
08-30 16:54:20.579 D/FADEDBG (15133): fadeMove IN item=d9d26319-6992-426b-ac73-25ee43417e39 t=5000 start=4182 end=17896 fadeDur=818 WROTE
08-30 16:54:20.596 D/FADEDBG (15133): fadeMove IN item=d9d26319-6992-426b-ac73-25ee43417e39 t=5000 start=4182 end=17896 fadeDur=818 WROTE
08-30 16:54:20.612 D/FADEDBG (15133): fadeMove IN item=d9d26319-6992-426b-ac73-25ee43417e39 t=4822 start=4182 end=17896 fadeDur=640 WROTE
08-30 16:54:20.629 D/FADEDBG (15133): fadeMove IN item=d9d26319-6992-426b-ac73-25ee43417e39 t=4758 start=4182 end=17896 fadeDur=576 WROTE
08-30 16:54:20.646 D/FADEDBG (15133): fadeMove IN item=d9d26319-6992-426b-ac73-25ee43417e39 t=4674 start=4182 end=17896 fadeDur=492 WROTE
08-30 16:54:20.662 D/FADEDBG (15133): fadeMove IN item=d9d26319-6992-426b-ac73-25ee43417e39 t=4550 start=4182 end=17896 fadeDur=368 WROTE
08-30 16:54:20.679 D/FADEDBG (15133): fadeMove IN item=d9d26319-6992-426b-ac73-25ee43417e39 t=4402 start=4182 end=17896 fadeDur=220 WROTE
08-30 16:54:20.696 D/FADEDBG (15133): fadeMove IN item=d9d26319-6992-426b-ac73-25ee43417e39 t=4245 start=4182 end=17896 fadeDur=63 WROTE
08-30 16:54:20.713 D/FADEDBG (15133): fadeMove IN item=d9d26319-6992-426b-ac73-25ee43417e39 t=4114 start=4182 end=17896 fadeDur=0 ->0(<40ms)
08-30 16:54:20.729 D/FADEDBG (15133): fadeMove IN item=d9d26319-6992-426b-ac73-25ee43417e39 t=3989 start=4182 end=17896 fadeDur=0 ->0(<40ms)
08-30 16:54:20.746 D/FADEDBG (15133): fadeMove IN item=d9d26319-6992-426b-ac73-25ee43417e39 t=3886 start=4182 end=17896 fadeDur=0 ->0(<40ms)
08-30 16:54:20.763 D/FADEDBG (15133): fadeMove IN item=d9d26319-6992-426b-ac73-25ee43417e39 t=3800 start=4182 end=17896 fadeDur=0 ->0(<40ms)
08-30 16:54:20.779 D/FADEDBG (15133): fadeMove IN item=d9d26319-6992-426b-ac73-25ee43417e39 t=3733 start=4182 end=17896 fadeDur=0 ->0(<40ms)
08-30 16:54:20.796 D/FADEDBG (15133): fadeMove IN item=d9d26319-6992-426b-ac73-25ee43417e39 t=3683 start=4182 end=17896 fadeDur=0 ->0(<40ms)
08-30 16:54:20.813 D/FADEDBG (15133): fadeMove IN item=d9d26319-6992-426b-ac73-25ee43417e39 t=3656 start=4182 end=17896 fadeDur=0 ->0(<40ms)
08-30 16:54:20.830 D/FADEDBG (15133): fadeMove IN item=d9d26319-6992-426b-ac73-25ee43417e39 t=3648 start=4182 end=17896 fadeDur=0 ->0(<40ms)
08-30 16:54:20.846 D/FADEDBG (15133): fadeMove IN item=d9d26319-6992-426b-ac73-25ee43417e39 t=3624 start=4182 end=17896 fadeDur=0 ->0(<40ms)
08-30 16:54:20.863 D/FADEDBG (15133): fadeMove IN item=d9d26319-6992-426b-ac73-25ee43417e39 t=3620 start=4182 end=17896 fadeDur=0 ->0(<40ms)
08-30 16:54:20.879 D/FADEDBG (15133): fadeMove IN item=d9d26319-6992-426b-ac73-25ee43417e39 t=3612 start=4182 end=17896 fadeDur=0 ->0(<40ms)
08-30 16:54:20.898 D/FADEDBG (15133): fadeMove IN item=d9d26319-6992-426b-ac73-25ee43417e39 t=3617 start=4182 end=17896 fadeDur=0 ->0(<40ms)
08-30 16:54:20.913 D/FADEDBG (15133): fadeMove IN item=d9d26319-6992-426b-ac73-25ee43417e39 t=3600 start=4182 end=17896 fadeDur=0 ->0(<40ms)
08-30 16:54:20.929 D/FADEDBG (15133): fadeMove IN item=d9d26319-6992-426b-ac73-25ee43417e39 t=3559 start=4182 end=17896 fadeDur=0 ->0(<40ms)
08-30 16:54:20.946 D/FADEDBG (15133): fadeMove IN item=d9d26319-6992-426b-ac73-25ee43417e39 t=3486 start=4182 end=17896 fadeDur=0 ->0(<40ms)
08-30 16:54:20.963 D/FADEDBG (15133): fadeMove IN item=d9d26319-6992-426b-ac73-25ee43417e39 t=3415 start=4182 end=17896 fadeDur=0 ->0(<40ms)
08-30 16:54:20.976 D/FADEDBG (15133): fadeMove IN item=d9d26319-6992-426b-ac73-25ee43417e39 t=3354 start=4182 end=17896 fadeDur=0 ->0(<40ms)
08-30 16:54:23.618 D/E2FADE  (15133): onRowBodyDown WON BODY item=d9d26319-6992-426b-ac73-25ee43417e39 x=748.0675 y=249.25098
08-30 16:54:24.217 D/FADEDBG (15133): knob@DOWN item=d9d26319-6992-426b-ac73-25ee43417e39 x=440 y=203 knobIn=(451,102) d=13 knobOut=(1801,102) d=1360 r=47
08-30 16:54:24.217 D/E2FADE  (15133): onRowBodyDown WON FADE_IN item=d9d26319-6992-426b-ac73-25ee43417e39 x=440.09875 y=203.18164
08-30 16:54:24.267 D/FADEDBG (15133): fadeMove IN item=d9d26319-6992-426b-ac73-25ee43417e39 t=4100 start=4182 end=17896 fadeDur=0 ->0(<40ms)
08-30 16:54:24.284 D/FADEDBG (15133): fadeMove IN item=d9d26319-6992-426b-ac73-25ee43417e39 t=4111 start=4182 end=17896 fadeDur=0 ->0(<40ms)
08-30 16:54:24.300 D/FADEDBG (15133): fadeMove IN item=d9d26319-6992-426b-ac73-25ee43417e39 t=4160 start=4182 end=17896 fadeDur=0 ->0(<40ms)
08-30 16:54:24.317 D/FADEDBG (15133): fadeMove IN item=d9d26319-6992-426b-ac73-25ee43417e39 t=4349 start=4182 end=17896 fadeDur=167 WROTE
08-30 16:54:24.334 D/FADEDBG (15133): fadeMove IN item=d9d26319-6992-426b-ac73-25ee43417e39 t=4593 start=4182 end=17896 fadeDur=411 WROTE
08-30 16:54:24.351 D/FADEDBG (15133): fadeMove IN item=d9d26319-6992-426b-ac73-25ee43417e39 t=5000 start=4182 end=17896 fadeDur=818 WROTE
08-30 16:54:24.367 D/FADEDBG (15133): fadeMove IN item=d9d26319-6992-426b-ac73-25ee43417e39 t=5000 start=4182 end=17896 fadeDur=818 WROTE
08-30 16:54:24.384 D/FADEDBG (15133): fadeMove IN item=d9d26319-6992-426b-ac73-25ee43417e39 t=5467 start=4182 end=17896 fadeDur=1285 WROTE
08-30 16:54:24.401 D/FADEDBG (15133): fadeMove IN item=d9d26319-6992-426b-ac73-25ee43417e39 t=5705 start=4182 end=17896 fadeDur=1523 WROTE
08-30 16:54:24.417 D/FADEDBG (15133): fadeMove IN item=d9d26319-6992-426b-ac73-25ee43417e39 t=5881 start=4182 end=17896 fadeDur=1699 WROTE
08-30 16:54:24.434 D/FADEDBG (15133): fadeMove IN item=d9d26319-6992-426b-ac73-25ee43417e39 t=6023 start=4182 end=17896 fadeDur=1841 WROTE
08-30 16:54:24.451 D/FADEDBG (15133): fadeMove IN item=d9d26319-6992-426b-ac73-25ee43417e39 t=6125 start=4182 end=17896 fadeDur=1943 WROTE
08-30 16:54:24.468 D/FADEDBG (15133): fadeMove IN item=d9d26319-6992-426b-ac73-25ee43417e39 t=6201 start=4182 end=17896 fadeDur=2019 WROTE
08-30 16:54:24.484 D/FADEDBG (15133): fadeMove IN item=d9d26319-6992-426b-ac73-25ee43417e39 t=6251 start=4182 end=17896 fadeDur=2069 WROTE
08-30 16:54:24.501 D/FADEDBG (15133): fadeMove IN item=d9d26319-6992-426b-ac73-25ee43417e39 t=6277 start=4182 end=17896 fadeDur=2095 WROTE
08-30 16:54:24.518 D/FADEDBG (15133): fadeMove IN item=d9d26319-6992-426b-ac73-25ee43417e39 t=6286 start=4182 end=17896 fadeDur=2104 WROTE
08-30 16:54:24.535 D/FADEDBG (15133): fadeMove IN item=d9d26319-6992-426b-ac73-25ee43417e39 t=6255 start=4182 end=17896 fadeDur=2073 WROTE
08-30 16:54:24.551 D/FADEDBG (15133): fadeMove IN item=d9d26319-6992-426b-ac73-25ee43417e39 t=6180 start=4182 end=17896 fadeDur=1998 WROTE
08-30 16:54:24.569 D/FADEDBG (15133): fadeMove IN item=d9d26319-6992-426b-ac73-25ee43417e39 t=6067 start=4182 end=17896 fadeDur=1885 WROTE
08-30 16:54:24.584 D/FADEDBG (15133): fadeMove IN item=d9d26319-6992-426b-ac73-25ee43417e39 t=5928 start=4182 end=17896 fadeDur=1746 WROTE
08-30 16:54:24.601 D/FADEDBG (15133): fadeMove IN item=d9d26319-6992-426b-ac73-25ee43417e39 t=5755 start=4182 end=17896 fadeDur=1573 WROTE
08-30 16:54:24.618 D/FADEDBG (15133): fadeMove IN item=d9d26319-6992-426b-ac73-25ee43417e39 t=5531 start=4182 end=17896 fadeDur=1349 WROTE
08-30 16:54:24.635 D/FADEDBG (15133): fadeMove IN item=d9d26319-6992-426b-ac73-25ee43417e39 t=5255 start=4182 end=17896 fadeDur=1073 WROTE
08-30 16:54:24.651 D/FADEDBG (15133): fadeMove IN item=d9d26319-6992-426b-ac73-25ee43417e39 t=5000 start=4182 end=17896 fadeDur=818 WROTE
08-30 16:54:24.668 D/FADEDBG (15133): fadeMove IN item=d9d26319-6992-426b-ac73-25ee43417e39 t=4685 start=4182 end=17896 fadeDur=503 WROTE
08-30 16:54:24.685 D/FADEDBG (15133): fadeMove IN item=d9d26319-6992-426b-ac73-25ee43417e39 t=4412 start=4182 end=17896 fadeDur=230 WROTE
08-30 16:54:24.701 D/FADEDBG (15133): fadeMove IN item=d9d26319-6992-426b-ac73-25ee43417e39 t=4182 start=4182 end=17896 fadeDur=0 ->0(<40ms)
08-30 16:54:24.718 D/FADEDBG (15133): fadeMove IN item=d9d26319-6992-426b-ac73-25ee43417e39 t=4001 start=4182 end=17896 fadeDur=0 ->0(<40ms)
08-30 16:54:24.735 D/FADEDBG (15133): fadeMove IN item=d9d26319-6992-426b-ac73-25ee43417e39 t=3874 start=4182 end=17896 fadeDur=0 ->0(<40ms)
08-30 16:54:24.751 D/FADEDBG (15133): fadeMove IN item=d9d26319-6992-426b-ac73-25ee43417e39 t=3809 start=4182 end=17896 fadeDur=0 ->0(<40ms)
08-30 16:54:24.768 D/FADEDBG (15133): fadeMove IN item=d9d26319-6992-426b-ac73-25ee43417e39 t=3823 start=4182 end=17896 fadeDur=0 ->0(<40ms)
08-30 16:54:24.785 D/FADEDBG (15133): fadeMove IN item=d9d26319-6992-426b-ac73-25ee43417e39 t=3910 start=4182 end=17896 fadeDur=0 ->0(<40ms)
08-30 16:54:24.801 D/FADEDBG (15133): fadeMove IN item=d9d26319-6992-426b-ac73-25ee43417e39 t=4076 start=4182 end=17896 fadeDur=0 ->0(<40ms)
08-30 16:54:24.818 D/FADEDBG (15133): fadeMove IN item=d9d26319-6992-426b-ac73-25ee43417e39 t=4322 start=4182 end=17896 fadeDur=140 WROTE
08-30 16:54:24.834 D/FADEDBG (15133): fadeMove IN item=d9d26319-6992-426b-ac73-25ee43417e39 t=4603 start=4182 end=17896 fadeDur=421 WROTE
08-30 16:54:24.851 D/FADEDBG (15133): fadeMove IN item=d9d26319-6992-426b-ac73-25ee43417e39 t=5000 start=4182 end=17896 fadeDur=818 WROTE
08-30 16:54:24.868 D/FADEDBG (15133): fadeMove IN item=d9d26319-6992-426b-ac73-25ee43417e39 t=5000 start=4182 end=17896 fadeDur=818 WROTE
08-30 16:54:24.885 D/FADEDBG (15133): fadeMove IN item=d9d26319-6992-426b-ac73-25ee43417e39 t=5219 start=4182 end=17896 fadeDur=1037 WROTE
08-30 16:54:24.901 D/FADEDBG (15133): fadeMove IN item=d9d26319-6992-426b-ac73-25ee43417e39 t=5316 start=4182 end=17896 fadeDur=1134 WROTE
08-30 16:54:24.918 D/FADEDBG (15133): fadeMove IN item=d9d26319-6992-426b-ac73-25ee43417e39 t=5356 start=4182 end=17896 fadeDur=1174 WROTE
08-30 16:54:24.935 D/FADEDBG (15133): fadeMove IN item=d9d26319-6992-426b-ac73-25ee43417e39 t=5327 start=4182 end=17896 fadeDur=1145 WROTE
08-30 16:54:24.951 D/FADEDBG (15133): fadeMove IN item=d9d26319-6992-426b-ac73-25ee43417e39 t=5226 start=4182 end=17896 fadeDur=1044 WROTE
08-30 16:54:24.968 D/FADEDBG (15133): fadeMove IN item=d9d26319-6992-426b-ac73-25ee43417e39 t=5000 start=4182 end=17896 fadeDur=818 WROTE
08-30 16:54:24.985 D/FADEDBG (15133): fadeMove IN item=d9d26319-6992-426b-ac73-25ee43417e39 t=5000 start=4182 end=17896 fadeDur=818 WROTE
08-30 16:54:25.001 D/FADEDBG (15133): fadeMove IN item=d9d26319-6992-426b-ac73-25ee43417e39 t=4684 start=4182 end=17896 fadeDur=502 WROTE
08-30 16:54:25.018 D/FADEDBG (15133): fadeMove IN item=d9d26319-6992-426b-ac73-25ee43417e39 t=4322 start=4182 end=17896 fadeDur=140 WROTE
08-30 16:54:25.034 D/FADEDBG (15133): fadeMove IN item=d9d26319-6992-426b-ac73-25ee43417e39 t=4082 start=4182 end=17896 fadeDur=0 ->0(<40ms)
08-30 16:54:25.051 D/FADEDBG (15133): fadeMove IN item=d9d26319-6992-426b-ac73-25ee43417e39 t=3839 start=4182 end=17896 fadeDur=0 ->0(<40ms)
08-30 16:54:25.068 D/FADEDBG (15133): fadeMove IN item=d9d26319-6992-426b-ac73-25ee43417e39 t=3654 start=4182 end=17896 fadeDur=0 ->0(<40ms)
08-30 16:54:25.084 D/FADEDBG (15133): fadeMove IN item=d9d26319-6992-426b-ac73-25ee43417e39 t=3524 start=4182 end=17896 fadeDur=0 ->0(<40ms)
08-30 16:54:25.102 D/FADEDBG (15133): fadeMove IN item=d9d26319-6992-426b-ac73-25ee43417e39 t=3434 start=4182 end=17896 fadeDur=0 ->0(<40ms)
08-30 16:54:25.119 D/FADEDBG (15133): fadeMove IN item=d9d26319-6992-426b-ac73-25ee43417e39 t=3386 start=4182 end=17896 fadeDur=0 ->0(<40ms)
08-30 16:54:25.135 D/FADEDBG (15133): fadeMove IN item=d9d26319-6992-426b-ac73-25ee43417e39 t=3342 start=4182 end=17896 fadeDur=0 ->0(<40ms)
08-30 16:54:25.152 D/FADEDBG (15133): fadeMove IN item=d9d26319-6992-426b-ac73-25ee43417e39 t=3300 start=4182 end=17896 fadeDur=0 ->0(<40ms)
08-30 16:54:25.157 D/FADEDBG (15133): fadeMove IN item=d9d26319-6992-426b-ac73-25ee43417e39 t=3286 start=4182 end=17896 fadeDur=0 ->0(<40ms)
08-30 16:54:26.905 D/E2FADE  (15133): onRowBodyDown WON BODY item=d9d26319-6992-426b-ac73-25ee43417e39 x=1613.1152 y=279.06055
08-30 16:54:27.602 D/FADEDBG (15133): knob@DOWN item=d9d26319-6992-426b-ac73-25ee43417e39 x=1781 y=208 knobIn=(451,102) d=1330 knobOut=(1801,102) d=23 r=47
08-30 16:54:27.602 D/E2FADE  (15133): onRowBodyDown WON FADE_OUT item=d9d26319-6992-426b-ac73-25ee43417e39 x=1781.2441 y=208.05957
08-30 16:54:27.656 D/FADEDBG (15133): fadeMove OUT item=d9d26319-6992-426b-ac73-25ee43417e39 t=17711 start=4182 end=17896 fadeDur=185 WROTE
08-30 16:54:27.673 D/FADEDBG (15133): fadeMove OUT item=d9d26319-6992-426b-ac73-25ee43417e39 t=17699 start=4182 end=17896 fadeDur=197 WROTE
08-30 16:54:27.690 D/FADEDBG (15133): fadeMove OUT item=d9d26319-6992-426b-ac73-25ee43417e39 t=17672 start=4182 end=17896 fadeDur=224 WROTE
08-30 16:54:27.706 D/FADEDBG (15133): fadeMove OUT item=d9d26319-6992-426b-ac73-25ee43417e39 t=17624 start=4182 end=17896 fadeDur=272 WROTE
08-30 16:54:27.723 D/FADEDBG (15133): fadeMove OUT item=d9d26319-6992-426b-ac73-25ee43417e39 t=17420 start=4182 end=17896 fadeDur=476 WROTE
08-30 16:54:27.739 D/FADEDBG (15133): fadeMove OUT item=d9d26319-6992-426b-ac73-25ee43417e39 t=17078 start=4182 end=17896 fadeDur=818 WROTE
08-30 16:54:27.756 D/FADEDBG (15133): fadeMove OUT item=d9d26319-6992-426b-ac73-25ee43417e39 t=17078 start=4182 end=17896 fadeDur=818 WROTE
08-30 16:54:27.773 D/FADEDBG (15133): fadeMove OUT item=d9d26319-6992-426b-ac73-25ee43417e39 t=16881 start=4182 end=17896 fadeDur=1015 WROTE
08-30 16:54:27.789 D/FADEDBG (15133): fadeMove OUT item=d9d26319-6992-426b-ac73-25ee43417e39 t=16726 start=4182 end=17896 fadeDur=1170 WROTE
08-30 16:54:27.806 D/FADEDBG (15133): fadeMove OUT item=d9d26319-6992-426b-ac73-25ee43417e39 t=16584 start=4182 end=17896 fadeDur=1312 WROTE
08-30 16:54:27.823 D/FADEDBG (15133): fadeMove OUT item=d9d26319-6992-426b-ac73-25ee43417e39 t=16460 start=4182 end=17896 fadeDur=1436 WROTE
08-30 16:54:27.839 D/FADEDBG (15133): fadeMove OUT item=d9d26319-6992-426b-ac73-25ee43417e39 t=16374 start=4182 end=17896 fadeDur=1522 WROTE
08-30 16:54:27.856 D/FADEDBG (15133): fadeMove OUT item=d9d26319-6992-426b-ac73-25ee43417e39 t=16322 start=4182 end=17896 fadeDur=1574 WROTE
08-30 16:54:27.873 D/FADEDBG (15133): fadeMove OUT item=d9d26319-6992-426b-ac73-25ee43417e39 t=16291 start=4182 end=17896 fadeDur=1605 WROTE
08-30 16:54:27.891 D/FADEDBG (15133): fadeMove OUT item=d9d26319-6992-426b-ac73-25ee43417e39 t=16286 start=4182 end=17896 fadeDur=1610 WROTE
08-30 16:54:27.907 D/FADEDBG (15133): fadeMove OUT item=d9d26319-6992-426b-ac73-25ee43417e39 t=16300 start=4182 end=17896 fadeDur=1596 WROTE
08-30 16:54:27.923 D/FADEDBG (15133): fadeMove OUT item=d9d26319-6992-426b-ac73-25ee43417e39 t=16333 start=4182 end=17896 fadeDur=1563 WROTE
08-30 16:54:27.940 D/FADEDBG (15133): fadeMove OUT item=d9d26319-6992-426b-ac73-25ee43417e39 t=16381 start=4182 end=17896 fadeDur=1515 WROTE
08-30 16:54:27.956 D/FADEDBG (15133): fadeMove OUT item=d9d26319-6992-426b-ac73-25ee43417e39 t=16444 start=4182 end=17896 fadeDur=1452 WROTE
08-30 16:54:27.973 D/FADEDBG (15133): fadeMove OUT item=d9d26319-6992-426b-ac73-25ee43417e39 t=16528 start=4182 end=17896 fadeDur=1368 WROTE
08-30 16:54:27.990 D/FADEDBG (15133): fadeMove OUT item=d9d26319-6992-426b-ac73-25ee43417e39 t=16629 start=4182 end=17896 fadeDur=1267 WROTE
08-30 16:54:28.006 D/FADEDBG (15133): fadeMove OUT item=d9d26319-6992-426b-ac73-25ee43417e39 t=16738 start=4182 end=17896 fadeDur=1158 WROTE
08-30 16:54:28.024 D/FADEDBG (15133): fadeMove OUT item=d9d26319-6992-426b-ac73-25ee43417e39 t=16862 start=4182 end=17896 fadeDur=1034 WROTE
08-30 16:54:28.039 D/FADEDBG (15133): fadeMove OUT item=d9d26319-6992-426b-ac73-25ee43417e39 t=17078 start=4182 end=17896 fadeDur=818 WROTE
08-30 16:54:28.056 D/FADEDBG (15133): fadeMove OUT item=d9d26319-6992-426b-ac73-25ee43417e39 t=17078 start=4182 end=17896 fadeDur=818 WROTE
08-30 16:54:28.073 D/FADEDBG (15133): fadeMove OUT item=d9d26319-6992-426b-ac73-25ee43417e39 t=17404 start=4182 end=17896 fadeDur=492 WROTE
08-30 16:54:28.089 D/FADEDBG (15133): fadeMove OUT item=d9d26319-6992-426b-ac73-25ee43417e39 t=17614 start=4182 end=17896 fadeDur=282 WROTE
08-30 16:54:28.106 D/FADEDBG (15133): fadeMove OUT item=d9d26319-6992-426b-ac73-25ee43417e39 t=17834 start=4182 end=17896 fadeDur=62 WROTE
08-30 16:54:28.123 D/FADEDBG (15133): fadeMove OUT item=d9d26319-6992-426b-ac73-25ee43417e39 t=18007 start=4182 end=17896 fadeDur=0 ->0(<40ms)
08-30 16:54:28.140 D/FADEDBG (15133): fadeMove OUT item=d9d26319-6992-426b-ac73-25ee43417e39 t=18145 start=4182 end=17896 fadeDur=0 ->0(<40ms)
08-30 16:54:28.157 D/FADEDBG (15133): fadeMove OUT item=d9d26319-6992-426b-ac73-25ee43417e39 t=18268 start=4182 end=17896 fadeDur=0 ->0(<40ms)
08-30 16:54:28.180 D/FADEDBG (15133): fadeMove OUT item=d9d26319-6992-426b-ac73-25ee43417e39 t=18359 start=4182 end=17896 fadeDur=0 ->0(<40ms)
08-30 16:54:28.189 D/FADEDBG (15133): fadeMove OUT item=d9d26319-6992-426b-ac73-25ee43417e39 t=18417 start=4182 end=17896 fadeDur=0 ->0(<40ms)
08-30 16:54:28.206 D/FADEDBG (15133): fadeMove OUT item=d9d26319-6992-426b-ac73-25ee43417e39 t=18439 start=4182 end=17896 fadeDur=0 ->0(<40ms)
08-30 16:54:28.222 D/FADEDBG (15133): fadeMove OUT item=d9d26319-6992-426b-ac73-25ee43417e39 t=18433 start=4182 end=17896 fadeDur=0 ->0(<40ms)
08-30 16:54:28.240 D/FADEDBG (15133): fadeMove OUT item=d9d26319-6992-426b-ac73-25ee43417e39 t=18364 start=4182 end=17896 fadeDur=0 ->0(<40ms)
08-30 16:54:28.256 D/FADEDBG (15133): fadeMove OUT item=d9d26319-6992-426b-ac73-25ee43417e39 t=18257 start=4182 end=17896 fadeDur=0 ->0(<40ms)
08-30 16:54:28.273 D/FADEDBG (15133): fadeMove OUT item=d9d26319-6992-426b-ac73-25ee43417e39 t=18108 start=4182 end=17896 fadeDur=0 ->0(<40ms)
08-30 16:54:28.290 D/FADEDBG (15133): fadeMove OUT item=d9d26319-6992-426b-ac73-25ee43417e39 t=17917 start=4182 end=17896 fadeDur=0 ->0(<40ms)
08-30 16:54:28.306 D/FADEDBG (15133): fadeMove OUT item=d9d26319-6992-426b-ac73-25ee43417e39 t=17663 start=4182 end=17896 fadeDur=233 WROTE
08-30 16:54:28.323 D/FADEDBG (15133): fadeMove OUT item=d9d26319-6992-426b-ac73-25ee43417e39 t=17347 start=4182 end=17896 fadeDur=549 WROTE
08-30 16:54:28.340 D/FADEDBG (15133): fadeMove OUT item=d9d26319-6992-426b-ac73-25ee43417e39 t=17078 start=4182 end=17896 fadeDur=818 WROTE
08-30 16:54:28.356 D/FADEDBG (15133): fadeMove OUT item=d9d26319-6992-426b-ac73-25ee43417e39 t=16620 start=4182 end=17896 fadeDur=1276 WROTE
08-30 16:54:28.373 D/FADEDBG (15133): fadeMove OUT item=d9d26319-6992-426b-ac73-25ee43417e39 t=16282 start=4182 end=17896 fadeDur=1614 WROTE
08-30 16:54:28.390 D/FADEDBG (15133): fadeMove OUT item=d9d26319-6992-426b-ac73-25ee43417e39 t=15934 start=4182 end=17896 fadeDur=1962 WROTE
08-30 16:54:28.406 D/FADEDBG (15133): fadeMove OUT item=d9d26319-6992-426b-ac73-25ee43417e39 t=15664 start=4182 end=17896 fadeDur=2232 WROTE
08-30 16:54:28.423 D/FADEDBG (15133): fadeMove OUT item=d9d26319-6992-426b-ac73-25ee43417e39 t=15441 start=4182 end=17896 fadeDur=2455 WROTE
08-30 16:54:28.440 D/FADEDBG (15133): fadeMove OUT item=d9d26319-6992-426b-ac73-25ee43417e39 t=15253 start=4182 end=17896 fadeDur=2643 WROTE
08-30 16:54:28.456 D/FADEDBG (15133): fadeMove OUT item=d9d26319-6992-426b-ac73-25ee43417e39 t=15073 start=4182 end=17896 fadeDur=2823 WROTE
08-30 16:54:28.473 D/FADEDBG (15133): fadeMove OUT item=d9d26319-6992-426b-ac73-25ee43417e39 t=14945 start=4182 end=17896 fadeDur=2951 WROTE
08-30 16:54:28.490 D/FADEDBG (15133): fadeMove OUT item=d9d26319-6992-426b-ac73-25ee43417e39 t=14841 start=4182 end=17896 fadeDur=3055 WROTE
08-30 16:54:28.506 D/FADEDBG (15133): fadeMove OUT item=d9d26319-6992-426b-ac73-25ee43417e39 t=14755 start=4182 end=17896 fadeDur=3141 WROTE
08-30 16:54:28.523 D/FADEDBG (15133): fadeMove OUT item=d9d26319-6992-426b-ac73-25ee43417e39 t=14684 start=4182 end=17896 fadeDur=3212 WROTE
08-30 16:54:28.540 D/FADEDBG (15133): fadeMove OUT item=d9d26319-6992-426b-ac73-25ee43417e39 t=14653 start=4182 end=17896 fadeDur=3243 WROTE
08-30 16:54:28.556 D/FADEDBG (15133): fadeMove OUT item=d9d26319-6992-426b-ac73-25ee43417e39 t=14648 start=4182 end=17896 fadeDur=3248 WROTE
08-30 16:54:28.573 D/FADEDBG (15133): fadeMove OUT item=d9d26319-6992-426b-ac73-25ee43417e39 t=14695 start=4182 end=17896 fadeDur=3201 WROTE
08-30 16:54:28.590 D/FADEDBG (15133): fadeMove OUT item=d9d26319-6992-426b-ac73-25ee43417e39 t=14775 start=4182 end=17896 fadeDur=3121 WROTE
08-30 16:54:28.607 D/FADEDBG (15133): fadeMove OUT item=d9d26319-6992-426b-ac73-25ee43417e39 t=14890 start=4182 end=17896 fadeDur=3006 WROTE
08-30 16:54:28.623 D/FADEDBG (15133): fadeMove OUT item=d9d26319-6992-426b-ac73-25ee43417e39 t=15046 start=4182 end=17896 fadeDur=2850 WROTE
08-30 16:54:28.640 D/FADEDBG (15133): fadeMove OUT item=d9d26319-6992-426b-ac73-25ee43417e39 t=15228 start=4182 end=17896 fadeDur=2668 WROTE
08-30 16:54:28.656 D/FADEDBG (15133): fadeMove OUT item=d9d26319-6992-426b-ac73-25ee43417e39 t=15428 start=4182 end=17896 fadeDur=2468 WROTE
08-30 16:54:28.673 D/FADEDBG (15133): fadeMove OUT item=d9d26319-6992-426b-ac73-25ee43417e39 t=15652 start=4182 end=17896 fadeDur=2244 WROTE
08-30 16:54:28.690 D/FADEDBG (15133): fadeMove OUT item=d9d26319-6992-426b-ac73-25ee43417e39 t=15934 start=4182 end=17896 fadeDur=1962 WROTE
08-30 16:54:28.706 D/FADEDBG (15133): fadeMove OUT item=d9d26319-6992-426b-ac73-25ee43417e39 t=16178 start=4182 end=17896 fadeDur=1718 WROTE
08-30 16:54:28.723 D/FADEDBG (15133): fadeMove OUT item=d9d26319-6992-426b-ac73-25ee43417e39 t=16451 start=4182 end=17896 fadeDur=1445 WROTE
08-30 16:54:28.740 D/FADEDBG (15133): fadeMove OUT item=d9d26319-6992-426b-ac73-25ee43417e39 t=16699 start=4182 end=17896 fadeDur=1197 WROTE
08-30 16:54:28.757 D/FADEDBG (15133): fadeMove OUT item=d9d26319-6992-426b-ac73-25ee43417e39 t=17078 start=4182 end=17896 fadeDur=818 WROTE
08-30 16:54:28.774 D/FADEDBG (15133): fadeMove OUT item=d9d26319-6992-426b-ac73-25ee43417e39 t=17078 start=4182 end=17896 fadeDur=818 WROTE
08-30 16:54:28.790 D/FADEDBG (15133): fadeMove OUT item=d9d26319-6992-426b-ac73-25ee43417e39 t=17383 start=4182 end=17896 fadeDur=513 WROTE
08-30 16:54:28.807 D/FADEDBG (15133): fadeMove OUT item=d9d26319-6992-426b-ac73-25ee43417e39 t=17618 start=4182 end=17896 fadeDur=278 WROTE
08-30 16:54:28.823 D/FADEDBG (15133): fadeMove OUT item=d9d26319-6992-426b-ac73-25ee43417e39 t=17839 start=4182 end=17896 fadeDur=57 WROTE
08-30 16:54:28.840 D/FADEDBG (15133): fadeMove OUT item=d9d26319-6992-426b-ac73-25ee43417e39 t=18015 start=4182 end=17896 fadeDur=0 ->0(<40ms)
08-30 16:54:28.857 D/FADEDBG (15133): fadeMove OUT item=d9d26319-6992-426b-ac73-25ee43417e39 t=18169 start=4182 end=17896 fadeDur=0 ->0(<40ms)
08-30 16:54:28.874 D/FADEDBG (15133): fadeMove OUT item=d9d26319-6992-426b-ac73-25ee43417e39 t=18312 start=4182 end=17896 fadeDur=0 ->0(<40ms)
08-30 16:54:28.891 D/FADEDBG (15133): fadeMove OUT item=d9d26319-6992-426b-ac73-25ee43417e39 t=18443 start=4182 end=17896 fadeDur=0 ->0(<40ms)
08-30 16:54:28.908 D/FADEDBG (15133): fadeMove OUT item=d9d26319-6992-426b-ac73-25ee43417e39 t=18568 start=4182 end=17896 fadeDur=0 ->0(<40ms)
08-30 16:54:28.924 D/FADEDBG (15133): fadeMove OUT item=d9d26319-6992-426b-ac73-25ee43417e39 t=18687 start=4182 end=17896 fadeDur=0 ->0(<40ms)
08-30 16:54:28.941 D/FADEDBG (15133): fadeMove OUT item=d9d26319-6992-426b-ac73-25ee43417e39 t=18794 start=4182 end=17896 fadeDur=0 ->0(<40ms)
08-30 16:54:28.957 D/FADEDBG (15133): fadeMove OUT item=d9d26319-6992-426b-ac73-25ee43417e39 t=18889 start=4182 end=17896 fadeDur=0 ->0(<40ms)
08-30 16:54:28.972 D/FADEDBG (15133): fadeMove OUT item=d9d26319-6992-426b-ac73-25ee43417e39 t=18948 start=4182 end=17896 fadeDur=0 ->0(<40ms)
08-30 16:54:29.302 D/E2FADE  (15133): onRowBodyDown WON BODY item=3dfa9d32-de9b-4a67-abe3-0fced71e71ad x=1560.2871 y=179.33398
08-30 16:54:29.905 D/FADEDBG (15133): knob@DOWN item=3dfa9d32-de9b-4a67-abe3-0fced71e71ad x=1623 y=135 knobIn=(198,29) d=1424 knobOut=(1607,29) d=20 r=47
08-30 16:54:29.905 D/E2FADE  (15133): onRowBodyDown WON FADE_OUT item=3dfa9d32-de9b-4a67-abe3-0fced71e71ad x=1623.5684 y=135.43262
08-30 16:54:29.942 D/FADEDBG (15133): fadeMove OUT item=3dfa9d32-de9b-4a67-abe3-0fced71e71ad t=16080 start=0 end=17896 fadeDur=1816 WROTE
08-30 16:54:29.971 D/FADEDBG (15133): fadeMove OUT item=3dfa9d32-de9b-4a67-abe3-0fced71e71ad t=16086 start=0 end=17896 fadeDur=1810 WROTE
08-30 16:54:29.978 D/FADEDBG (15133): fadeMove OUT item=3dfa9d32-de9b-4a67-abe3-0fced71e71ad t=16105 start=0 end=17896 fadeDur=1791 WROTE
08-30 16:54:29.992 D/FADEDBG (15133): fadeMove OUT item=3dfa9d32-de9b-4a67-abe3-0fced71e71ad t=16144 start=0 end=17896 fadeDur=1752 WROTE
08-30 16:54:30.008 D/FADEDBG (15133): fadeMove OUT item=3dfa9d32-de9b-4a67-abe3-0fced71e71ad t=16271 start=0 end=17896 fadeDur=1625 WROTE
08-30 16:54:30.025 D/FADEDBG (15133): fadeMove OUT item=3dfa9d32-de9b-4a67-abe3-0fced71e71ad t=16556 start=0 end=17896 fadeDur=1340 WROTE
08-30 16:54:30.042 D/FADEDBG (15133): fadeMove OUT item=3dfa9d32-de9b-4a67-abe3-0fced71e71ad t=16781 start=0 end=17896 fadeDur=1115 WROTE
08-30 16:54:30.059 D/FADEDBG (15133): fadeMove OUT item=3dfa9d32-de9b-4a67-abe3-0fced71e71ad t=17078 start=0 end=17896 fadeDur=818 WROTE
08-30 16:54:30.075 D/FADEDBG (15133): fadeMove OUT item=3dfa9d32-de9b-4a67-abe3-0fced71e71ad t=17303 start=0 end=17896 fadeDur=593 WROTE
08-30 16:54:30.092 D/FADEDBG (15133): fadeMove OUT item=3dfa9d32-de9b-4a67-abe3-0fced71e71ad t=17550 start=0 end=17896 fadeDur=346 WROTE
08-30 16:54:30.109 D/FADEDBG (15133): fadeMove OUT item=3dfa9d32-de9b-4a67-abe3-0fced71e71ad t=17771 start=0 end=17896 fadeDur=125 WROTE
08-30 16:54:30.125 D/FADEDBG (15133): fadeMove OUT item=3dfa9d32-de9b-4a67-abe3-0fced71e71ad t=17964 start=0 end=17896 fadeDur=0 ->0(<40ms)
08-30 16:54:30.142 D/FADEDBG (15133): fadeMove OUT item=3dfa9d32-de9b-4a67-abe3-0fced71e71ad t=18155 start=0 end=17896 fadeDur=0 ->0(<40ms)
08-30 16:54:30.159 D/FADEDBG (15133): fadeMove OUT item=3dfa9d32-de9b-4a67-abe3-0fced71e71ad t=18342 start=0 end=17896 fadeDur=0 ->0(<40ms)
08-30 16:54:30.175 D/FADEDBG (15133): fadeMove OUT item=3dfa9d32-de9b-4a67-abe3-0fced71e71ad t=18489 start=0 end=17896 fadeDur=0 ->0(<40ms)
08-30 16:54:30.193 D/FADEDBG (15133): fadeMove OUT item=3dfa9d32-de9b-4a67-abe3-0fced71e71ad t=18612 start=0 end=17896 fadeDur=0 ->0(<40ms)
08-30 16:54:30.210 D/FADEDBG (15133): fadeMove OUT item=3dfa9d32-de9b-4a67-abe3-0fced71e71ad t=18726 start=0 end=17896 fadeDur=0 ->0(<40ms)
08-30 16:54:30.226 D/FADEDBG (15133): fadeMove OUT item=3dfa9d32-de9b-4a67-abe3-0fced71e71ad t=18829 start=0 end=17896 fadeDur=0 ->0(<40ms)
08-30 16:54:30.243 D/FADEDBG (15133): fadeMove OUT item=3dfa9d32-de9b-4a67-abe3-0fced71e71ad t=18921 start=0 end=17896 fadeDur=0 ->0(<40ms)
08-30 16:54:30.259 D/FADEDBG (15133): fadeMove OUT item=3dfa9d32-de9b-4a67-abe3-0fced71e71ad t=19010 start=0 end=17896 fadeDur=0 ->0(<40ms)
08-30 16:54:30.277 D/FADEDBG (15133): fadeMove OUT item=3dfa9d32-de9b-4a67-abe3-0fced71e71ad t=19096 start=0 end=17896 fadeDur=0 ->0(<40ms)
08-30 16:54:30.290 D/FADEDBG (15133): fadeMove OUT item=3dfa9d32-de9b-4a67-abe3-0fced71e71ad t=19187 start=0 end=17896 fadeDur=0 ->0(<40ms)
08-30 16:54:31.101 D/FADEDBG (15133): knob@DOWN item=3dfa9d32-de9b-4a67-abe3-0fced71e71ad x=1783 y=107 knobIn=(198,29) d=1584 knobOut=(1801,29) d=22 r=47
08-30 16:54:31.101 D/E2FADE  (15133): onRowBodyDown WON FADE_OUT item=3dfa9d32-de9b-4a67-abe3-0fced71e71ad x=1783.0898 y=107.791016
08-30 16:54:31.160 D/FADEDBG (15133): fadeMove OUT item=3dfa9d32-de9b-4a67-abe3-0fced71e71ad t=17719 start=0 end=17896 fadeDur=177 WROTE
08-30 16:54:31.177 D/FADEDBG (15133): fadeMove OUT item=3dfa9d32-de9b-4a67-abe3-0fced71e71ad t=17714 start=0 end=17896 fadeDur=182 WROTE
08-30 16:54:31.194 D/FADEDBG (15133): fadeMove OUT item=3dfa9d32-de9b-4a67-abe3-0fced71e71ad t=17696 start=0 end=17896 fadeDur=200 WROTE
08-30 16:54:31.210 D/FADEDBG (15133): fadeMove OUT item=3dfa9d32-de9b-4a67-abe3-0fced71e71ad t=17657 start=0 end=17896 fadeDur=239 WROTE
08-30 16:54:31.227 D/FADEDBG (15133): fadeMove OUT item=3dfa9d32-de9b-4a67-abe3-0fced71e71ad t=17518 start=0 end=17896 fadeDur=378 WROTE
08-30 16:54:31.244 D/FADEDBG (15133): fadeMove OUT item=3dfa9d32-de9b-4a67-abe3-0fced71e71ad t=17078 start=0 end=17896 fadeDur=818 WROTE
08-30 16:54:31.261 D/FADEDBG (15133): fadeMove OUT item=3dfa9d32-de9b-4a67-abe3-0fced71e71ad t=17078 start=0 end=17896 fadeDur=818 WROTE
08-30 16:54:31.277 D/FADEDBG (15133): fadeMove OUT item=3dfa9d32-de9b-4a67-abe3-0fced71e71ad t=16706 start=0 end=17896 fadeDur=1190 WROTE
08-30 16:54:31.293 D/FADEDBG (15133): fadeMove OUT item=3dfa9d32-de9b-4a67-abe3-0fced71e71ad t=16471 start=0 end=17896 fadeDur=1425 WROTE
08-30 16:54:31.310 D/FADEDBG (15133): fadeMove OUT item=3dfa9d32-de9b-4a67-abe3-0fced71e71ad t=16225 start=0 end=17896 fadeDur=1671 WROTE
08-30 16:54:31.327 D/FADEDBG (15133): fadeMove OUT item=3dfa9d32-de9b-4a67-abe3-0fced71e71ad t=15991 start=0 end=17896 fadeDur=1905 WROTE
08-30 16:54:31.344 D/FADEDBG (15133): fadeMove OUT item=3dfa9d32-de9b-4a67-abe3-0fced71e71ad t=15776 start=0 end=17896 fadeDur=2120 WROTE
08-30 16:54:31.360 D/FADEDBG (15133): fadeMove OUT item=3dfa9d32-de9b-4a67-abe3-0fced71e71ad t=15590 start=0 end=17896 fadeDur=2306 WROTE
08-30 16:54:31.376 D/FADEDBG (15133): fadeMove OUT item=3dfa9d32-de9b-4a67-abe3-0fced71e71ad t=15452 start=0 end=17896 fadeDur=2444 WROTE
08-30 16:54:31.394 D/FADEDBG (15133): fadeMove OUT item=3dfa9d32-de9b-4a67-abe3-0fced71e71ad t=15343 start=0 end=17896 fadeDur=2553 WROTE
08-30 16:54:31.411 D/FADEDBG (15133): fadeMove OUT item=3dfa9d32-de9b-4a67-abe3-0fced71e71ad t=15267 start=0 end=17896 fadeDur=2629 WROTE
08-30 16:54:31.427 D/FADEDBG (15133): fadeMove OUT item=3dfa9d32-de9b-4a67-abe3-0fced71e71ad t=15228 start=0 end=17896 fadeDur=2668 WROTE
08-30 16:54:31.443 D/FADEDBG (15133): fadeMove OUT item=3dfa9d32-de9b-4a67-abe3-0fced71e71ad t=15210 start=0 end=17896 fadeDur=2686 WROTE
08-30 16:54:31.460 D/FADEDBG (15133): fadeMove OUT item=3dfa9d32-de9b-4a67-abe3-0fced71e71ad t=15205 start=0 end=17896 fadeDur=2691 WROTE
08-30 16:54:31.477 D/FADEDBG (15133): fadeMove OUT item=3dfa9d32-de9b-4a67-abe3-0fced71e71ad t=15225 start=0 end=17896 fadeDur=2671 WROTE
08-30 16:54:31.494 D/FADEDBG (15133): fadeMove OUT item=3dfa9d32-de9b-4a67-abe3-0fced71e71ad t=15271 start=0 end=17896 fadeDur=2625 WROTE
08-30 16:54:31.510 D/FADEDBG (15133): fadeMove OUT item=3dfa9d32-de9b-4a67-abe3-0fced71e71ad t=15359 start=0 end=17896 fadeDur=2537 WROTE
08-30 16:54:31.527 D/FADEDBG (15133): fadeMove OUT item=3dfa9d32-de9b-4a67-abe3-0fced71e71ad t=15480 start=0 end=17896 fadeDur=2416 WROTE
08-30 16:54:31.544 D/FADEDBG (15133): fadeMove OUT item=3dfa9d32-de9b-4a67-abe3-0fced71e71ad t=15640 start=0 end=17896 fadeDur=2256 WROTE
08-30 16:54:31.562 D/FADEDBG (15133): fadeMove OUT item=3dfa9d32-de9b-4a67-abe3-0fced71e71ad t=15838 start=0 end=17896 fadeDur=2058 WROTE
08-30 16:54:31.578 D/FADEDBG (15133): fadeMove OUT item=3dfa9d32-de9b-4a67-abe3-0fced71e71ad t=16096 start=0 end=17896 fadeDur=1800 WROTE
08-30 16:54:31.596 D/FADEDBG (15133): fadeMove OUT item=3dfa9d32-de9b-4a67-abe3-0fced71e71ad t=16402 start=0 end=17896 fadeDur=1494 WROTE
08-30 16:54:31.611 D/FADEDBG (15133): fadeMove OUT item=3dfa9d32-de9b-4a67-abe3-0fced71e71ad t=16696 start=0 end=17896 fadeDur=1200 WROTE
08-30 16:54:31.628 D/FADEDBG (15133): fadeMove OUT item=3dfa9d32-de9b-4a67-abe3-0fced71e71ad t=16848 start=0 end=17896 fadeDur=1048 WROTE
08-30 16:54:31.644 D/FADEDBG (15133): fadeMove OUT item=3dfa9d32-de9b-4a67-abe3-0fced71e71ad t=17265 start=0 end=17896 fadeDur=631 WROTE
08-30 16:54:31.661 D/FADEDBG (15133): fadeMove OUT item=3dfa9d32-de9b-4a67-abe3-0fced71e71ad t=17504 start=0 end=17896 fadeDur=392 WROTE
08-30 16:54:31.679 D/FADEDBG (15133): fadeMove OUT item=3dfa9d32-de9b-4a67-abe3-0fced71e71ad t=17703 start=0 end=17896 fadeDur=193 WROTE
08-30 16:54:31.695 D/FADEDBG (15133): fadeMove OUT item=3dfa9d32-de9b-4a67-abe3-0fced71e71ad t=17849 start=0 end=17896 fadeDur=47 WROTE
08-30 16:54:31.711 D/FADEDBG (15133): fadeMove OUT item=3dfa9d32-de9b-4a67-abe3-0fced71e71ad t=17976 start=0 end=17896 fadeDur=0 ->0(<40ms)
08-30 16:54:31.728 D/FADEDBG (15133): fadeMove OUT item=3dfa9d32-de9b-4a67-abe3-0fced71e71ad t=18092 start=0 end=17896 fadeDur=0 ->0(<40ms)
08-30 16:54:31.745 D/FADEDBG (15133): fadeMove OUT item=3dfa9d32-de9b-4a67-abe3-0fced71e71ad t=18192 start=0 end=17896 fadeDur=0 ->0(<40ms)
08-30 16:54:31.761 D/FADEDBG (15133): fadeMove OUT item=3dfa9d32-de9b-4a67-abe3-0fced71e71ad t=18277 start=0 end=17896 fadeDur=0 ->0(<40ms)
08-30 16:54:31.777 D/FADEDBG (15133): fadeMove OUT item=3dfa9d32-de9b-4a67-abe3-0fced71e71ad t=18346 start=0 end=17896 fadeDur=0 ->0(<40ms)
08-30 16:54:31.795 D/FADEDBG (15133): fadeMove OUT item=3dfa9d32-de9b-4a67-abe3-0fced71e71ad t=18411 start=0 end=17896 fadeDur=0 ->0(<40ms)
08-30 16:54:31.811 D/FADEDBG (15133): fadeMove OUT item=3dfa9d32-de9b-4a67-abe3-0fced71e71ad t=18493 start=0 end=17896 fadeDur=0 ->0(<40ms)
08-30 16:54:31.825 D/FADEDBG (15133): fadeMove OUT item=3dfa9d32-de9b-4a67-abe3-0fced71e71ad t=18563 start=0 end=17896 fadeDur=0 ->0(<40ms)
08-30 16:54:32.286 D/E2FADE  (15133): onRowBodyDown WON BODY item=d9d26319-6992-426b-ac73-25ee43417e39 x=1667.6016 y=237.32715
08-30 16:54:32.863 D/FADEDBG (15133): knob@DOWN item=d9d26319-6992-426b-ac73-25ee43417e39 x=1814 y=217 knobIn=(451,102) d=1363 knobOut=(1801,102) d=25 r=47
08-30 16:54:32.864 D/E2FADE  (15133): onRowBodyDown WON FADE_OUT item=d9d26319-6992-426b-ac73-25ee43417e39 x=1814.2031 y=217.27344
08-30 16:54:32.929 D/FADEDBG (15133): fadeMove OUT item=d9d26319-6992-426b-ac73-25ee43417e39 t=17988 start=4182 end=17896 fadeDur=0 ->0(<40ms)
08-30 16:54:32.946 D/FADEDBG (15133): fadeMove OUT item=d9d26319-6992-426b-ac73-25ee43417e39 t=17948 start=4182 end=17896 fadeDur=0 ->0(<40ms)
08-30 16:54:32.962 D/FADEDBG (15133): fadeMove OUT item=d9d26319-6992-426b-ac73-25ee43417e39 t=17769 start=4182 end=17896 fadeDur=127 WROTE
08-30 16:54:32.979 D/FADEDBG (15133): fadeMove OUT item=d9d26319-6992-426b-ac73-25ee43417e39 t=17557 start=4182 end=17896 fadeDur=339 WROTE
08-30 16:54:32.995 D/FADEDBG (15133): fadeMove OUT item=d9d26319-6992-426b-ac73-25ee43417e39 t=17341 start=4182 end=17896 fadeDur=555 WROTE
08-30 16:54:33.012 D/FADEDBG (15133): fadeMove OUT item=d9d26319-6992-426b-ac73-25ee43417e39 t=17078 start=4182 end=17896 fadeDur=818 WROTE
08-30 16:54:33.029 D/FADEDBG (15133): fadeMove OUT item=d9d26319-6992-426b-ac73-25ee43417e39 t=17078 start=4182 end=17896 fadeDur=818 WROTE
08-30 16:54:33.045 D/FADEDBG (15133): fadeMove OUT item=d9d26319-6992-426b-ac73-25ee43417e39 t=16698 start=4182 end=17896 fadeDur=1198 WROTE
08-30 16:54:33.063 D/FADEDBG (15133): fadeMove OUT item=d9d26319-6992-426b-ac73-25ee43417e39 t=16445 start=4182 end=17896 fadeDur=1451 WROTE
08-30 16:54:33.079 D/FADEDBG (15133): fadeMove OUT item=d9d26319-6992-426b-ac73-25ee43417e39 t=16220 start=4182 end=17896 fadeDur=1676 WROTE
08-30 16:54:33.096 D/FADEDBG (15133): fadeMove OUT item=d9d26319-6992-426b-ac73-25ee43417e39 t=15993 start=4182 end=17896 fadeDur=1903 WROTE
08-30 16:54:33.114 D/FADEDBG (15133): fadeMove OUT item=d9d26319-6992-426b-ac73-25ee43417e39 t=15806 start=4182 end=17896 fadeDur=2090 WROTE
08-30 16:54:33.129 D/FADEDBG (15133): fadeMove OUT item=d9d26319-6992-426b-ac73-25ee43417e39 t=15671 start=4182 end=17896 fadeDur=2225 WROTE
08-30 16:54:33.145 D/FADEDBG (15133): fadeMove OUT item=d9d26319-6992-426b-ac73-25ee43417e39 t=15572 start=4182 end=17896 fadeDur=2324 WROTE
08-30 16:54:33.162 D/FADEDBG (15133): fadeMove OUT item=d9d26319-6992-426b-ac73-25ee43417e39 t=15509 start=4182 end=17896 fadeDur=2387 WROTE
08-30 16:54:33.179 D/FADEDBG (15133): fadeMove OUT item=d9d26319-6992-426b-ac73-25ee43417e39 t=15484 start=4182 end=17896 fadeDur=2412 WROTE
08-30 16:54:33.196 D/FADEDBG (15133): fadeMove OUT item=d9d26319-6992-426b-ac73-25ee43417e39 t=15474 start=4182 end=17896 fadeDur=2422 WROTE
08-30 16:54:33.212 D/FADEDBG (15133): fadeMove OUT item=d9d26319-6992-426b-ac73-25ee43417e39 t=15501 start=4182 end=17896 fadeDur=2395 WROTE
08-30 16:54:33.229 D/FADEDBG (15133): fadeMove OUT item=d9d26319-6992-426b-ac73-25ee43417e39 t=15538 start=4182 end=17896 fadeDur=2358 WROTE
08-30 16:54:33.246 D/FADEDBG (15133): fadeMove OUT item=d9d26319-6992-426b-ac73-25ee43417e39 t=15601 start=4182 end=17896 fadeDur=2295 WROTE
08-30 16:54:33.262 D/FADEDBG (15133): fadeMove OUT item=d9d26319-6992-426b-ac73-25ee43417e39 t=15687 start=4182 end=17896 fadeDur=2209 WROTE
08-30 16:54:33.280 D/FADEDBG (15133): fadeMove OUT item=d9d26319-6992-426b-ac73-25ee43417e39 t=15822 start=4182 end=17896 fadeDur=2074 WROTE
08-30 16:54:33.296 D/FADEDBG (15133): fadeMove OUT item=d9d26319-6992-426b-ac73-25ee43417e39 t=16017 start=4182 end=17896 fadeDur=1879 WROTE
08-30 16:54:33.312 D/FADEDBG (15133): fadeMove OUT item=d9d26319-6992-426b-ac73-25ee43417e39 t=16283 start=4182 end=17896 fadeDur=1613 WROTE
08-30 16:54:33.330 D/FADEDBG (15133): fadeMove OUT item=d9d26319-6992-426b-ac73-25ee43417e39 t=16590 start=4182 end=17896 fadeDur=1306 WROTE
08-30 16:54:33.346 D/FADEDBG (15133): fadeMove OUT item=d9d26319-6992-426b-ac73-25ee43417e39 t=17078 start=4182 end=17896 fadeDur=818 WROTE
08-30 16:54:33.363 D/FADEDBG (15133): fadeMove OUT item=d9d26319-6992-426b-ac73-25ee43417e39 t=17320 start=4182 end=17896 fadeDur=576 WROTE
08-30 16:54:33.380 D/FADEDBG (15133): fadeMove OUT item=d9d26319-6992-426b-ac73-25ee43417e39 t=17696 start=4182 end=17896 fadeDur=200 WROTE
08-30 16:54:33.396 D/FADEDBG (15133): fadeMove OUT item=d9d26319-6992-426b-ac73-25ee43417e39 t=18006 start=4182 end=17896 fadeDur=0 ->0(<40ms)
08-30 16:54:33.413 D/FADEDBG (15133): fadeMove OUT item=d9d26319-6992-426b-ac73-25ee43417e39 t=18274 start=4182 end=17896 fadeDur=0 ->0(<40ms)
08-30 16:54:33.429 D/FADEDBG (15133): fadeMove OUT item=d9d26319-6992-426b-ac73-25ee43417e39 t=18513 start=4182 end=17896 fadeDur=0 ->0(<40ms)
08-30 16:54:33.445 D/FADEDBG (15133): fadeMove OUT item=d9d26319-6992-426b-ac73-25ee43417e39 t=18672 start=4182 end=17896 fadeDur=0 ->0(<40ms)
08-30 16:54:33.462 D/FADEDBG (15133): fadeMove OUT item=d9d26319-6992-426b-ac73-25ee43417e39 t=18785 start=4182 end=17896 fadeDur=0 ->0(<40ms)
08-30 16:54:33.479 D/FADEDBG (15133): fadeMove OUT item=d9d26319-6992-426b-ac73-25ee43417e39 t=18887 start=4182 end=17896 fadeDur=0 ->0(<40ms)
08-30 16:54:33.496 D/FADEDBG (15133): fadeMove OUT item=d9d26319-6992-426b-ac73-25ee43417e39 t=18987 start=4182 end=17896 fadeDur=0 ->0(<40ms)
08-30 16:54:33.513 D/FADEDBG (15133): fadeMove OUT item=d9d26319-6992-426b-ac73-25ee43417e39 t=19085 start=4182 end=17896 fadeDur=0 ->0(<40ms)
08-30 16:54:33.529 D/FADEDBG (15133): fadeMove OUT item=d9d26319-6992-426b-ac73-25ee43417e39 t=19163 start=4182 end=17896 fadeDur=0 ->0(<40ms)
08-30 16:54:33.546 D/FADEDBG (15133): fadeMove OUT item=d9d26319-6992-426b-ac73-25ee43417e39 t=19243 start=4182 end=17896 fadeDur=0 ->0(<40ms)
08-30 16:54:33.563 D/FADEDBG (15133): fadeMove OUT item=d9d26319-6992-426b-ac73-25ee43417e39 t=19335 start=4182 end=17896 fadeDur=0 ->0(<40ms)
08-30 16:54:33.580 D/FADEDBG (15133): fadeMove OUT item=d9d26319-6992-426b-ac73-25ee43417e39 t=19463 start=4182 end=17896 fadeDur=0 ->0(<40ms)
08-30 16:54:33.588 D/FADEDBG (15133): fadeMove OUT item=d9d26319-6992-426b-ac73-25ee43417e39 t=19500 start=4182 end=17896 fadeDur=0 ->0(<40ms)
08-30 16:54:38.422 D/E2FADE  (15133): onRowBodyDown WON BODY item=2e48e3e1-90ee-4397-9fe7-0715dc36c416 x=218.76953 y=340.84766
08-30 16:54:39.348 D/FADEDBG (15133): knob@DOWN item=2e48e3e1-90ee-4397-9fe7-0715dc36c416 x=36 y=311 knobIn=(39,175) d=43 knobOut=(531,175) d=496 r=47
08-30 16:54:39.348 D/E2FADE  (15133): onRowBodyDown WON FADE_IN item=2e48e3e1-90ee-4397-9fe7-0715dc36c416 x=36.572266 y=311.0381
08-30 16:54:39.419 D/FADEDBG (15133): fadeMove IN item=2e48e3e1-90ee-4397-9fe7-0715dc36c416 t=13 start=0 end=5000 fadeDur=13 ->0(<40ms)
08-30 16:54:39.436 D/FADEDBG (15133): fadeMove IN item=2e48e3e1-90ee-4397-9fe7-0715dc36c416 t=53 start=0 end=5000 fadeDur=53 WROTE
08-30 16:54:39.454 D/FADEDBG (15133): fadeMove IN item=2e48e3e1-90ee-4397-9fe7-0715dc36c416 t=207 start=0 end=5000 fadeDur=207 WROTE
08-30 16:54:39.470 D/FADEDBG (15133): fadeMove IN item=2e48e3e1-90ee-4397-9fe7-0715dc36c416 t=395 start=0 end=5000 fadeDur=395 WROTE
08-30 16:54:39.486 D/FADEDBG (15133): fadeMove IN item=2e48e3e1-90ee-4397-9fe7-0715dc36c416 t=575 start=0 end=5000 fadeDur=575 WROTE
08-30 16:54:39.503 D/FADEDBG (15133): fadeMove IN item=2e48e3e1-90ee-4397-9fe7-0715dc36c416 t=784 start=0 end=5000 fadeDur=784 WROTE
08-30 16:54:39.519 D/FADEDBG (15133): fadeMove IN item=2e48e3e1-90ee-4397-9fe7-0715dc36c416 t=1016 start=0 end=5000 fadeDur=1016 WROTE
08-30 16:54:39.536 D/FADEDBG (15133): fadeMove IN item=2e48e3e1-90ee-4397-9fe7-0715dc36c416 t=1246 start=0 end=5000 fadeDur=1246 WROTE
08-30 16:54:39.553 D/FADEDBG (15133): fadeMove IN item=2e48e3e1-90ee-4397-9fe7-0715dc36c416 t=1619 start=0 end=5000 fadeDur=1619 WROTE
08-30 16:54:39.570 D/FADEDBG (15133): fadeMove IN item=2e48e3e1-90ee-4397-9fe7-0715dc36c416 t=1786 start=0 end=5000 fadeDur=1786 WROTE
08-30 16:54:39.586 D/FADEDBG (15133): fadeMove IN item=2e48e3e1-90ee-4397-9fe7-0715dc36c416 t=2045 start=0 end=5000 fadeDur=2045 WROTE
08-30 16:54:39.604 D/FADEDBG (15133): fadeMove IN item=2e48e3e1-90ee-4397-9fe7-0715dc36c416 t=2292 start=0 end=5000 fadeDur=2292 WROTE
08-30 16:54:39.620 D/FADEDBG (15133): fadeMove IN item=2e48e3e1-90ee-4397-9fe7-0715dc36c416 t=2495 start=0 end=5000 fadeDur=2495 WROTE
08-30 16:54:39.638 D/FADEDBG (15133): fadeMove IN item=2e48e3e1-90ee-4397-9fe7-0715dc36c416 t=2647 start=0 end=5000 fadeDur=2500 WROTE
08-30 16:54:39.653 D/FADEDBG (15133): fadeMove IN item=2e48e3e1-90ee-4397-9fe7-0715dc36c416 t=2750 start=0 end=5000 fadeDur=2500 WROTE
08-30 16:54:39.669 D/FADEDBG (15133): fadeMove IN item=2e48e3e1-90ee-4397-9fe7-0715dc36c416 t=2821 start=0 end=5000 fadeDur=2500 WROTE
08-30 16:54:39.686 D/FADEDBG (15133): fadeMove IN item=2e48e3e1-90ee-4397-9fe7-0715dc36c416 t=2867 start=0 end=5000 fadeDur=2500 WROTE
08-30 16:54:39.703 D/FADEDBG (15133): fadeMove IN item=2e48e3e1-90ee-4397-9fe7-0715dc36c416 t=2888 start=0 end=5000 fadeDur=2500 WROTE
08-30 16:54:39.719 D/FADEDBG (15133): fadeMove IN item=2e48e3e1-90ee-4397-9fe7-0715dc36c416 t=2887 start=0 end=5000 fadeDur=2500 WROTE
08-30 16:54:39.736 D/FADEDBG (15133): fadeMove IN item=2e48e3e1-90ee-4397-9fe7-0715dc36c416 t=2863 start=0 end=5000 fadeDur=2500 WROTE
08-30 16:54:39.753 D/FADEDBG (15133): fadeMove IN item=2e48e3e1-90ee-4397-9fe7-0715dc36c416 t=2792 start=0 end=5000 fadeDur=2500 WROTE
08-30 16:54:39.769 D/FADEDBG (15133): fadeMove IN item=2e48e3e1-90ee-4397-9fe7-0715dc36c416 t=2671 start=0 end=5000 fadeDur=2500 WROTE
08-30 16:54:39.786 D/FADEDBG (15133): fadeMove IN item=2e48e3e1-90ee-4397-9fe7-0715dc36c416 t=2517 start=0 end=5000 fadeDur=2500 WROTE
08-30 16:54:39.803 D/FADEDBG (15133): fadeMove IN item=2e48e3e1-90ee-4397-9fe7-0715dc36c416 t=2311 start=0 end=5000 fadeDur=2311 WROTE
08-30 16:54:39.820 D/FADEDBG (15133): fadeMove IN item=2e48e3e1-90ee-4397-9fe7-0715dc36c416 t=2054 start=0 end=5000 fadeDur=2054 WROTE
08-30 16:54:39.836 D/FADEDBG (15133): fadeMove IN item=2e48e3e1-90ee-4397-9fe7-0715dc36c416 t=1619 start=0 end=5000 fadeDur=1619 WROTE
08-30 16:54:39.853 D/FADEDBG (15133): fadeMove IN item=2e48e3e1-90ee-4397-9fe7-0715dc36c416 t=1398 start=0 end=5000 fadeDur=1398 WROTE
08-30 16:54:39.870 D/FADEDBG (15133): fadeMove IN item=2e48e3e1-90ee-4397-9fe7-0715dc36c416 t=1100 start=0 end=5000 fadeDur=1100 WROTE
08-30 16:54:39.887 D/FADEDBG (15133): fadeMove IN item=2e48e3e1-90ee-4397-9fe7-0715dc36c416 t=858 start=0 end=5000 fadeDur=858 WROTE
08-30 16:54:39.904 D/FADEDBG (15133): fadeMove IN item=2e48e3e1-90ee-4397-9fe7-0715dc36c416 t=686 start=0 end=5000 fadeDur=686 WROTE
08-30 16:54:39.920 D/FADEDBG (15133): fadeMove IN item=2e48e3e1-90ee-4397-9fe7-0715dc36c416 t=564 start=0 end=5000 fadeDur=564 WROTE
08-30 16:54:39.936 D/FADEDBG (15133): fadeMove IN item=2e48e3e1-90ee-4397-9fe7-0715dc36c416 t=481 start=0 end=5000 fadeDur=481 WROTE
08-30 16:54:39.954 D/FADEDBG (15133): fadeMove IN item=2e48e3e1-90ee-4397-9fe7-0715dc36c416 t=422 start=0 end=5000 fadeDur=422 WROTE
08-30 16:54:39.970 D/FADEDBG (15133): fadeMove IN item=2e48e3e1-90ee-4397-9fe7-0715dc36c416 t=393 start=0 end=5000 fadeDur=393 WROTE
08-30 16:54:39.986 D/FADEDBG (15133): fadeMove IN item=2e48e3e1-90ee-4397-9fe7-0715dc36c416 t=389 start=0 end=5000 fadeDur=389 WROTE
08-30 16:54:40.004 D/FADEDBG (15133): fadeMove IN item=2e48e3e1-90ee-4397-9fe7-0715dc36c416 t=444 start=0 end=5000 fadeDur=444 WROTE
08-30 16:54:40.020 D/FADEDBG (15133): fadeMove IN item=2e48e3e1-90ee-4397-9fe7-0715dc36c416 t=509 start=0 end=5000 fadeDur=509 WROTE
08-30 16:54:40.037 D/FADEDBG (15133): fadeMove IN item=2e48e3e1-90ee-4397-9fe7-0715dc36c416 t=584 start=0 end=5000 fadeDur=584 WROTE
08-30 16:54:40.054 D/FADEDBG (15133): fadeMove IN item=2e48e3e1-90ee-4397-9fe7-0715dc36c416 t=646 start=0 end=5000 fadeDur=646 WROTE
08-30 16:54:40.070 D/FADEDBG (15133): fadeMove IN item=2e48e3e1-90ee-4397-9fe7-0715dc36c416 t=682 start=0 end=5000 fadeDur=682 WROTE
08-30 16:54:40.086 D/FADEDBG (15133): fadeMove IN item=2e48e3e1-90ee-4397-9fe7-0715dc36c416 t=714 start=0 end=5000 fadeDur=714 WROTE
08-30 16:54:40.103 D/FADEDBG (15133): fadeMove IN item=2e48e3e1-90ee-4397-9fe7-0715dc36c416 t=740 start=0 end=5000 fadeDur=740 WROTE
08-30 16:54:40.120 D/FADEDBG (15133): fadeMove IN item=2e48e3e1-90ee-4397-9fe7-0715dc36c416 t=764 start=0 end=5000 fadeDur=764 WROTE
08-30 16:54:40.137 D/FADEDBG (15133): fadeMove IN item=2e48e3e1-90ee-4397-9fe7-0715dc36c416 t=784 start=0 end=5000 fadeDur=784 WROTE
08-30 16:54:40.154 D/FADEDBG (15133): fadeMove IN item=2e48e3e1-90ee-4397-9fe7-0715dc36c416 t=809 start=0 end=5000 fadeDur=809 WROTE
08-30 16:54:40.170 D/FADEDBG (15133): fadeMove IN item=2e48e3e1-90ee-4397-9fe7-0715dc36c416 t=856 start=0 end=5000 fadeDur=856 WROTE
08-30 16:54:40.187 D/FADEDBG (15133): fadeMove IN item=2e48e3e1-90ee-4397-9fe7-0715dc36c416 t=909 start=0 end=5000 fadeDur=909 WROTE
08-30 16:54:40.204 D/FADEDBG (15133): fadeMove IN item=2e48e3e1-90ee-4397-9fe7-0715dc36c416 t=961 start=0 end=5000 fadeDur=961 WROTE
08-30 16:54:40.220 D/FADEDBG (15133): fadeMove IN item=2e48e3e1-90ee-4397-9fe7-0715dc36c416 t=992 start=0 end=5000 fadeDur=992 WROTE
08-30 16:54:40.237 D/FADEDBG (15133): fadeMove IN item=2e48e3e1-90ee-4397-9fe7-0715dc36c416 t=1021 start=0 end=5000 fadeDur=1021 WROTE
08-30 16:54:40.254 D/FADEDBG (15133): fadeMove IN item=2e48e3e1-90ee-4397-9fe7-0715dc36c416 t=1029 start=0 end=5000 fadeDur=1029 WROTE
08-30 16:54:40.271 D/FADEDBG (15133): fadeMove IN item=2e48e3e1-90ee-4397-9fe7-0715dc36c416 t=1040 start=0 end=5000 fadeDur=1040 WROTE
08-30 16:54:40.288 D/FADEDBG (15133): fadeMove IN item=2e48e3e1-90ee-4397-9fe7-0715dc36c416 t=1045 start=0 end=5000 fadeDur=1045 WROTE
08-30 16:54:40.304 D/FADEDBG (15133): fadeMove IN item=2e48e3e1-90ee-4397-9fe7-0715dc36c416 t=1049 start=0 end=5000 fadeDur=1049 WROTE
08-30 16:54:40.320 D/FADEDBG (15133): fadeMove IN item=2e48e3e1-90ee-4397-9fe7-0715dc36c416 t=1068 start=0 end=5000 fadeDur=1068 WROTE
08-30 16:54:40.337 D/FADEDBG (15133): fadeMove IN item=2e48e3e1-90ee-4397-9fe7-0715dc36c416 t=1113 start=0 end=5000 fadeDur=1113 WROTE
08-30 16:54:40.354 D/FADEDBG (15133): fadeMove IN item=2e48e3e1-90ee-4397-9fe7-0715dc36c416 t=1162 start=0 end=5000 fadeDur=1162 WROTE
08-30 16:54:40.370 D/FADEDBG (15133): fadeMove IN item=2e48e3e1-90ee-4397-9fe7-0715dc36c416 t=1187 start=0 end=5000 fadeDur=1187 WROTE
08-30 16:54:40.387 D/FADEDBG (15133): fadeMove IN item=2e48e3e1-90ee-4397-9fe7-0715dc36c416 t=1198 start=0 end=5000 fadeDur=1198 WROTE
08-30 16:54:40.404 D/FADEDBG (15133): fadeMove IN item=2e48e3e1-90ee-4397-9fe7-0715dc36c416 t=1206 start=0 end=5000 fadeDur=1206 WROTE
08-30 16:54:40.420 D/FADEDBG (15133): fadeMove IN item=2e48e3e1-90ee-4397-9fe7-0715dc36c416 t=1209 start=0 end=5000 fadeDur=1209 WROTE
08-30 16:54:40.438 D/FADEDBG (15133): fadeMove IN item=2e48e3e1-90ee-4397-9fe7-0715dc36c416 t=1195 start=0 end=5000 fadeDur=1195 WROTE
08-30 16:54:40.454 D/FADEDBG (15133): fadeMove IN item=2e48e3e1-90ee-4397-9fe7-0715dc36c416 t=1190 start=0 end=5000 fadeDur=1190 WROTE
08-30 16:54:40.476 D/FADEDBG (15133): fadeMove IN item=2e48e3e1-90ee-4397-9fe7-0715dc36c416 t=1171 start=0 end=5000 fadeDur=1171 WROTE
08-30 16:54:46.179 D/E2FADE  (15133): onRowBodyDown WON BODY item=2e48e3e1-90ee-4397-9fe7-0715dc36c416 x=172.09961 y=305.61816
08-30 16:54:46.841 D/FADEDBG (15133): knob@DOWN item=2e48e3e1-90ee-4397-9fe7-0715dc36c416 x=156 y=272 knobIn=(154,175) d=4 knobOut=(531,175) d=375 r=47
08-30 16:54:46.841 D/E2FADE  (15133): onRowBodyDown WON FADE_IN item=2e48e3e1-90ee-4397-9fe7-0715dc36c416 x=156.01562 y=272.55664
08-30 16:54:46.929 D/FADEDBG (15133): fadeMove IN item=2e48e3e1-90ee-4397-9fe7-0715dc36c416 t=1128 start=0 end=5000 fadeDur=1128 WROTE
08-30 16:54:46.948 D/FADEDBG (15133): fadeMove IN item=2e48e3e1-90ee-4397-9fe7-0715dc36c416 t=1071 start=0 end=5000 fadeDur=1071 WROTE
08-30 16:54:46.962 D/FADEDBG (15133): fadeMove IN item=2e48e3e1-90ee-4397-9fe7-0715dc36c416 t=918 start=0 end=5000 fadeDur=918 WROTE
08-30 16:54:46.979 D/FADEDBG (15133): fadeMove IN item=2e48e3e1-90ee-4397-9fe7-0715dc36c416 t=736 start=0 end=5000 fadeDur=736 WROTE
08-30 16:54:46.996 D/FADEDBG (15133): fadeMove IN item=2e48e3e1-90ee-4397-9fe7-0715dc36c416 t=545 start=0 end=5000 fadeDur=545 WROTE
08-30 16:54:47.013 D/FADEDBG (15133): fadeMove IN item=2e48e3e1-90ee-4397-9fe7-0715dc36c416 t=381 start=0 end=5000 fadeDur=381 WROTE
08-30 16:54:47.029 D/FADEDBG (15133): fadeMove IN item=2e48e3e1-90ee-4397-9fe7-0715dc36c416 t=220 start=0 end=5000 fadeDur=220 WROTE
08-30 16:54:47.046 D/FADEDBG (15133): fadeMove IN item=2e48e3e1-90ee-4397-9fe7-0715dc36c416 t=48 start=0 end=5000 fadeDur=48 WROTE
08-30 16:54:47.063 D/FADEDBG (15133): fadeMove IN item=2e48e3e1-90ee-4397-9fe7-0715dc36c416 t=0 start=0 end=5000 fadeDur=0 ->0(<40ms)
08-30 16:54:47.079 D/FADEDBG (15133): fadeMove IN item=2e48e3e1-90ee-4397-9fe7-0715dc36c416 t=0 start=0 end=5000 fadeDur=0 ->0(<40ms)
08-30 16:54:47.096 D/FADEDBG (15133): fadeMove IN item=2e48e3e1-90ee-4397-9fe7-0715dc36c416 t=0 start=0 end=5000 fadeDur=0 ->0(<40ms)
08-30 16:54:47.112 D/FADEDBG (15133): fadeMove IN item=2e48e3e1-90ee-4397-9fe7-0715dc36c416 t=0 start=0 end=5000 fadeDur=0 ->0(<40ms)
08-30 16:54:47.129 D/FADEDBG (15133): fadeMove IN item=2e48e3e1-90ee-4397-9fe7-0715dc36c416 t=0 start=0 end=5000 fadeDur=0 ->0(<40ms)
08-30 16:54:47.146 D/FADEDBG (15133): fadeMove IN item=2e48e3e1-90ee-4397-9fe7-0715dc36c416 t=0 start=0 end=5000 fadeDur=0 ->0(<40ms)
08-30 16:54:47.163 D/FADEDBG (15133): fadeMove IN item=2e48e3e1-90ee-4397-9fe7-0715dc36c416 t=0 start=0 end=5000 fadeDur=0 ->0(<40ms)
08-30 16:54:47.180 D/FADEDBG (15133): fadeMove IN item=2e48e3e1-90ee-4397-9fe7-0715dc36c416 t=0 start=0 end=5000 fadeDur=0 ->0(<40ms)
08-30 16:54:47.196 D/FADEDBG (15133): fadeMove IN item=2e48e3e1-90ee-4397-9fe7-0715dc36c416 t=0 start=0 end=5000 fadeDur=0 ->0(<40ms)
08-30 16:54:47.214 D/FADEDBG (15133): fadeMove IN item=2e48e3e1-90ee-4397-9fe7-0715dc36c416 t=0 start=0 end=5000 fadeDur=0 ->0(<40ms)
08-30 16:54:47.230 D/FADEDBG (15133): fadeMove IN item=2e48e3e1-90ee-4397-9fe7-0715dc36c416 t=0 start=0 end=5000 fadeDur=0 ->0(<40ms)
08-30 16:54:47.246 D/FADEDBG (15133): fadeMove IN item=2e48e3e1-90ee-4397-9fe7-0715dc36c416 t=0 start=0 end=5000 fadeDur=0 ->0(<40ms)
08-30 16:54:47.262 D/FADEDBG (15133): fadeMove IN item=2e48e3e1-90ee-4397-9fe7-0715dc36c416 t=0 start=0 end=5000 fadeDur=0 ->0(<40ms)
08-30 16:54:47.279 D/FADEDBG (15133): fadeMove IN item=2e48e3e1-90ee-4397-9fe7-0715dc36c416 t=0 start=0 end=5000 fadeDur=0 ->0(<40ms)
08-30 16:54:47.296 D/FADEDBG (15133): fadeMove IN item=2e48e3e1-90ee-4397-9fe7-0715dc36c416 t=0 start=0 end=5000 fadeDur=0 ->0(<40ms)
08-30 16:54:47.313 D/FADEDBG (15133): fadeMove IN item=2e48e3e1-90ee-4397-9fe7-0715dc36c416 t=0 start=0 end=5000 fadeDur=0 ->0(<40ms)
08-30 16:54:47.347 D/FADEDBG (15133): fadeMove IN item=2e48e3e1-90ee-4397-9fe7-0715dc36c416 t=0 start=0 end=5000 fadeDur=0 ->0(<40ms)
08-30 16:54:47.362 D/FADEDBG (15133): fadeMove IN item=2e48e3e1-90ee-4397-9fe7-0715dc36c416 t=0 start=0 end=5000 fadeDur=0 ->0(<40ms)
08-30 16:54:47.379 D/FADEDBG (15133): fadeMove IN item=2e48e3e1-90ee-4397-9fe7-0715dc36c416 t=0 start=0 end=5000 fadeDur=0 ->0(<40ms)
08-30 16:54:47.396 D/FADEDBG (15133): fadeMove IN item=2e48e3e1-90ee-4397-9fe7-0715dc36c416 t=0 start=0 end=5000 fadeDur=0 ->0(<40ms)
08-30 16:54:47.414 D/FADEDBG (15133): fadeMove IN item=2e48e3e1-90ee-4397-9fe7-0715dc36c416 t=0 start=0 end=5000 fadeDur=0 ->0(<40ms)
08-30 16:54:47.429 D/FADEDBG (15133): fadeMove IN item=2e48e3e1-90ee-4397-9fe7-0715dc36c416 t=0 start=0 end=5000 fadeDur=0 ->0(<40ms)
08-30 16:54:47.446 D/FADEDBG (15133): fadeMove IN item=2e48e3e1-90ee-4397-9fe7-0715dc36c416 t=0 start=0 end=5000 fadeDur=0 ->0(<40ms)
08-30 16:54:47.462 D/FADEDBG (15133): fadeMove IN item=2e48e3e1-90ee-4397-9fe7-0715dc36c416 t=0 start=0 end=5000 fadeDur=0 ->0(<40ms)
08-30 16:54:47.479 D/FADEDBG (15133): fadeMove IN item=2e48e3e1-90ee-4397-9fe7-0715dc36c416 t=212 start=0 end=5000 fadeDur=212 WROTE
08-30 16:54:47.496 D/FADEDBG (15133): fadeMove IN item=2e48e3e1-90ee-4397-9fe7-0715dc36c416 t=410 start=0 end=5000 fadeDur=410 WROTE
08-30 16:54:47.513 D/FADEDBG (15133): fadeMove IN item=2e48e3e1-90ee-4397-9fe7-0715dc36c416 t=575 start=0 end=5000 fadeDur=575 WROTE
08-30 16:54:47.529 D/FADEDBG (15133): fadeMove IN item=2e48e3e1-90ee-4397-9fe7-0715dc36c416 t=732 start=0 end=5000 fadeDur=732 WROTE
08-30 16:54:47.546 D/FADEDBG (15133): fadeMove IN item=2e48e3e1-90ee-4397-9fe7-0715dc36c416 t=834 start=0 end=5000 fadeDur=834 WROTE
08-30 16:54:47.562 D/FADEDBG (15133): fadeMove IN item=2e48e3e1-90ee-4397-9fe7-0715dc36c416 t=976 start=0 end=5000 fadeDur=976 WROTE
08-30 16:54:47.579 D/FADEDBG (15133): fadeMove IN item=2e48e3e1-90ee-4397-9fe7-0715dc36c416 t=1020 start=0 end=5000 fadeDur=1020 WROTE
08-30 16:54:47.596 D/FADEDBG (15133): fadeMove IN item=2e48e3e1-90ee-4397-9fe7-0715dc36c416 t=1056 start=0 end=5000 fadeDur=1056 WROTE
08-30 16:54:47.613 D/FADEDBG (15133): fadeMove IN item=2e48e3e1-90ee-4397-9fe7-0715dc36c416 t=1075 start=0 end=5000 fadeDur=1075 WROTE
08-30 16:54:47.629 D/FADEDBG (15133): fadeMove IN item=2e48e3e1-90ee-4397-9fe7-0715dc36c416 t=1077 start=0 end=5000 fadeDur=1077 WROTE
08-30 16:54:47.630 D/FADEDBG (15133): fadeMove IN item=2e48e3e1-90ee-4397-9fe7-0715dc36c416 t=1080 start=0 end=5000 fadeDur=1080 WROTE
08-30 16:54:47.646 D/FADEDBG (15133): fadeMove IN item=2e48e3e1-90ee-4397-9fe7-0715dc36c416 t=1128 start=0 end=5000 fadeDur=1128 WROTE
08-30 16:54:47.663 D/FADEDBG (15133): fadeMove IN item=2e48e3e1-90ee-4397-9fe7-0715dc36c416 t=1158 start=0 end=5000 fadeDur=1158 WROTE
08-30 16:54:47.680 D/FADEDBG (15133): fadeMove IN item=2e48e3e1-90ee-4397-9fe7-0715dc36c416 t=1195 start=0 end=5000 fadeDur=1195 WROTE
08-30 16:54:47.696 D/FADEDBG (15133): fadeMove IN item=2e48e3e1-90ee-4397-9fe7-0715dc36c416 t=1221 start=0 end=5000 fadeDur=1221 WROTE
08-30 16:54:47.713 D/FADEDBG (15133): fadeMove IN item=2e48e3e1-90ee-4397-9fe7-0715dc36c416 t=1242 start=0 end=5000 fadeDur=1242 WROTE
08-30 16:54:47.730 D/FADEDBG (15133): fadeMove IN item=2e48e3e1-90ee-4397-9fe7-0715dc36c416 t=1255 start=0 end=5000 fadeDur=1255 WROTE
08-30 16:54:47.747 D/FADEDBG (15133): fadeMove IN item=2e48e3e1-90ee-4397-9fe7-0715dc36c416 t=1270 start=0 end=5000 fadeDur=1270 WROTE
08-30 16:54:47.763 D/FADEDBG (15133): fadeMove IN item=2e48e3e1-90ee-4397-9fe7-0715dc36c416 t=1276 start=0 end=5000 fadeDur=1276 WROTE
08-30 16:54:47.780 D/FADEDBG (15133): fadeMove IN item=2e48e3e1-90ee-4397-9fe7-0715dc36c416 t=1275 start=0 end=5000 fadeDur=1275 WROTE
08-30 16:54:47.797 D/FADEDBG (15133): fadeMove IN item=2e48e3e1-90ee-4397-9fe7-0715dc36c416 t=1274 start=0 end=5000 fadeDur=1274 WROTE
08-30 16:54:47.814 D/FADEDBG (15133): fadeMove IN item=2e48e3e1-90ee-4397-9fe7-0715dc36c416 t=1273 start=0 end=5000 fadeDur=1273 WROTE
08-30 16:54:47.828 D/FADEDBG (15133): fadeMove IN item=2e48e3e1-90ee-4397-9fe7-0715dc36c416 t=1275 start=0 end=5000 fadeDur=1275 WROTE
08-30 16:54:53.514 D/E2FADE  (15133): onRowBodyDown WON BODY item=2e48e3e1-90ee-4397-9fe7-0715dc36c416 x=220.08789 y=317.0
08-30 16:54:53.940 D/FADEDBG (15133): knob@DOWN item=2e48e3e1-90ee-4397-9fe7-0715dc36c416 x=166 y=270 knobIn=(164,175) d=2 knobOut=(531,175) d=365 r=47
08-30 16:54:53.940 D/E2FADE  (15133): onRowBodyDown WON FADE_IN item=2e48e3e1-90ee-4397-9fe7-0715dc36c416 x=166.03516 y=270.38867
08-30 16:54:54.055 D/FADEDBG (15133): fadeMove IN item=2e48e3e1-90ee-4397-9fe7-0715dc36c416 t=1222 start=0 end=5000 fadeDur=1222 WROTE
08-30 16:54:54.073 D/FADEDBG (15133): fadeMove IN item=2e48e3e1-90ee-4397-9fe7-0715dc36c416 t=944 start=0 end=5000 fadeDur=944 WROTE
08-30 16:54:54.088 D/FADEDBG (15133): fadeMove IN item=2e48e3e1-90ee-4397-9fe7-0715dc36c416 t=602 start=0 end=5000 fadeDur=602 WROTE
08-30 16:54:54.105 D/FADEDBG (15133): fadeMove IN item=2e48e3e1-90ee-4397-9fe7-0715dc36c416 t=328 start=0 end=5000 fadeDur=328 WROTE
08-30 16:54:54.122 D/FADEDBG (15133): fadeMove IN item=2e48e3e1-90ee-4397-9fe7-0715dc36c416 t=59 start=0 end=5000 fadeDur=59 WROTE
08-30 16:54:54.138 D/FADEDBG (15133): fadeMove IN item=2e48e3e1-90ee-4397-9fe7-0715dc36c416 t=0 start=0 end=5000 fadeDur=0 ->0(<40ms)
08-30 16:54:54.155 D/FADEDBG (15133): fadeMove IN item=2e48e3e1-90ee-4397-9fe7-0715dc36c416 t=0 start=0 end=5000 fadeDur=0 ->0(<40ms)
08-30 16:54:54.171 D/FADEDBG (15133): fadeMove IN item=2e48e3e1-90ee-4397-9fe7-0715dc36c416 t=0 start=0 end=5000 fadeDur=0 ->0(<40ms)
08-30 16:54:54.188 D/FADEDBG (15133): fadeMove IN item=2e48e3e1-90ee-4397-9fe7-0715dc36c416 t=0 start=0 end=5000 fadeDur=0 ->0(<40ms)
08-30 16:54:54.205 D/FADEDBG (15133): fadeMove IN item=2e48e3e1-90ee-4397-9fe7-0715dc36c416 t=0 start=0 end=5000 fadeDur=0 ->0(<40ms)
08-30 16:54:54.222 D/FADEDBG (15133): fadeMove IN item=2e48e3e1-90ee-4397-9fe7-0715dc36c416 t=0 start=0 end=5000 fadeDur=0 ->0(<40ms)
08-30 16:54:54.238 D/FADEDBG (15133): fadeMove IN item=2e48e3e1-90ee-4397-9fe7-0715dc36c416 t=0 start=0 end=5000 fadeDur=0 ->0(<40ms)
08-30 16:54:54.255 D/FADEDBG (15133): fadeMove IN item=2e48e3e1-90ee-4397-9fe7-0715dc36c416 t=0 start=0 end=5000 fadeDur=0 ->0(<40ms)
08-30 16:54:54.271 D/FADEDBG (15133): fadeMove IN item=2e48e3e1-90ee-4397-9fe7-0715dc36c416 t=0 start=0 end=5000 fadeDur=0 ->0(<40ms)
08-30 16:54:54.288 D/FADEDBG (15133): fadeMove IN item=2e48e3e1-90ee-4397-9fe7-0715dc36c416 t=0 start=0 end=5000 fadeDur=0 ->0(<40ms)
08-30 16:54:54.305 D/FADEDBG (15133): fadeMove IN item=2e48e3e1-90ee-4397-9fe7-0715dc36c416 t=0 start=0 end=5000 fadeDur=0 ->0(<40ms)
08-30 16:54:54.322 D/FADEDBG (15133): fadeMove IN item=2e48e3e1-90ee-4397-9fe7-0715dc36c416 t=0 start=0 end=5000 fadeDur=0 ->0(<40ms)
08-30 16:54:54.339 D/FADEDBG (15133): fadeMove IN item=2e48e3e1-90ee-4397-9fe7-0715dc36c416 t=0 start=0 end=5000 fadeDur=0 ->0(<40ms)
08-30 16:54:54.355 D/FADEDBG (15133): fadeMove IN item=2e48e3e1-90ee-4397-9fe7-0715dc36c416 t=0 start=0 end=5000 fadeDur=0 ->0(<40ms)
08-30 16:54:54.362 D/FADEDBG (15133): fadeMove IN item=2e48e3e1-90ee-4397-9fe7-0715dc36c416 t=0 start=0 end=5000 fadeDur=0 ->0(<40ms)
08-30 16:55:34.857 D/FADEDBG (15133): knob@DOWN item=2e48e3e1-90ee-4397-9fe7-0715dc36c416 x=63 y=257 knobIn=(39,175) d=26 knobOut=(531,175) d=467 r=47
08-30 16:55:34.857 D/E2FADE  (15133): onRowBodyDown WON FADE_IN item=2e48e3e1-90ee-4397-9fe7-0715dc36c416 x=63.93518 y=257.38086
08-30 16:55:35.021 D/FADEDBG (15133): fadeMove IN item=2e48e3e1-90ee-4397-9fe7-0715dc36c416 t=321 start=0 end=5000 fadeDur=321 WROTE
08-30 16:55:35.038 D/FADEDBG (15133): fadeMove IN item=2e48e3e1-90ee-4397-9fe7-0715dc36c416 t=483 start=0 end=5000 fadeDur=483 WROTE
08-30 16:55:35.054 D/FADEDBG (15133): fadeMove IN item=2e48e3e1-90ee-4397-9fe7-0715dc36c416 t=657 start=0 end=5000 fadeDur=657 WROTE
08-30 16:55:35.071 D/FADEDBG (15133): fadeMove IN item=2e48e3e1-90ee-4397-9fe7-0715dc36c416 t=806 start=0 end=5000 fadeDur=806 WROTE
08-30 16:55:35.087 D/FADEDBG (15133): fadeMove IN item=2e48e3e1-90ee-4397-9fe7-0715dc36c416 t=939 start=0 end=5000 fadeDur=939 WROTE
08-30 16:55:35.104 D/FADEDBG (15133): fadeMove IN item=2e48e3e1-90ee-4397-9fe7-0715dc36c416 t=1066 start=0 end=5000 fadeDur=1066 WROTE
08-30 16:55:35.121 D/FADEDBG (15133): fadeMove IN item=2e48e3e1-90ee-4397-9fe7-0715dc36c416 t=1199 start=0 end=5000 fadeDur=1199 WROTE
08-30 16:55:35.137 D/FADEDBG (15133): fadeMove IN item=2e48e3e1-90ee-4397-9fe7-0715dc36c416 t=1337 start=0 end=5000 fadeDur=1337 WROTE
08-30 16:55:35.154 D/FADEDBG (15133): fadeMove IN item=2e48e3e1-90ee-4397-9fe7-0715dc36c416 t=1457 start=0 end=5000 fadeDur=1457 WROTE
08-30 16:55:35.171 D/FADEDBG (15133): fadeMove IN item=2e48e3e1-90ee-4397-9fe7-0715dc36c416 t=1619 start=0 end=5000 fadeDur=1619 WROTE
08-30 16:55:35.188 D/FADEDBG (15133): fadeMove IN item=2e48e3e1-90ee-4397-9fe7-0715dc36c416 t=1619 start=0 end=5000 fadeDur=1619 WROTE
08-30 16:55:35.204 D/FADEDBG (15133): fadeMove IN item=2e48e3e1-90ee-4397-9fe7-0715dc36c416 t=1619 start=0 end=5000 fadeDur=1619 WROTE
08-30 16:55:35.221 D/FADEDBG (15133): fadeMove IN item=2e48e3e1-90ee-4397-9fe7-0715dc36c416 t=1619 start=0 end=5000 fadeDur=1619 WROTE
08-30 16:55:35.238 D/FADEDBG (15133): fadeMove IN item=2e48e3e1-90ee-4397-9fe7-0715dc36c416 t=1796 start=0 end=5000 fadeDur=1796 WROTE
08-30 16:55:35.254 D/FADEDBG (15133): fadeMove IN item=2e48e3e1-90ee-4397-9fe7-0715dc36c416 t=1821 start=0 end=5000 fadeDur=1821 WROTE
08-30 16:55:35.271 D/FADEDBG (15133): fadeMove IN item=2e48e3e1-90ee-4397-9fe7-0715dc36c416 t=1855 start=0 end=5000 fadeDur=1855 WROTE
08-30 16:55:35.288 D/FADEDBG (15133): fadeMove IN item=2e48e3e1-90ee-4397-9fe7-0715dc36c416 t=1875 start=0 end=5000 fadeDur=1875 WROTE
08-30 16:55:35.305 D/FADEDBG (15133): fadeMove IN item=2e48e3e1-90ee-4397-9fe7-0715dc36c416 t=1894 start=0 end=5000 fadeDur=1894 WROTE
08-30 16:55:35.321 D/FADEDBG (15133): fadeMove IN item=2e48e3e1-90ee-4397-9fe7-0715dc36c416 t=1916 start=0 end=5000 fadeDur=1916 WROTE
08-30 16:55:35.338 D/FADEDBG (15133): fadeMove IN item=2e48e3e1-90ee-4397-9fe7-0715dc36c416 t=1942 start=0 end=5000 fadeDur=1942 WROTE
08-30 16:55:35.355 D/FADEDBG (15133): fadeMove IN item=2e48e3e1-90ee-4397-9fe7-0715dc36c416 t=1959 start=0 end=5000 fadeDur=1959 WROTE
08-30 16:55:35.371 D/FADEDBG (15133): fadeMove IN item=2e48e3e1-90ee-4397-9fe7-0715dc36c416 t=1969 start=0 end=5000 fadeDur=1969 WROTE
08-30 16:55:35.388 D/FADEDBG (15133): fadeMove IN item=2e48e3e1-90ee-4397-9fe7-0715dc36c416 t=1977 start=0 end=5000 fadeDur=1977 WROTE
08-30 16:55:35.404 D/FADEDBG (15133): fadeMove IN item=2e48e3e1-90ee-4397-9fe7-0715dc36c416 t=1985 start=0 end=5000 fadeDur=1985 WROTE
08-30 16:55:35.421 D/FADEDBG (15133): fadeMove IN item=2e48e3e1-90ee-4397-9fe7-0715dc36c416 t=1967 start=0 end=5000 fadeDur=1967 WROTE
08-30 16:55:35.437 D/FADEDBG (15133): fadeMove IN item=2e48e3e1-90ee-4397-9fe7-0715dc36c416 t=1939 start=0 end=5000 fadeDur=1939 WROTE
08-30 16:56:55.827 D/E2FADE  (15133): onRowBodyDown WON BODY item=3dfa9d32-de9b-4a67-abe3-0fced71e71ad x=262.6953 y=193.42578
08-30 16:56:59.846 D/E2FADE  (15133): onRowBodyDown WON BODY item=e870fe1f-4f68-4037-ab19-65f36df90c3c x=663.3844 y=403.5957
08-30 16:57:00.641 D/FADEDBG (15133): knob@DOWN item=e870fe1f-4f68-4037-ab19-65f36df90c3c x=766 y=360 knobIn=(39,248) d=727 knobOut=(789,248) d=27 r=47
08-30 16:57:00.641 D/E2FADE  (15133): onRowBodyDown WON FADE_OUT item=e870fe1f-4f68-4037-ab19-65f36df90c3c x=766.4801 y=360.77832
08-30 16:57:00.710 D/FADEDBG (15133): fadeMove OUT item=e870fe1f-4f68-4037-ab19-65f36df90c3c t=7331 start=0 end=7616 fadeDur=285 WROTE
08-30 16:57:00.727 D/FADEDBG (15133): fadeMove OUT item=e870fe1f-4f68-4037-ab19-65f36df90c3c t=7280 start=0 end=7616 fadeDur=336 WROTE
08-30 16:57:00.744 D/FADEDBG (15133): fadeMove OUT item=e870fe1f-4f68-4037-ab19-65f36df90c3c t=7063 start=0 end=7616 fadeDur=553 WROTE
08-30 16:57:00.760 D/FADEDBG (15133): fadeMove OUT item=e870fe1f-4f68-4037-ab19-65f36df90c3c t=6823 start=0 end=7616 fadeDur=793 WROTE
08-30 16:57:00.776 D/FADEDBG (15133): fadeMove OUT item=e870fe1f-4f68-4037-ab19-65f36df90c3c t=6631 start=0 end=7616 fadeDur=985 WROTE
08-30 16:57:00.793 D/FADEDBG (15133): fadeMove OUT item=e870fe1f-4f68-4037-ab19-65f36df90c3c t=6452 start=0 end=7616 fadeDur=1164 WROTE
08-30 16:57:00.810 D/FADEDBG (15133): fadeMove OUT item=e870fe1f-4f68-4037-ab19-65f36df90c3c t=6299 start=0 end=7616 fadeDur=1317 WROTE
08-30 16:57:00.826 D/FADEDBG (15133): fadeMove OUT item=e870fe1f-4f68-4037-ab19-65f36df90c3c t=6152 start=0 end=7616 fadeDur=1464 WROTE
08-30 16:57:00.843 D/FADEDBG (15133): fadeMove OUT item=e870fe1f-4f68-4037-ab19-65f36df90c3c t=6035 start=0 end=7616 fadeDur=1581 WROTE
08-30 16:57:00.859 D/FADEDBG (15133): fadeMove OUT item=e870fe1f-4f68-4037-ab19-65f36df90c3c t=5948 start=0 end=7616 fadeDur=1668 WROTE
08-30 16:57:00.876 D/FADEDBG (15133): fadeMove OUT item=e870fe1f-4f68-4037-ab19-65f36df90c3c t=5865 start=0 end=7616 fadeDur=1751 WROTE
08-30 16:57:00.893 D/FADEDBG (15133): fadeMove OUT item=e870fe1f-4f68-4037-ab19-65f36df90c3c t=5787 start=0 end=7616 fadeDur=1829 WROTE
08-30 16:57:00.909 D/FADEDBG (15133): fadeMove OUT item=e870fe1f-4f68-4037-ab19-65f36df90c3c t=5721 start=0 end=7616 fadeDur=1895 WROTE
08-30 16:57:00.927 D/FADEDBG (15133): fadeMove OUT item=e870fe1f-4f68-4037-ab19-65f36df90c3c t=5669 start=0 end=7616 fadeDur=1947 WROTE
08-30 16:57:00.943 D/FADEDBG (15133): fadeMove OUT item=e870fe1f-4f68-4037-ab19-65f36df90c3c t=5622 start=0 end=7616 fadeDur=1994 WROTE
08-30 16:57:00.960 D/FADEDBG (15133): fadeMove OUT item=e870fe1f-4f68-4037-ab19-65f36df90c3c t=5571 start=0 end=7616 fadeDur=2045 WROTE
08-30 16:57:00.977 D/FADEDBG (15133): fadeMove OUT item=e870fe1f-4f68-4037-ab19-65f36df90c3c t=5510 start=0 end=7616 fadeDur=2106 WROTE
08-30 16:57:00.994 D/FADEDBG (15133): fadeMove OUT item=e870fe1f-4f68-4037-ab19-65f36df90c3c t=5465 start=0 end=7616 fadeDur=2151 WROTE
08-30 16:57:01.010 D/FADEDBG (15133): fadeMove OUT item=e870fe1f-4f68-4037-ab19-65f36df90c3c t=5443 start=0 end=7616 fadeDur=2173 WROTE
08-30 16:57:01.027 D/FADEDBG (15133): fadeMove OUT item=e870fe1f-4f68-4037-ab19-65f36df90c3c t=5421 start=0 end=7616 fadeDur=2195 WROTE
08-30 16:57:01.045 D/FADEDBG (15133): fadeMove OUT item=e870fe1f-4f68-4037-ab19-65f36df90c3c t=5415 start=0 end=7616 fadeDur=2201 WROTE
08-30 16:57:01.060 D/FADEDBG (15133): fadeMove OUT item=e870fe1f-4f68-4037-ab19-65f36df90c3c t=5409 start=0 end=7616 fadeDur=2207 WROTE
08-30 16:57:01.077 D/FADEDBG (15133): fadeMove OUT item=e870fe1f-4f68-4037-ab19-65f36df90c3c t=5404 start=0 end=7616 fadeDur=2212 WROTE
08-30 16:57:01.110 D/FADEDBG (15133): fadeMove OUT item=e870fe1f-4f68-4037-ab19-65f36df90c3c t=5407 start=0 end=7616 fadeDur=2209 WROTE
08-30 16:57:01.127 D/FADEDBG (15133): fadeMove OUT item=e870fe1f-4f68-4037-ab19-65f36df90c3c t=5412 start=0 end=7616 fadeDur=2204 WROTE
08-30 16:57:01.160 D/FADEDBG (15133): fadeMove OUT item=e870fe1f-4f68-4037-ab19-65f36df90c3c t=5420 start=0 end=7616 fadeDur=2196 WROTE
08-30 16:57:01.177 D/FADEDBG (15133): fadeMove OUT item=e870fe1f-4f68-4037-ab19-65f36df90c3c t=5423 start=0 end=7616 fadeDur=2193 WROTE
08-30 16:57:01.194 D/FADEDBG (15133): fadeMove OUT item=e870fe1f-4f68-4037-ab19-65f36df90c3c t=5415 start=0 end=7616 fadeDur=2201 WROTE
08-30 16:57:01.227 D/FADEDBG (15133): fadeMove OUT item=e870fe1f-4f68-4037-ab19-65f36df90c3c t=5407 start=0 end=7616 fadeDur=2209 WROTE
08-30 16:57:01.244 D/FADEDBG (15133): fadeMove OUT item=e870fe1f-4f68-4037-ab19-65f36df90c3c t=5407 start=0 end=7616 fadeDur=2209 WROTE
08-30 16:57:01.277 D/FADEDBG (15133): fadeMove OUT item=e870fe1f-4f68-4037-ab19-65f36df90c3c t=5398 start=0 end=7616 fadeDur=2218 WROTE
08-30 16:57:01.312 D/FADEDBG (15133): fadeMove OUT item=e870fe1f-4f68-4037-ab19-65f36df90c3c t=5390 start=0 end=7616 fadeDur=2226 WROTE
08-30 16:57:01.324 D/FADEDBG (15133): fadeMove OUT item=e870fe1f-4f68-4037-ab19-65f36df90c3c t=5350 start=0 end=7616 fadeDur=2266 WROTE
08-30 16:58:06.056 D/E2FADE  (15133): onRowBodyDown WON BODY item=2e48e3e1-90ee-4397-9fe7-0715dc36c416 x=308.6139 y=351.56445
08-30 16:58:06.836 D/E2FADE  (15133): onRowBodyDown WON BODY item=2e48e3e1-90ee-4397-9fe7-0715dc36c416 x=305.18616 y=345.06055
08-30 17:13:50.794 D/E2FADE  (20709): onRowBodyDown WON BODY item=e870fe1f-4f68-4037-ab19-65f36df90c3c x=237.91992 y=409.17578
08-30 17:13:51.708 D/FADEDBG (20709): knob@DOWN item=e870fe1f-4f68-4037-ab19-65f36df90c3c x=37 y=369 knobIn=(39,248) d=24 knobOut=(566,248) d=528 r=47
08-30 17:13:51.708 D/E2FADE  (20709): onRowBodyDown WON FADE_IN item=e870fe1f-4f68-4037-ab19-65f36df90c3c x=37.79297 y=369.06836
08-30 17:13:51.781 D/FADEDBG (20709): fadeMove IN item=e870fe1f-4f68-4037-ab19-65f36df90c3c t=45 start=0 end=7616 fadeDur=45 WROTE
08-30 17:13:51.797 D/FADEDBG (20709): fadeMove IN item=e870fe1f-4f68-4037-ab19-65f36df90c3c t=95 start=0 end=7616 fadeDur=95 WROTE
08-30 17:13:51.814 D/FADEDBG (20709): fadeMove IN item=e870fe1f-4f68-4037-ab19-65f36df90c3c t=192 start=0 end=7616 fadeDur=192 WROTE
08-30 17:13:51.830 D/FADEDBG (20709): fadeMove IN item=e870fe1f-4f68-4037-ab19-65f36df90c3c t=281 start=0 end=7616 fadeDur=281 WROTE
08-30 17:13:51.847 D/FADEDBG (20709): fadeMove IN item=e870fe1f-4f68-4037-ab19-65f36df90c3c t=381 start=0 end=7616 fadeDur=381 WROTE
08-30 17:13:51.864 D/FADEDBG (20709): fadeMove IN item=e870fe1f-4f68-4037-ab19-65f36df90c3c t=474 start=0 end=7616 fadeDur=474 WROTE
08-30 17:13:51.881 D/FADEDBG (20709): fadeMove IN item=e870fe1f-4f68-4037-ab19-65f36df90c3c t=566 start=0 end=7616 fadeDur=566 WROTE
08-30 17:13:51.897 D/FADEDBG (20709): fadeMove IN item=e870fe1f-4f68-4037-ab19-65f36df90c3c t=668 start=0 end=7616 fadeDur=668 WROTE
08-30 17:13:51.914 D/FADEDBG (20709): fadeMove IN item=e870fe1f-4f68-4037-ab19-65f36df90c3c t=771 start=0 end=7616 fadeDur=771 WROTE
08-30 17:13:51.931 D/FADEDBG (20709): fadeMove IN item=e870fe1f-4f68-4037-ab19-65f36df90c3c t=873 start=0 end=7616 fadeDur=873 WROTE
08-30 17:13:51.947 D/FADEDBG (20709): fadeMove IN item=e870fe1f-4f68-4037-ab19-65f36df90c3c t=995 start=0 end=7616 fadeDur=995 WROTE
08-30 17:13:51.964 D/FADEDBG (20709): fadeMove IN item=e870fe1f-4f68-4037-ab19-65f36df90c3c t=1102 start=0 end=7616 fadeDur=1102 WROTE
08-30 17:13:51.981 D/FADEDBG (20709): fadeMove IN item=e870fe1f-4f68-4037-ab19-65f36df90c3c t=1221 start=0 end=7616 fadeDur=1221 WROTE
08-30 17:13:51.998 D/FADEDBG (20709): fadeMove IN item=e870fe1f-4f68-4037-ab19-65f36df90c3c t=1333 start=0 end=7616 fadeDur=1333 WROTE
08-30 17:13:52.015 D/FADEDBG (20709): fadeMove IN item=e870fe1f-4f68-4037-ab19-65f36df90c3c t=1434 start=0 end=7616 fadeDur=1434 WROTE
08-30 17:13:52.031 D/FADEDBG (20709): fadeMove IN item=e870fe1f-4f68-4037-ab19-65f36df90c3c t=1619 start=0 end=7616 fadeDur=1619 WROTE
08-30 17:13:52.048 D/FADEDBG (20709): fadeMove IN item=e870fe1f-4f68-4037-ab19-65f36df90c3c t=1619 start=0 end=7616 fadeDur=1619 WROTE
08-30 17:13:52.064 D/FADEDBG (20709): fadeMove IN item=e870fe1f-4f68-4037-ab19-65f36df90c3c t=1619 start=0 end=7616 fadeDur=1619 WROTE
08-30 17:13:52.081 D/FADEDBG (20709): fadeMove IN item=e870fe1f-4f68-4037-ab19-65f36df90c3c t=1619 start=0 end=7616 fadeDur=1619 WROTE
08-30 17:13:52.098 D/FADEDBG (20709): fadeMove IN item=e870fe1f-4f68-4037-ab19-65f36df90c3c t=1619 start=0 end=7616 fadeDur=1619 WROTE
08-30 17:13:52.115 D/FADEDBG (20709): fadeMove IN item=e870fe1f-4f68-4037-ab19-65f36df90c3c t=1939 start=0 end=7616 fadeDur=1939 WROTE
08-30 17:13:52.131 D/FADEDBG (20709): fadeMove IN item=e870fe1f-4f68-4037-ab19-65f36df90c3c t=1939 start=0 end=7616 fadeDur=1939 WROTE
08-30 17:13:52.148 D/FADEDBG (20709): fadeMove IN item=e870fe1f-4f68-4037-ab19-65f36df90c3c t=1939 start=0 end=7616 fadeDur=1939 WROTE
08-30 17:13:52.165 D/FADEDBG (20709): fadeMove IN item=e870fe1f-4f68-4037-ab19-65f36df90c3c t=1939 start=0 end=7616 fadeDur=1939 WROTE
08-30 17:13:52.181 D/FADEDBG (20709): fadeMove IN item=e870fe1f-4f68-4037-ab19-65f36df90c3c t=1939 start=0 end=7616 fadeDur=1939 WROTE
08-30 17:13:52.198 D/FADEDBG (20709): fadeMove IN item=e870fe1f-4f68-4037-ab19-65f36df90c3c t=1939 start=0 end=7616 fadeDur=1939 WROTE
08-30 17:13:52.215 D/FADEDBG (20709): fadeMove IN item=e870fe1f-4f68-4037-ab19-65f36df90c3c t=1939 start=0 end=7616 fadeDur=1939 WROTE
08-30 17:13:52.231 D/FADEDBG (20709): fadeMove IN item=e870fe1f-4f68-4037-ab19-65f36df90c3c t=1939 start=0 end=7616 fadeDur=1939 WROTE
08-30 17:13:52.248 D/FADEDBG (20709): fadeMove IN item=e870fe1f-4f68-4037-ab19-65f36df90c3c t=1939 start=0 end=7616 fadeDur=1939 WROTE
08-30 17:13:52.265 D/FADEDBG (20709): fadeMove IN item=e870fe1f-4f68-4037-ab19-65f36df90c3c t=1939 start=0 end=7616 fadeDur=1939 WROTE
08-30 17:13:52.281 D/FADEDBG (20709): fadeMove IN item=e870fe1f-4f68-4037-ab19-65f36df90c3c t=1939 start=0 end=7616 fadeDur=1939 WROTE
08-30 17:13:52.298 D/FADEDBG (20709): fadeMove IN item=e870fe1f-4f68-4037-ab19-65f36df90c3c t=1939 start=0 end=7616 fadeDur=1939 WROTE
08-30 17:13:52.314 D/FADEDBG (20709): fadeMove IN item=e870fe1f-4f68-4037-ab19-65f36df90c3c t=1939 start=0 end=7616 fadeDur=1939 WROTE
08-30 17:13:52.332 D/FADEDBG (20709): fadeMove IN item=e870fe1f-4f68-4037-ab19-65f36df90c3c t=1939 start=0 end=7616 fadeDur=1939 WROTE
08-30 17:13:52.348 D/FADEDBG (20709): fadeMove IN item=e870fe1f-4f68-4037-ab19-65f36df90c3c t=1939 start=0 end=7616 fadeDur=1939 WROTE
08-30 17:13:52.364 D/FADEDBG (20709): fadeMove IN item=e870fe1f-4f68-4037-ab19-65f36df90c3c t=2114 start=0 end=7616 fadeDur=2114 WROTE
08-30 17:13:52.381 D/FADEDBG (20709): fadeMove IN item=e870fe1f-4f68-4037-ab19-65f36df90c3c t=2140 start=0 end=7616 fadeDur=2140 WROTE
08-30 17:13:52.398 D/FADEDBG (20709): fadeMove IN item=e870fe1f-4f68-4037-ab19-65f36df90c3c t=2156 start=0 end=7616 fadeDur=2156 WROTE
08-30 17:13:52.415 D/FADEDBG (20709): fadeMove IN item=e870fe1f-4f68-4037-ab19-65f36df90c3c t=2164 start=0 end=7616 fadeDur=2164 WROTE
08-30 17:13:52.432 D/FADEDBG (20709): fadeMove IN item=e870fe1f-4f68-4037-ab19-65f36df90c3c t=2179 start=0 end=7616 fadeDur=2179 WROTE
08-30 17:13:52.448 D/FADEDBG (20709): fadeMove IN item=e870fe1f-4f68-4037-ab19-65f36df90c3c t=2183 start=0 end=7616 fadeDur=2183 WROTE
08-30 17:13:52.482 D/FADEDBG (20709): fadeMove IN item=e870fe1f-4f68-4037-ab19-65f36df90c3c t=2192 start=0 end=7616 fadeDur=2192 WROTE
08-30 17:13:52.498 D/FADEDBG (20709): fadeMove IN item=e870fe1f-4f68-4037-ab19-65f36df90c3c t=2197 start=0 end=7616 fadeDur=2197 WROTE
08-30 17:13:52.515 D/FADEDBG (20709): fadeMove IN item=e870fe1f-4f68-4037-ab19-65f36df90c3c t=2201 start=0 end=7616 fadeDur=2201 WROTE
08-30 17:13:52.548 D/FADEDBG (20709): fadeMove IN item=e870fe1f-4f68-4037-ab19-65f36df90c3c t=2189 start=0 end=7616 fadeDur=2189 WROTE
08-30 17:13:52.565 D/FADEDBG (20709): fadeMove IN item=e870fe1f-4f68-4037-ab19-65f36df90c3c t=2191 start=0 end=7616 fadeDur=2191 WROTE
08-30 17:13:52.581 D/FADEDBG (20709): fadeMove IN item=e870fe1f-4f68-4037-ab19-65f36df90c3c t=2191 start=0 end=7616 fadeDur=2191 WROTE
08-30 17:13:52.596 D/FADEDBG (20709): fadeMove IN item=e870fe1f-4f68-4037-ab19-65f36df90c3c t=2177 start=0 end=7616 fadeDur=2177 WROTE
08-30 17:13:55.751 D/E2FADE  (20709): onRowBodyDown WON BODY item=e870fe1f-4f68-4037-ab19-65f36df90c3c x=298.16895 y=420.55762
08-30 17:13:56.281 D/FADEDBG (20709): knob@DOWN item=e870fe1f-4f68-4037-ab19-65f36df90c3c x=249 y=382 knobIn=(253,248) d=37 knobOut=(566,248) d=319 r=47
08-30 17:13:56.281 D/E2FADE  (20709): onRowBodyDown WON FADE_IN item=e870fe1f-4f68-4037-ab19-65f36df90c3c x=249.12598 y=382.07617
08-30 17:13:56.319 D/FADEDBG (20709): fadeMove IN item=e870fe1f-4f68-4037-ab19-65f36df90c3c t=2177 start=0 end=7616 fadeDur=2177 WROTE
08-30 17:13:56.336 D/FADEDBG (20709): fadeMove IN item=e870fe1f-4f68-4037-ab19-65f36df90c3c t=2209 start=0 end=7616 fadeDur=2209 WROTE
08-30 17:13:56.353 D/FADEDBG (20709): fadeMove IN item=e870fe1f-4f68-4037-ab19-65f36df90c3c t=2244 start=0 end=7616 fadeDur=2244 WROTE
08-30 17:13:56.370 D/FADEDBG (20709): fadeMove IN item=e870fe1f-4f68-4037-ab19-65f36df90c3c t=2369 start=0 end=7616 fadeDur=2369 WROTE
08-30 17:13:56.387 D/FADEDBG (20709): fadeMove IN item=e870fe1f-4f68-4037-ab19-65f36df90c3c t=2511 start=0 end=7616 fadeDur=2511 WROTE
08-30 17:13:56.403 D/FADEDBG (20709): fadeMove IN item=e870fe1f-4f68-4037-ab19-65f36df90c3c t=2646 start=0 end=7616 fadeDur=2646 WROTE
08-30 17:13:56.419 D/FADEDBG (20709): fadeMove IN item=e870fe1f-4f68-4037-ab19-65f36df90c3c t=2785 start=0 end=7616 fadeDur=2785 WROTE
08-30 17:13:56.436 D/FADEDBG (20709): fadeMove IN item=e870fe1f-4f68-4037-ab19-65f36df90c3c t=2927 start=0 end=7616 fadeDur=2927 WROTE
08-30 17:13:56.453 D/FADEDBG (20709): fadeMove IN item=e870fe1f-4f68-4037-ab19-65f36df90c3c t=3070 start=0 end=7616 fadeDur=3070 WROTE
08-30 17:13:56.470 D/FADEDBG (20709): fadeMove IN item=e870fe1f-4f68-4037-ab19-65f36df90c3c t=3215 start=0 end=7616 fadeDur=3215 WROTE
08-30 17:13:56.486 D/FADEDBG (20709): fadeMove IN item=e870fe1f-4f68-4037-ab19-65f36df90c3c t=3336 start=0 end=7616 fadeDur=3336 WROTE
08-30 17:13:56.503 D/FADEDBG (20709): fadeMove IN item=e870fe1f-4f68-4037-ab19-65f36df90c3c t=3444 start=0 end=7616 fadeDur=3444 WROTE
08-30 17:13:56.519 D/FADEDBG (20709): fadeMove IN item=e870fe1f-4f68-4037-ab19-65f36df90c3c t=3557 start=0 end=7616 fadeDur=3557 WROTE
08-30 17:13:56.536 D/FADEDBG (20709): fadeMove IN item=e870fe1f-4f68-4037-ab19-65f36df90c3c t=3653 start=0 end=7616 fadeDur=3653 WROTE
08-30 17:13:56.553 D/FADEDBG (20709): fadeMove IN item=e870fe1f-4f68-4037-ab19-65f36df90c3c t=3731 start=0 end=7616 fadeDur=3731 WROTE
08-30 17:13:56.569 D/FADEDBG (20709): fadeMove IN item=e870fe1f-4f68-4037-ab19-65f36df90c3c t=3796 start=0 end=7616 fadeDur=3796 WROTE
08-30 17:13:56.586 D/FADEDBG (20709): fadeMove IN item=e870fe1f-4f68-4037-ab19-65f36df90c3c t=3870 start=0 end=7616 fadeDur=3808 WROTE
08-30 17:13:56.603 D/FADEDBG (20709): fadeMove IN item=e870fe1f-4f68-4037-ab19-65f36df90c3c t=3928 start=0 end=7616 fadeDur=3808 WROTE
08-30 17:13:56.619 D/FADEDBG (20709): fadeMove IN item=e870fe1f-4f68-4037-ab19-65f36df90c3c t=3987 start=0 end=7616 fadeDur=3808 WROTE
08-30 17:13:56.636 D/FADEDBG (20709): fadeMove IN item=e870fe1f-4f68-4037-ab19-65f36df90c3c t=4182 start=0 end=7616 fadeDur=3808 WROTE
08-30 17:13:56.654 D/FADEDBG (20709): fadeMove IN item=e870fe1f-4f68-4037-ab19-65f36df90c3c t=4182 start=0 end=7616 fadeDur=3808 WROTE
08-30 17:13:56.669 D/FADEDBG (20709): fadeMove IN item=e870fe1f-4f68-4037-ab19-65f36df90c3c t=4182 start=0 end=7616 fadeDur=3808 WROTE
08-30 17:13:56.686 D/FADEDBG (20709): fadeMove IN item=e870fe1f-4f68-4037-ab19-65f36df90c3c t=4182 start=0 end=7616 fadeDur=3808 WROTE
08-30 17:13:56.702 D/FADEDBG (20709): fadeMove IN item=e870fe1f-4f68-4037-ab19-65f36df90c3c t=4182 start=0 end=7616 fadeDur=3808 WROTE
08-30 17:13:56.719 D/FADEDBG (20709): fadeMove IN item=e870fe1f-4f68-4037-ab19-65f36df90c3c t=4182 start=0 end=7616 fadeDur=3808 WROTE
08-30 17:13:56.736 D/FADEDBG (20709): fadeMove IN item=e870fe1f-4f68-4037-ab19-65f36df90c3c t=4182 start=0 end=7616 fadeDur=3808 WROTE
08-30 17:13:56.770 D/FADEDBG (20709): fadeMove IN item=e870fe1f-4f68-4037-ab19-65f36df90c3c t=4182 start=0 end=7616 fadeDur=3808 WROTE
08-30 17:13:56.786 D/FADEDBG (20709): fadeMove IN item=e870fe1f-4f68-4037-ab19-65f36df90c3c t=4182 start=0 end=7616 fadeDur=3808 WROTE
08-30 17:13:56.804 D/FADEDBG (20709): fadeMove IN item=e870fe1f-4f68-4037-ab19-65f36df90c3c t=4182 start=0 end=7616 fadeDur=3808 WROTE
08-30 17:13:56.820 D/FADEDBG (20709): fadeMove IN item=e870fe1f-4f68-4037-ab19-65f36df90c3c t=4182 start=0 end=7616 fadeDur=3808 WROTE
08-30 17:13:56.836 D/FADEDBG (20709): fadeMove IN item=e870fe1f-4f68-4037-ab19-65f36df90c3c t=4182 start=0 end=7616 fadeDur=3808 WROTE
08-30 17:13:56.854 D/FADEDBG (20709): fadeMove IN item=e870fe1f-4f68-4037-ab19-65f36df90c3c t=4182 start=0 end=7616 fadeDur=3808 WROTE
08-30 17:13:56.870 D/FADEDBG (20709): fadeMove IN item=e870fe1f-4f68-4037-ab19-65f36df90c3c t=4182 start=0 end=7616 fadeDur=3808 WROTE
08-30 17:13:56.887 D/FADEDBG (20709): fadeMove IN item=e870fe1f-4f68-4037-ab19-65f36df90c3c t=4182 start=0 end=7616 fadeDur=3808 WROTE
08-30 17:13:56.904 D/FADEDBG (20709): fadeMove IN item=e870fe1f-4f68-4037-ab19-65f36df90c3c t=4182 start=0 end=7616 fadeDur=3808 WROTE
08-30 17:13:56.920 D/FADEDBG (20709): fadeMove IN item=e870fe1f-4f68-4037-ab19-65f36df90c3c t=4182 start=0 end=7616 fadeDur=3808 WROTE
08-30 17:13:56.928 D/FADEDBG (20709): fadeMove IN item=e870fe1f-4f68-4037-ab19-65f36df90c3c t=4182 start=0 end=7616 fadeDur=3808 WROTE
08-30 17:14:02.156 D/E2FADE  (20709): onRowBodyDown WON BODY item=2e48e3e1-90ee-4397-9fe7-0715dc36c416 x=180.83496 y=327.87695
08-30 17:14:03.609 D/FADEDBG (20709): knob@DOWN item=2e48e3e1-90ee-4397-9fe7-0715dc36c416 x=225 y=293 knobIn=(230,175) d=22 knobOut=(531,175) d=306 r=47
08-30 17:14:03.609 D/E2FADE  (20709): onRowBodyDown WON FADE_IN item=2e48e3e1-90ee-4397-9fe7-0715dc36c416 x=225.39551 y=293.18945
08-30 17:14:03.712 D/FADEDBG (20709): fadeMove IN item=2e48e3e1-90ee-4397-9fe7-0715dc36c416 t=1845 start=0 end=5000 fadeDur=1845 WROTE
08-30 17:14:03.729 D/FADEDBG (20709): fadeMove IN item=2e48e3e1-90ee-4397-9fe7-0715dc36c416 t=1787 start=0 end=5000 fadeDur=1787 WROTE
08-30 17:14:03.745 D/FADEDBG (20709): fadeMove IN item=2e48e3e1-90ee-4397-9fe7-0715dc36c416 t=1619 start=0 end=5000 fadeDur=1619 WROTE
08-30 17:14:03.761 D/FADEDBG (20709): fadeMove IN item=2e48e3e1-90ee-4397-9fe7-0715dc36c416 t=1619 start=0 end=5000 fadeDur=1619 WROTE
08-30 17:14:03.778 D/FADEDBG (20709): fadeMove IN item=2e48e3e1-90ee-4397-9fe7-0715dc36c416 t=1400 start=0 end=5000 fadeDur=1400 WROTE
08-30 17:14:03.795 D/FADEDBG (20709): fadeMove IN item=2e48e3e1-90ee-4397-9fe7-0715dc36c416 t=1266 start=0 end=5000 fadeDur=1266 WROTE
08-30 17:14:03.812 D/FADEDBG (20709): fadeMove IN item=2e48e3e1-90ee-4397-9fe7-0715dc36c416 t=1137 start=0 end=5000 fadeDur=1137 WROTE
08-30 17:14:03.828 D/FADEDBG (20709): fadeMove IN item=2e48e3e1-90ee-4397-9fe7-0715dc36c416 t=997 start=0 end=5000 fadeDur=997 WROTE
08-30 17:14:03.845 D/FADEDBG (20709): fadeMove IN item=2e48e3e1-90ee-4397-9fe7-0715dc36c416 t=879 start=0 end=5000 fadeDur=879 WROTE
08-30 17:14:03.862 D/FADEDBG (20709): fadeMove IN item=2e48e3e1-90ee-4397-9fe7-0715dc36c416 t=780 start=0 end=5000 fadeDur=780 WROTE
08-30 17:14:03.878 D/FADEDBG (20709): fadeMove IN item=2e48e3e1-90ee-4397-9fe7-0715dc36c416 t=688 start=0 end=5000 fadeDur=688 WROTE
08-30 17:14:03.895 D/FADEDBG (20709): fadeMove IN item=2e48e3e1-90ee-4397-9fe7-0715dc36c416 t=594 start=0 end=5000 fadeDur=594 WROTE
08-30 17:14:03.911 D/FADEDBG (20709): fadeMove IN item=2e48e3e1-90ee-4397-9fe7-0715dc36c416 t=506 start=0 end=5000 fadeDur=506 WROTE
08-30 17:14:03.928 D/FADEDBG (20709): fadeMove IN item=2e48e3e1-90ee-4397-9fe7-0715dc36c416 t=419 start=0 end=5000 fadeDur=419 WROTE
08-30 17:14:03.945 D/FADEDBG (20709): fadeMove IN item=2e48e3e1-90ee-4397-9fe7-0715dc36c416 t=330 start=0 end=5000 fadeDur=330 WROTE
08-30 17:14:03.962 D/FADEDBG (20709): fadeMove IN item=2e48e3e1-90ee-4397-9fe7-0715dc36c416 t=261 start=0 end=5000 fadeDur=261 WROTE
08-30 17:14:03.980 D/FADEDBG (20709): fadeMove IN item=2e48e3e1-90ee-4397-9fe7-0715dc36c416 t=214 start=0 end=5000 fadeDur=214 WROTE
08-30 17:14:03.996 D/FADEDBG (20709): fadeMove IN item=2e48e3e1-90ee-4397-9fe7-0715dc36c416 t=183 start=0 end=5000 fadeDur=183 WROTE
08-30 17:14:04.013 D/FADEDBG (20709): fadeMove IN item=2e48e3e1-90ee-4397-9fe7-0715dc36c416 t=158 start=0 end=5000 fadeDur=158 WROTE
08-30 17:14:04.028 D/FADEDBG (20709): fadeMove IN item=2e48e3e1-90ee-4397-9fe7-0715dc36c416 t=128 start=0 end=5000 fadeDur=128 WROTE
08-30 17:14:04.045 D/FADEDBG (20709): fadeMove IN item=2e48e3e1-90ee-4397-9fe7-0715dc36c416 t=103 start=0 end=5000 fadeDur=103 WROTE
08-30 17:14:04.062 D/FADEDBG (20709): fadeMove IN item=2e48e3e1-90ee-4397-9fe7-0715dc36c416 t=80 start=0 end=5000 fadeDur=80 WROTE
08-30 17:14:04.079 D/FADEDBG (20709): fadeMove IN item=2e48e3e1-90ee-4397-9fe7-0715dc36c416 t=62 start=0 end=5000 fadeDur=62 WROTE
08-30 17:14:04.096 D/FADEDBG (20709): fadeMove IN item=2e48e3e1-90ee-4397-9fe7-0715dc36c416 t=54 start=0 end=5000 fadeDur=54 WROTE
08-30 17:14:04.113 D/FADEDBG (20709): fadeMove IN item=2e48e3e1-90ee-4397-9fe7-0715dc36c416 t=57 start=0 end=5000 fadeDur=57 WROTE
08-30 17:14:04.130 D/FADEDBG (20709): fadeMove IN item=2e48e3e1-90ee-4397-9fe7-0715dc36c416 t=45 start=0 end=5000 fadeDur=45 WROTE
08-30 17:14:04.148 D/FADEDBG (20709): fadeMove IN item=2e48e3e1-90ee-4397-9fe7-0715dc36c416 t=48 start=0 end=5000 fadeDur=48 WROTE
08-30 17:14:04.162 D/FADEDBG (20709): fadeMove IN item=2e48e3e1-90ee-4397-9fe7-0715dc36c416 t=54 start=0 end=5000 fadeDur=54 WROTE
08-30 17:14:04.178 D/FADEDBG (20709): fadeMove IN item=2e48e3e1-90ee-4397-9fe7-0715dc36c416 t=79 start=0 end=5000 fadeDur=79 WROTE
08-30 17:14:04.196 D/FADEDBG (20709): fadeMove IN item=2e48e3e1-90ee-4397-9fe7-0715dc36c416 t=124 start=0 end=5000 fadeDur=124 WROTE
08-30 17:14:04.212 D/FADEDBG (20709): fadeMove IN item=2e48e3e1-90ee-4397-9fe7-0715dc36c416 t=179 start=0 end=5000 fadeDur=179 WROTE
08-30 17:14:04.229 D/FADEDBG (20709): fadeMove IN item=2e48e3e1-90ee-4397-9fe7-0715dc36c416 t=273 start=0 end=5000 fadeDur=273 WROTE
08-30 17:14:04.246 D/FADEDBG (20709): fadeMove IN item=2e48e3e1-90ee-4397-9fe7-0715dc36c416 t=376 start=0 end=5000 fadeDur=376 WROTE
08-30 17:14:04.263 D/FADEDBG (20709): fadeMove IN item=2e48e3e1-90ee-4397-9fe7-0715dc36c416 t=488 start=0 end=5000 fadeDur=488 WROTE
08-30 17:14:04.279 D/FADEDBG (20709): fadeMove IN item=2e48e3e1-90ee-4397-9fe7-0715dc36c416 t=593 start=0 end=5000 fadeDur=593 WROTE
08-30 17:14:04.295 D/FADEDBG (20709): fadeMove IN item=2e48e3e1-90ee-4397-9fe7-0715dc36c416 t=695 start=0 end=5000 fadeDur=695 WROTE
08-30 17:14:04.312 D/FADEDBG (20709): fadeMove IN item=2e48e3e1-90ee-4397-9fe7-0715dc36c416 t=799 start=0 end=5000 fadeDur=799 WROTE
08-30 17:14:04.329 D/FADEDBG (20709): fadeMove IN item=2e48e3e1-90ee-4397-9fe7-0715dc36c416 t=918 start=0 end=5000 fadeDur=918 WROTE
08-30 17:14:04.346 D/FADEDBG (20709): fadeMove IN item=2e48e3e1-90ee-4397-9fe7-0715dc36c416 t=1039 start=0 end=5000 fadeDur=1039 WROTE
08-30 17:14:04.362 D/FADEDBG (20709): fadeMove IN item=2e48e3e1-90ee-4397-9fe7-0715dc36c416 t=1151 start=0 end=5000 fadeDur=1151 WROTE
08-30 17:14:04.379 D/FADEDBG (20709): fadeMove IN item=2e48e3e1-90ee-4397-9fe7-0715dc36c416 t=1275 start=0 end=5000 fadeDur=1275 WROTE
08-30 17:14:04.395 D/FADEDBG (20709): fadeMove IN item=2e48e3e1-90ee-4397-9fe7-0715dc36c416 t=1394 start=0 end=5000 fadeDur=1394 WROTE
08-30 17:14:04.412 D/FADEDBG (20709): fadeMove IN item=2e48e3e1-90ee-4397-9fe7-0715dc36c416 t=1619 start=0 end=5000 fadeDur=1619 WROTE
08-30 17:14:04.430 D/FADEDBG (20709): fadeMove IN item=2e48e3e1-90ee-4397-9fe7-0715dc36c416 t=1619 start=0 end=5000 fadeDur=1619 WROTE
08-30 17:14:04.447 D/FADEDBG (20709): fadeMove IN item=2e48e3e1-90ee-4397-9fe7-0715dc36c416 t=1619 start=0 end=5000 fadeDur=1619 WROTE
08-30 17:14:04.463 D/FADEDBG (20709): fadeMove IN item=2e48e3e1-90ee-4397-9fe7-0715dc36c416 t=1619 start=0 end=5000 fadeDur=1619 WROTE
08-30 17:14:04.480 D/FADEDBG (20709): fadeMove IN item=2e48e3e1-90ee-4397-9fe7-0715dc36c416 t=1832 start=0 end=5000 fadeDur=1832 WROTE
08-30 17:14:04.496 D/FADEDBG (20709): fadeMove IN item=2e48e3e1-90ee-4397-9fe7-0715dc36c416 t=1887 start=0 end=5000 fadeDur=1887 WROTE
08-30 17:14:04.513 D/FADEDBG (20709): fadeMove IN item=2e48e3e1-90ee-4397-9fe7-0715dc36c416 t=1936 start=0 end=5000 fadeDur=1936 WROTE
08-30 17:14:04.529 D/FADEDBG (20709): fadeMove IN item=2e48e3e1-90ee-4397-9fe7-0715dc36c416 t=1976 start=0 end=5000 fadeDur=1976 WROTE
08-30 17:14:04.546 D/FADEDBG (20709): fadeMove IN item=2e48e3e1-90ee-4397-9fe7-0715dc36c416 t=2004 start=0 end=5000 fadeDur=2004 WROTE
08-30 17:14:04.563 D/FADEDBG (20709): fadeMove IN item=2e48e3e1-90ee-4397-9fe7-0715dc36c416 t=2027 start=0 end=5000 fadeDur=2027 WROTE
08-30 17:14:04.580 D/FADEDBG (20709): fadeMove IN item=2e48e3e1-90ee-4397-9fe7-0715dc36c416 t=2057 start=0 end=5000 fadeDur=2057 WROTE
08-30 17:14:04.597 D/FADEDBG (20709): fadeMove IN item=2e48e3e1-90ee-4397-9fe7-0715dc36c416 t=2057 start=0 end=5000 fadeDur=2057 WROTE
08-30 17:14:04.614 D/FADEDBG (20709): fadeMove IN item=2e48e3e1-90ee-4397-9fe7-0715dc36c416 t=2051 start=0 end=5000 fadeDur=2051 WROTE
08-30 17:14:04.630 D/FADEDBG (20709): fadeMove IN item=2e48e3e1-90ee-4397-9fe7-0715dc36c416 t=2054 start=0 end=5000 fadeDur=2054 WROTE
08-30 17:14:04.646 D/FADEDBG (20709): fadeMove IN item=2e48e3e1-90ee-4397-9fe7-0715dc36c416 t=2031 start=0 end=5000 fadeDur=2031 WROTE
08-30 17:14:04.662 D/FADEDBG (20709): fadeMove IN item=2e48e3e1-90ee-4397-9fe7-0715dc36c416 t=2022 start=0 end=5000 fadeDur=2022 WROTE
08-30 17:14:04.679 D/FADEDBG (20709): fadeMove IN item=2e48e3e1-90ee-4397-9fe7-0715dc36c416 t=2020 start=0 end=5000 fadeDur=2020 WROTE
08-30 17:14:04.696 D/FADEDBG (20709): fadeMove IN item=2e48e3e1-90ee-4397-9fe7-0715dc36c416 t=2029 start=0 end=5000 fadeDur=2029 WROTE
08-30 17:14:04.713 D/FADEDBG (20709): fadeMove IN item=2e48e3e1-90ee-4397-9fe7-0715dc36c416 t=2024 start=0 end=5000 fadeDur=2024 WROTE
08-30 17:14:04.730 D/FADEDBG (20709): fadeMove IN item=2e48e3e1-90ee-4397-9fe7-0715dc36c416 t=2039 start=0 end=5000 fadeDur=2039 WROTE
08-30 17:14:04.746 D/FADEDBG (20709): fadeMove IN item=2e48e3e1-90ee-4397-9fe7-0715dc36c416 t=2041 start=0 end=5000 fadeDur=2041 WROTE
08-30 17:14:04.764 D/FADEDBG (20709): fadeMove IN item=2e48e3e1-90ee-4397-9fe7-0715dc36c416 t=2050 start=0 end=5000 fadeDur=2050 WROTE
08-30 17:14:04.781 D/FADEDBG (20709): fadeMove IN item=2e48e3e1-90ee-4397-9fe7-0715dc36c416 t=2077 start=0 end=5000 fadeDur=2077 WROTE
08-30 17:14:04.796 D/FADEDBG (20709): fadeMove IN item=2e48e3e1-90ee-4397-9fe7-0715dc36c416 t=2110 start=0 end=5000 fadeDur=2110 WROTE
08-30 17:14:04.813 D/FADEDBG (20709): fadeMove IN item=2e48e3e1-90ee-4397-9fe7-0715dc36c416 t=2160 start=0 end=5000 fadeDur=2160 WROTE
08-30 17:14:04.829 D/FADEDBG (20709): fadeMove IN item=2e48e3e1-90ee-4397-9fe7-0715dc36c416 t=2235 start=0 end=5000 fadeDur=2235 WROTE
08-30 17:14:04.846 D/FADEDBG (20709): fadeMove IN item=2e48e3e1-90ee-4397-9fe7-0715dc36c416 t=2319 start=0 end=5000 fadeDur=2319 WROTE
08-30 17:14:04.863 D/FADEDBG (20709): fadeMove IN item=2e48e3e1-90ee-4397-9fe7-0715dc36c416 t=2412 start=0 end=5000 fadeDur=2412 WROTE
08-30 17:14:04.880 D/FADEDBG (20709): fadeMove IN item=2e48e3e1-90ee-4397-9fe7-0715dc36c416 t=2513 start=0 end=5000 fadeDur=2500 WROTE
08-30 17:14:04.897 D/FADEDBG (20709): fadeMove IN item=2e48e3e1-90ee-4397-9fe7-0715dc36c416 t=2627 start=0 end=5000 fadeDur=2500 WROTE
08-30 17:14:04.913 D/FADEDBG (20709): fadeMove IN item=2e48e3e1-90ee-4397-9fe7-0715dc36c416 t=2712 start=0 end=5000 fadeDur=2500 WROTE
08-30 17:14:04.930 D/FADEDBG (20709): fadeMove IN item=2e48e3e1-90ee-4397-9fe7-0715dc36c416 t=2774 start=0 end=5000 fadeDur=2500 WROTE
08-30 17:14:04.946 D/FADEDBG (20709): fadeMove IN item=2e48e3e1-90ee-4397-9fe7-0715dc36c416 t=2815 start=0 end=5000 fadeDur=2500 WROTE
08-30 17:14:04.964 D/FADEDBG (20709): fadeMove IN item=2e48e3e1-90ee-4397-9fe7-0715dc36c416 t=2844 start=0 end=5000 fadeDur=2500 WROTE
08-30 17:14:04.980 D/FADEDBG (20709): fadeMove IN item=2e48e3e1-90ee-4397-9fe7-0715dc36c416 t=2856 start=0 end=5000 fadeDur=2500 WROTE
08-30 17:14:04.997 D/FADEDBG (20709): fadeMove IN item=2e48e3e1-90ee-4397-9fe7-0715dc36c416 t=2864 start=0 end=5000 fadeDur=2500 WROTE
08-30 17:14:05.014 D/FADEDBG (20709): fadeMove IN item=2e48e3e1-90ee-4397-9fe7-0715dc36c416 t=2871 start=0 end=5000 fadeDur=2500 WROTE
08-30 17:14:05.030 D/FADEDBG (20709): fadeMove IN item=2e48e3e1-90ee-4397-9fe7-0715dc36c416 t=2871 start=0 end=5000 fadeDur=2500 WROTE
08-30 17:14:05.047 D/FADEDBG (20709): fadeMove IN item=2e48e3e1-90ee-4397-9fe7-0715dc36c416 t=2867 start=0 end=5000 fadeDur=2500 WROTE
08-30 17:14:05.063 D/FADEDBG (20709): fadeMove IN item=2e48e3e1-90ee-4397-9fe7-0715dc36c416 t=2862 start=0 end=5000 fadeDur=2500 WROTE
08-30 17:14:05.081 D/FADEDBG (20709): fadeMove IN item=2e48e3e1-90ee-4397-9fe7-0715dc36c416 t=2868 start=0 end=5000 fadeDur=2500 WROTE
08-30 17:14:05.099 D/FADEDBG (20709): fadeMove IN item=2e48e3e1-90ee-4397-9fe7-0715dc36c416 t=2872 start=0 end=5000 fadeDur=2500 WROTE
08-30 17:14:05.114 D/FADEDBG (20709): fadeMove IN item=2e48e3e1-90ee-4397-9fe7-0715dc36c416 t=2875 start=0 end=5000 fadeDur=2500 WROTE
08-30 17:14:05.130 D/FADEDBG (20709): fadeMove IN item=2e48e3e1-90ee-4397-9fe7-0715dc36c416 t=2876 start=0 end=5000 fadeDur=2500 WROTE
08-30 17:14:05.147 D/FADEDBG (20709): fadeMove IN item=2e48e3e1-90ee-4397-9fe7-0715dc36c416 t=2880 start=0 end=5000 fadeDur=2500 WROTE
08-30 17:14:05.180 D/FADEDBG (20709): fadeMove IN item=2e48e3e1-90ee-4397-9fe7-0715dc36c416 t=2871 start=0 end=5000 fadeDur=2500 WROTE
08-30 17:14:05.188 D/FADEDBG (20709): fadeMove IN item=2e48e3e1-90ee-4397-9fe7-0715dc36c416 t=2870 start=0 end=5000 fadeDur=2500 WROTE
08-30 17:14:09.541 D/E2FADE  (20709): onRowBodyDown WON BODY item=2e48e3e1-90ee-4397-9fe7-0715dc36c416 x=299.58594 y=345.7627
08-30 17:14:10.749 D/E2FADE  (20709): onRowBodyDown WON BODY item=2e48e3e1-90ee-4397-9fe7-0715dc36c416 x=360.88965 y=343.05273
08-30 17:14:12.996 D/E2FADE  (20709): onRowBodyDown WON BODY item=2e48e3e1-90ee-4397-9fe7-0715dc36c416 x=342.80664 y=322.45703
08-30 17:14:13.635 D/E2FADE  (20709): onRowBodyDown WON BODY item=2e48e3e1-90ee-4397-9fe7-0715dc36c416 x=352.29883 y=346.84668
08-30 17:14:40.684 D/E2FADE  (20709): onRowBodyDown WON BODY item=e870fe1f-4f68-4037-ab19-65f36df90c3c x=508.70044 y=425.97754
08-30 17:30:08.822 D/E2FADE  ( 9521): onRowBodyDown WON BODY item=2e48e3e1-90ee-4397-9fe7-0715dc36c416 x=556.6914 y=318.1211
08-30 17:30:14.633 D/E2FADE  ( 9521): onRowBodyDown WON BODY item=e870fe1f-4f68-4037-ab19-65f36df90c3c x=711.0312 y=399.9619
08-30 17:33:31.416 D/E2FADE  (10930): onRowBodyDown WON BODY item=e870fe1f-4f68-4037-ab19-65f36df90c3c x=405.35156 y=409.71777
08-30 17:33:57.602 D/E2FADE  (10930): onRowBodyDown WON BODY item=3dfa9d32-de9b-4a67-abe3-0fced71e71ad x=194.21765 y=204.30273
08-30 17:33:58.218 D/FADEDBG (10930): knob@DOWN item=3dfa9d32-de9b-4a67-abe3-0fced71e71ad x=194 y=134 knobIn=(198,29) d=9 knobOut=(1801,29) d=1606 r=47
08-30 17:33:58.218 D/E2FADE  (10930): onRowBodyDown WON FADE_IN item=3dfa9d32-de9b-4a67-abe3-0fced71e71ad x=194.48132 y=134.92773
08-30 17:33:58.298 D/FADEDBG (10930): fadeMove IN item=3dfa9d32-de9b-4a67-abe3-0fced71e71ad t=1499 start=0 end=17896 fadeDur=1499 WROTE
08-30 17:33:58.314 D/FADEDBG (10930): fadeMove IN item=3dfa9d32-de9b-4a67-abe3-0fced71e71ad t=1301 start=0 end=17896 fadeDur=1301 WROTE
08-30 17:33:58.331 D/FADEDBG (10930): fadeMove IN item=3dfa9d32-de9b-4a67-abe3-0fced71e71ad t=758 start=0 end=17896 fadeDur=758 WROTE
08-30 17:33:58.347 D/FADEDBG (10930): fadeMove IN item=3dfa9d32-de9b-4a67-abe3-0fced71e71ad t=342 start=0 end=17896 fadeDur=342 WROTE
08-30 17:33:58.364 D/FADEDBG (10930): fadeMove IN item=3dfa9d32-de9b-4a67-abe3-0fced71e71ad t=0 start=0 end=17896 fadeDur=0 ->0(<40ms)
08-30 17:33:58.381 D/FADEDBG (10930): fadeMove IN item=3dfa9d32-de9b-4a67-abe3-0fced71e71ad t=0 start=0 end=17896 fadeDur=0 ->0(<40ms)
08-30 17:33:58.397 D/FADEDBG (10930): fadeMove IN item=3dfa9d32-de9b-4a67-abe3-0fced71e71ad t=0 start=0 end=17896 fadeDur=0 ->0(<40ms)
08-30 17:33:58.414 D/FADEDBG (10930): fadeMove IN item=3dfa9d32-de9b-4a67-abe3-0fced71e71ad t=0 start=0 end=17896 fadeDur=0 ->0(<40ms)
08-30 17:33:58.431 D/FADEDBG (10930): fadeMove IN item=3dfa9d32-de9b-4a67-abe3-0fced71e71ad t=0 start=0 end=17896 fadeDur=0 ->0(<40ms)
08-30 17:33:58.448 D/FADEDBG (10930): fadeMove IN item=3dfa9d32-de9b-4a67-abe3-0fced71e71ad t=0 start=0 end=17896 fadeDur=0 ->0(<40ms)
08-30 17:33:58.464 D/FADEDBG (10930): fadeMove IN item=3dfa9d32-de9b-4a67-abe3-0fced71e71ad t=0 start=0 end=17896 fadeDur=0 ->0(<40ms)
08-30 17:33:58.481 D/FADEDBG (10930): fadeMove IN item=3dfa9d32-de9b-4a67-abe3-0fced71e71ad t=0 start=0 end=17896 fadeDur=0 ->0(<40ms)
08-30 17:33:58.497 D/FADEDBG (10930): fadeMove IN item=3dfa9d32-de9b-4a67-abe3-0fced71e71ad t=0 start=0 end=17896 fadeDur=0 ->0(<40ms)
08-30 17:33:58.503 D/FADEDBG (10930): fadeMove IN item=3dfa9d32-de9b-4a67-abe3-0fced71e71ad t=0 start=0 end=17896 fadeDur=0 ->0(<40ms)
08-30 17:34:19.315 D/E2FADE  (10930): onRowBodyDown WON BODY item=e870fe1f-4f68-4037-ab19-65f36df90c3c x=527.4004 y=402.67188
08-30 17:34:27.265 D/FADEDBG (10930): knob@DOWN item=e870fe1f-4f68-4037-ab19-65f36df90c3c x=549 y=345 knobIn=(414,248) d=135 knobOut=(566,248) d=16 r=47
08-30 17:34:27.266 D/E2FADE  (10930): onRowBodyDown WON FADE_OUT item=e870fe1f-4f68-4037-ab19-65f36df90c3c x=549.8125 y=345.7627
08-30 17:34:27.378 D/FADEDBG (10930): fadeMove OUT item=e870fe1f-4f68-4037-ab19-65f36df90c3c t=5247 start=0 end=7616 fadeDur=2369 WROTE
08-30 17:34:27.395 D/FADEDBG (10930): fadeMove OUT item=e870fe1f-4f68-4037-ab19-65f36df90c3c t=5394 start=0 end=7616 fadeDur=2222 WROTE
08-30 17:34:27.414 D/FADEDBG (10930): fadeMove OUT item=e870fe1f-4f68-4037-ab19-65f36df90c3c t=5529 start=0 end=7616 fadeDur=2087 WROTE
08-30 17:34:27.429 D/FADEDBG (10930): fadeMove OUT item=e870fe1f-4f68-4037-ab19-65f36df90c3c t=5655 start=0 end=7616 fadeDur=1961 WROTE
08-30 17:34:27.445 D/FADEDBG (10930): fadeMove OUT item=e870fe1f-4f68-4037-ab19-65f36df90c3c t=5785 start=0 end=7616 fadeDur=1831 WROTE
08-30 17:34:27.461 D/FADEDBG (10930): fadeMove OUT item=e870fe1f-4f68-4037-ab19-65f36df90c3c t=5919 start=0 end=7616 fadeDur=1697 WROTE
08-30 17:34:27.478 D/FADEDBG (10930): fadeMove OUT item=e870fe1f-4f68-4037-ab19-65f36df90c3c t=6076 start=0 end=7616 fadeDur=1540 WROTE
08-30 17:34:27.495 D/FADEDBG (10930): fadeMove OUT item=e870fe1f-4f68-4037-ab19-65f36df90c3c t=6241 start=0 end=7616 fadeDur=1375 WROTE
08-30 17:34:27.511 D/FADEDBG (10930): fadeMove OUT item=e870fe1f-4f68-4037-ab19-65f36df90c3c t=6418 start=0 end=7616 fadeDur=1198 WROTE
08-30 17:34:27.528 D/FADEDBG (10930): fadeMove OUT item=e870fe1f-4f68-4037-ab19-65f36df90c3c t=6597 start=0 end=7616 fadeDur=1019 WROTE
08-30 17:34:27.545 D/FADEDBG (10930): fadeMove OUT item=e870fe1f-4f68-4037-ab19-65f36df90c3c t=6785 start=0 end=7616 fadeDur=831 WROTE
08-30 17:34:27.561 D/FADEDBG (10930): fadeMove OUT item=e870fe1f-4f68-4037-ab19-65f36df90c3c t=6955 start=0 end=7616 fadeDur=661 WROTE
08-30 17:34:27.578 D/FADEDBG (10930): fadeMove OUT item=e870fe1f-4f68-4037-ab19-65f36df90c3c t=7108 start=0 end=7616 fadeDur=508 WROTE
08-30 17:34:27.596 D/FADEDBG (10930): fadeMove OUT item=e870fe1f-4f68-4037-ab19-65f36df90c3c t=7296 start=0 end=7616 fadeDur=320 WROTE
08-30 17:34:27.611 D/FADEDBG (10930): fadeMove OUT item=e870fe1f-4f68-4037-ab19-65f36df90c3c t=7296 start=0 end=7616 fadeDur=320 WROTE
08-30 17:34:27.628 D/FADEDBG (10930): fadeMove OUT item=e870fe1f-4f68-4037-ab19-65f36df90c3c t=7503 start=0 end=7616 fadeDur=113 WROTE
08-30 17:34:27.645 D/FADEDBG (10930): fadeMove OUT item=e870fe1f-4f68-4037-ab19-65f36df90c3c t=7616 start=0 end=7616 fadeDur=0 ->0(<40ms)
08-30 17:34:27.661 D/FADEDBG (10930): fadeMove OUT item=e870fe1f-4f68-4037-ab19-65f36df90c3c t=7700 start=0 end=7616 fadeDur=0 ->0(<40ms)
08-30 17:34:27.678 D/FADEDBG (10930): fadeMove OUT item=e870fe1f-4f68-4037-ab19-65f36df90c3c t=7786 start=0 end=7616 fadeDur=0 ->0(<40ms)
08-30 17:34:27.695 D/FADEDBG (10930): fadeMove OUT item=e870fe1f-4f68-4037-ab19-65f36df90c3c t=7862 start=0 end=7616 fadeDur=0 ->0(<40ms)
08-30 17:34:27.712 D/FADEDBG (10930): fadeMove OUT item=e870fe1f-4f68-4037-ab19-65f36df90c3c t=7922 start=0 end=7616 fadeDur=0 ->0(<40ms)
08-30 17:34:27.728 D/FADEDBG (10930): fadeMove OUT item=e870fe1f-4f68-4037-ab19-65f36df90c3c t=7971 start=0 end=7616 fadeDur=0 ->0(<40ms)
08-30 17:34:27.745 D/FADEDBG (10930): fadeMove OUT item=e870fe1f-4f68-4037-ab19-65f36df90c3c t=8007 start=0 end=7616 fadeDur=0 ->0(<40ms)
08-30 17:34:27.762 D/FADEDBG (10930): fadeMove OUT item=e870fe1f-4f68-4037-ab19-65f36df90c3c t=8028 start=0 end=7616 fadeDur=0 ->0(<40ms)
08-30 17:34:27.778 D/FADEDBG (10930): fadeMove OUT item=e870fe1f-4f68-4037-ab19-65f36df90c3c t=8043 start=0 end=7616 fadeDur=0 ->0(<40ms)
08-30 17:34:27.796 D/FADEDBG (10930): fadeMove OUT item=e870fe1f-4f68-4037-ab19-65f36df90c3c t=8048 start=0 end=7616 fadeDur=0 ->0(<40ms)
08-30 17:34:27.811 D/FADEDBG (10930): fadeMove OUT item=e870fe1f-4f68-4037-ab19-65f36df90c3c t=8052 start=0 end=7616 fadeDur=0 ->0(<40ms)
08-30 17:34:27.829 D/FADEDBG (10930): fadeMove OUT item=e870fe1f-4f68-4037-ab19-65f36df90c3c t=8054 start=0 end=7616 fadeDur=0 ->0(<40ms)
08-30 17:34:27.912 D/FADEDBG (10930): fadeMove OUT item=e870fe1f-4f68-4037-ab19-65f36df90c3c t=8061 start=0 end=7616 fadeDur=0 ->0(<40ms)
08-30 17:34:27.929 D/FADEDBG (10930): fadeMove OUT item=e870fe1f-4f68-4037-ab19-65f36df90c3c t=8071 start=0 end=7616 fadeDur=0 ->0(<40ms)
08-30 17:34:27.945 D/FADEDBG (10930): fadeMove OUT item=e870fe1f-4f68-4037-ab19-65f36df90c3c t=8196 start=0 end=7616 fadeDur=0 ->0(<40ms)
08-30 17:34:27.960 D/FADEDBG (10930): fadeMove OUT item=e870fe1f-4f68-4037-ab19-65f36df90c3c t=8265 start=0 end=7616 fadeDur=0 ->0(<40ms)
08-30 17:40:44.076 D/E2FADE  (13516): onRowBodyDown WON BODY item=e870fe1f-4f68-4037-ab19-65f36df90c3c x=4770.1055 y=415.37402
08-30 17:41:03.802 D/E2FADE  (13516): onRowBodyDown WON BODY item=561e3d05-7e1f-44c5-aef3-d7a4eb2c6db2 x=5121.791 y=690.16406
08-30 17:41:17.444 D/E2FADE  (13516): onRowBodyDown WON BODY item=561e3d05-7e1f-44c5-aef3-d7a4eb2c6db2 x=4989.6426 y=717.80566
08-30 17:41:34.177 D/E2FADE  (13516): onRowBodyDown WON BODY item=561e3d05-7e1f-44c5-aef3-d7a4eb2c6db2 x=5001.244 y=722.1416
08-30 17:48:06.697 D/E2FADE  (13516): onRowBodyDown WON BODY item=40ebf58b-3c05-4388-bcbd-7cb80cfe4d2d x=4321.655 y=507.3955
08-30 17:48:09.866 D/E2FADE  (13516): onRowBodyDown WON BODY item=5b69c076-ccce-4457-a0b4-d2f6e40d1d8d x=3716.1997 y=790.8574
08-30 17:48:15.165 D/FADEDBG (13516): knob@DOWN item=5b69c076-ccce-4457-a0b4-d2f6e40d1d8d x=4791 y=725 knobIn=(39,-19) d=4752 knobOut=(4796,-19) d=63 r=47
08-30 17:48:15.166 D/E2FADE  (13516): onRowBodyDown WON RIGHT_HANDLE item=5b69c076-ccce-4457-a0b4-d2f6e40d1d8d x=4791.6104 y=725.1631
08-30 17:48:15.584 D/E2FADE  (13516): onRowBodyDown WON BODY item=5b69c076-ccce-4457-a0b4-d2f6e40d1d8d x=4538.2217 y=814.5918
08-30 18:00:45.195 D/E2FADE  (31510): onRowBodyDown WON BODY item=b5536080-a39a-4adc-9358-36e9bb000668 x=5014.1934 y=843.7822
